  KRX 남은 것 247일
Exception in thread Thread-1 (_readerthread):
Traceback (most recent call last):
  File "C:\Users\mrblue\AppData\Local\Programs\Python\Python313\Lib\threading.py", line 1044, in _bootstrap_inner
    self.run()
    ~~~~~~~~^^
  File "C:\Users\mrblue\AppData\Local\Programs\Python\Python313\Lib\threading.py", line 995, in run
    self._target(*self._args, **self._kwargs)
    ~~~~~~~~~~~~^^^^^^^^^^^^^^^^^^^^^^^^^^^^^
  File "C:\Users\mrblue\AppData\Local\Programs\Python\Python313\Lib\subprocess.py", line 1615, in _readerthread
    buffer.append(fh.read())
                  ~~~~~~~^^
UnicodeDecodeError: 'cp949' codec can't decode byte 0xec in position 15: illegal multibyte sequence
Exception in thread Thread-3 (_readerthread):
Traceback (most recent call last):
  File "C:\Users\mrblue\AppData\Local\Programs\Python\Python313\Lib\threading.py", line 1044, in _bootstrap_inner
    self.run()
    ~~~~~~~~^^
  File "C:\Users\mrblue\AppData\Local\Programs\Python\Python313\Lib\threading.py", line 995, in run
    self._target(*self._args, **self._kwargs)
    ~~~~~~~~~~~~^^^^^^^^^^^^^^^^^^^^^^^^^^^^^
  File "C:\Users\mrblue\AppData\Local\Programs\Python\Python313\Lib\subprocess.py", line 1615, in _readerthread
    buffer.append(fh.read())
                  ~~~~~~~^^
UnicodeDecodeError: 'cp949' codec can't decode byte 0xa4 in position 18: illegal multibyte sequence
Exception in thread Thread-5 (_readerthread):
Traceback (most recent call last):
  File "C:\Users\mrblue\AppData\Local\Programs\Python\Python313\Lib\threading.py", line 1044, in _bootstrap_inner
    self.run()
    ~~~~~~~~^^
  File "C:\Users\mrblue\AppData\Local\Programs\Python\Python313\Lib\threading.py", line 995, in run
    self._target(*self._args, **self._kwargs)
    ~~~~~~~~~~~~^^^^^^^^^^^^^^^^^^^^^^^^^^^^^
  File "C:\Users\mrblue\AppData\Local\Programs\Python\Python313\Lib\subprocess.py", line 1615, in _readerthread
    buffer.append(fh.read())
                  ~~~~~~~^^
UnicodeDecodeError: 'cp949' codec can't decode byte 0xa4 in position 18: illegal multibyte sequence
Exception in thread Thread-7 (_readerthread):
Traceback (most recent call last):
  File "C:\Users\mrblue\AppData\Local\Programs\Python\Python313\Lib\threading.py", line 1044, in _bootstrap_inner
    self.run()
    ~~~~~~~~^^
  File "C:\Users\mrblue\AppData\Local\Programs\Python\Python313\Lib\threading.py", line 995, in run
    self._target(*self._args, **self._kwargs)
    ~~~~~~~~~~~~^^^^^^^^^^^^^^^^^^^^^^^^^^^^^
  File "C:\Users\mrblue\AppData\Local\Programs\Python\Python313\Lib\subprocess.py", line 1615, in _readerthread
    buffer.append(fh.read())
                  ~~~~~~~^^
UnicodeDecodeError: 'cp949' codec can't decode byte 0xa4 in position 18: illegal multibyte sequence
Exception in thread Thread-9 (_readerthread):
Traceback (most recent call last):
  File "C:\Users\mrblue\AppData\Local\Programs\Python\Python313\Lib\threading.py", line 1044, in _bootstrap_inner
    self.run()
    ~~~~~~~~^^
  File "C:\Users\mrblue\AppData\Local\Programs\Python\Python313\Lib\threading.py", line 995, in run
    self._target(*self._args, **self._kwargs)
    ~~~~~~~~~~~~^^^^^^^^^^^^^^^^^^^^^^^^^^^^^
  File "C:\Users\mrblue\AppData\Local\Programs\Python\Python313\Lib\subprocess.py", line 1615, in _readerthread
    buffer.append(fh.read())
                  ~~~~~~~^^
UnicodeDecodeError: 'cp949' codec can't decode byte 0xa4 in position 18: illegal multibyte sequence
Exception in thread Thread-11 (_readerthread):
Traceback (most recent call last):
  File "C:\Users\mrblue\AppData\Local\Programs\Python\Python313\Lib\threading.py", line 1044, in _bootstrap_inner
    self.run()
    ~~~~~~~~^^
  File "C:\Users\mrblue\AppData\Local\Programs\Python\Python313\Lib\threading.py", line 995, in run
    self._target(*self._args, **self._kwargs)
    ~~~~~~~~~~~~^^^^^^^^^^^^^^^^^^^^^^^^^^^^^
  File "C:\Users\mrblue\AppData\Local\Programs\Python\Python313\Lib\subprocess.py", line 1615, in _readerthread
    buffer.append(fh.read())
                  ~~~~~~~^^
UnicodeDecodeError: 'cp949' codec can't decode byte 0xa4 in position 18: illegal multibyte sequence
Exception in thread Thread-13 (_readerthread):
Traceback (most recent call last):
  File "C:\Users\mrblue\AppData\Local\Programs\Python\Python313\Lib\threading.py", line 1044, in _bootstrap_inner
    self.run()
    ~~~~~~~~^^
  File "C:\Users\mrblue\AppData\Local\Programs\Python\Python313\Lib\threading.py", line 995, in run
    self._target(*self._args, **self._kwargs)
    ~~~~~~~~~~~~^^^^^^^^^^^^^^^^^^^^^^^^^^^^^
  File "C:\Users\mrblue\AppData\Local\Programs\Python\Python313\Lib\subprocess.py", line 1615, in _readerthread
    buffer.append(fh.read())
                  ~~~~~~~^^
UnicodeDecodeError: 'cp949' codec can't decode byte 0xa4 in position 18: illegal multibyte sequence
Exception in thread Thread-15 (_readerthread):
Traceback (most recent call last):
  File "C:\Users\mrblue\AppData\Local\Programs\Python\Python313\Lib\threading.py", line 1044, in _bootstrap_inner
    self.run()
    ~~~~~~~~^^
  File "C:\Users\mrblue\AppData\Local\Programs\Python\Python313\Lib\threading.py", line 995, in run
    self._target(*self._args, **self._kwargs)
    ~~~~~~~~~~~~^^^^^^^^^^^^^^^^^^^^^^^^^^^^^
  File "C:\Users\mrblue\AppData\Local\Programs\Python\Python313\Lib\subprocess.py", line 1615, in _readerthread
    buffer.append(fh.read())
                  ~~~~~~~^^
UnicodeDecodeError: 'cp949' codec can't decode byte 0xa4 in position 18: illegal multibyte sequence
Exception in thread Thread-17 (_readerthread):
Traceback (most recent call last):
  File "C:\Users\mrblue\AppData\Local\Programs\Python\Python313\Lib\threading.py", line 1044, in _bootstrap_inner
    self.run()
    ~~~~~~~~^^
  File "C:\Users\mrblue\AppData\Local\Programs\Python\Python313\Lib\threading.py", line 995, in run
    self._target(*self._args, **self._kwargs)
    ~~~~~~~~~~~~^^^^^^^^^^^^^^^^^^^^^^^^^^^^^
  File "C:\Users\mrblue\AppData\Local\Programs\Python\Python313\Lib\subprocess.py", line 1615, in _readerthread
    buffer.append(fh.read())
                  ~~~~~~~^^
UnicodeDecodeError: 'cp949' codec can't decode byte 0xa4 in position 18: illegal multibyte sequence
Exception in thread Thread-19 (_readerthread):
Traceback (most recent call last):
  File "C:\Users\mrblue\AppData\Local\Programs\Python\Python313\Lib\threading.py", line 1044, in _bootstrap_inner
    self.run()
    ~~~~~~~~^^
  File "C:\Users\mrblue\AppData\Local\Programs\Python\Python313\Lib\threading.py", line 995, in run
    self._target(*self._args, **self._kwargs)
    ~~~~~~~~~~~~^^^^^^^^^^^^^^^^^^^^^^^^^^^^^
  File "C:\Users\mrblue\AppData\Local\Programs\Python\Python313\Lib\subprocess.py", line 1615, in _readerthread
    buffer.append(fh.read())
                  ~~~~~~~^^
UnicodeDecodeError: 'cp949' codec can't decode byte 0xa4 in position 18: illegal multibyte sequence
Exception in thread Thread-21 (_readerthread):
Traceback (most recent call last):
  File "C:\Users\mrblue\AppData\Local\Programs\Python\Python313\Lib\threading.py", line 1044, in _bootstrap_inner
    self.run()
    ~~~~~~~~^^
  File "C:\Users\mrblue\AppData\Local\Programs\Python\Python313\Lib\threading.py", line 995, in run
    self._target(*self._args, **self._kwargs)
    ~~~~~~~~~~~~^^^^^^^^^^^^^^^^^^^^^^^^^^^^^
  File "C:\Users\mrblue\AppData\Local\Programs\Python\Python313\Lib\subprocess.py", line 1615, in _readerthread
    buffer.append(fh.read())
                  ~~~~~~~^^
UnicodeDecodeError: 'cp949' codec can't decode byte 0xa4 in position 18: illegal multibyte sequence
Exception in thread Thread-23 (_readerthread):
Traceback (most recent call last):
  File "C:\Users\mrblue\AppData\Local\Programs\Python\Python313\Lib\threading.py", line 1044, in _bootstrap_inner
    self.run()
    ~~~~~~~~^^
  File "C:\Users\mrblue\AppData\Local\Programs\Python\Python313\Lib\threading.py", line 995, in run
    self._target(*self._args, **self._kwargs)
    ~~~~~~~~~~~~^^^^^^^^^^^^^^^^^^^^^^^^^^^^^
  File "C:\Users\mrblue\AppData\Local\Programs\Python\Python313\Lib\subprocess.py", line 1615, in _readerthread
    buffer.append(fh.read())
                  ~~~~~~~^^
UnicodeDecodeError: 'cp949' codec can't decode byte 0xa4 in position 18: illegal multibyte sequence
Exception in thread Thread-25 (_readerthread):
Traceback (most recent call last):
  File "C:\Users\mrblue\AppData\Local\Programs\Python\Python313\Lib\threading.py", line 1044, in _bootstrap_inner
    self.run()
    ~~~~~~~~^^
  File "C:\Users\mrblue\AppData\Local\Programs\Python\Python313\Lib\threading.py", line 995, in run
    self._target(*self._args, **self._kwargs)
    ~~~~~~~~~~~~^^^^^^^^^^^^^^^^^^^^^^^^^^^^^
  File "C:\Users\mrblue\AppData\Local\Programs\Python\Python313\Lib\subprocess.py", line 1615, in _readerthread
    buffer.append(fh.read())
                  ~~~~~~~^^
UnicodeDecodeError: 'cp949' codec can't decode byte 0xa4 in position 18: illegal multibyte sequence
Exception in thread Thread-27 (_readerthread):
Traceback (most recent call last):
  File "C:\Users\mrblue\AppData\Local\Programs\Python\Python313\Lib\threading.py", line 1044, in _bootstrap_inner
    self.run()
    ~~~~~~~~^^
  File "C:\Users\mrblue\AppData\Local\Programs\Python\Python313\Lib\threading.py", line 995, in run
    self._target(*self._args, **self._kwargs)
    ~~~~~~~~~~~~^^^^^^^^^^^^^^^^^^^^^^^^^^^^^
  File "C:\Users\mrblue\AppData\Local\Programs\Python\Python313\Lib\subprocess.py", line 1615, in _readerthread
    buffer.append(fh.read())
                  ~~~~~~~^^
UnicodeDecodeError: 'cp949' codec can't decode byte 0xa4 in position 18: illegal multibyte sequence
Exception in thread Thread-29 (_readerthread):
Traceback (most recent call last):
  File "C:\Users\mrblue\AppData\Local\Programs\Python\Python313\Lib\threading.py", line 1044, in _bootstrap_inner
    self.run()
    ~~~~~~~~^^
  File "C:\Users\mrblue\AppData\Local\Programs\Python\Python313\Lib\threading.py", line 995, in run
    self._target(*self._args, **self._kwargs)
    ~~~~~~~~~~~~^^^^^^^^^^^^^^^^^^^^^^^^^^^^^
  File "C:\Users\mrblue\AppData\Local\Programs\Python\Python313\Lib\subprocess.py", line 1615, in _readerthread
    buffer.append(fh.read())
                  ~~~~~~~^^
UnicodeDecodeError: 'cp949' codec can't decode byte 0xa4 in position 18: illegal multibyte sequence
Exception in thread Thread-31 (_readerthread):
Traceback (most recent call last):
  File "C:\Users\mrblue\AppData\Local\Programs\Python\Python313\Lib\threading.py", line 1044, in _bootstrap_inner
    self.run()
    ~~~~~~~~^^
  File "C:\Users\mrblue\AppData\Local\Programs\Python\Python313\Lib\threading.py", line 995, in run
    self._target(*self._args, **self._kwargs)
    ~~~~~~~~~~~~^^^^^^^^^^^^^^^^^^^^^^^^^^^^^
  File "C:\Users\mrblue\AppData\Local\Programs\Python\Python313\Lib\subprocess.py", line 1615, in _readerthread
    buffer.append(fh.read())
                  ~~~~~~~^^
UnicodeDecodeError: 'cp949' codec can't decode byte 0xa4 in position 18: illegal multibyte sequence
Exception in thread Thread-33 (_readerthread):
Traceback (most recent call last):
  File "C:\Users\mrblue\AppData\Local\Programs\Python\Python313\Lib\threading.py", line 1044, in _bootstrap_inner
    self.run()
    ~~~~~~~~^^
  File "C:\Users\mrblue\AppData\Local\Programs\Python\Python313\Lib\threading.py", line 995, in run
    self._target(*self._args, **self._kwargs)
    ~~~~~~~~~~~~^^^^^^^^^^^^^^^^^^^^^^^^^^^^^
  File "C:\Users\mrblue\AppData\Local\Programs\Python\Python313\Lib\subprocess.py", line 1615, in _readerthread
    buffer.append(fh.read())
                  ~~~~~~~^^
UnicodeDecodeError: 'cp949' codec can't decode byte 0xa4 in position 18: illegal multibyte sequence
Exception in thread Thread-35 (_readerthread):
Traceback (most recent call last):
  File "C:\Users\mrblue\AppData\Local\Programs\Python\Python313\Lib\threading.py", line 1044, in _bootstrap_inner
    self.run()
    ~~~~~~~~^^
  File "C:\Users\mrblue\AppData\Local\Programs\Python\Python313\Lib\threading.py", line 995, in run
    self._target(*self._args, **self._kwargs)
    ~~~~~~~~~~~~^^^^^^^^^^^^^^^^^^^^^^^^^^^^^
  File "C:\Users\mrblue\AppData\Local\Programs\Python\Python313\Lib\subprocess.py", line 1615, in _readerthread
    buffer.append(fh.read())
                  ~~~~~~~^^
UnicodeDecodeError: 'cp949' codec can't decode byte 0xa4 in position 18: illegal multibyte sequence
Exception in thread Thread-37 (_readerthread):
Traceback (most recent call last):
  File "C:\Users\mrblue\AppData\Local\Programs\Python\Python313\Lib\threading.py", line 1044, in _bootstrap_inner
    self.run()
    ~~~~~~~~^^
  File "C:\Users\mrblue\AppData\Local\Programs\Python\Python313\Lib\threading.py", line 995, in run
    self._target(*self._args, **self._kwargs)
    ~~~~~~~~~~~~^^^^^^^^^^^^^^^^^^^^^^^^^^^^^
  File "C:\Users\mrblue\AppData\Local\Programs\Python\Python313\Lib\subprocess.py", line 1615, in _readerthread
    buffer.append(fh.read())
                  ~~~~~~~^^
UnicodeDecodeError: 'cp949' codec can't decode byte 0xa4 in position 18: illegal multibyte sequence
Exception in thread Thread-39 (_readerthread):
Traceback (most recent call last):
  File "C:\Users\mrblue\AppData\Local\Programs\Python\Python313\Lib\threading.py", line 1044, in _bootstrap_inner
    self.run()
    ~~~~~~~~^^
  File "C:\Users\mrblue\AppData\Local\Programs\Python\Python313\Lib\threading.py", line 995, in run
    self._target(*self._args, **self._kwargs)
    ~~~~~~~~~~~~^^^^^^^^^^^^^^^^^^^^^^^^^^^^^
  File "C:\Users\mrblue\AppData\Local\Programs\Python\Python313\Lib\subprocess.py", line 1615, in _readerthread
    buffer.append(fh.read())
                  ~~~~~~~^^
UnicodeDecodeError: 'cp949' codec can't decode byte 0xa4 in position 18: illegal multibyte sequence
Exception in thread Thread-41 (_readerthread):
Traceback (most recent call last):
  File "C:\Users\mrblue\AppData\Local\Programs\Python\Python313\Lib\threading.py", line 1044, in _bootstrap_inner
    self.run()
    ~~~~~~~~^^
  File "C:\Users\mrblue\AppData\Local\Programs\Python\Python313\Lib\threading.py", line 995, in run
    self._target(*self._args, **self._kwargs)
    ~~~~~~~~~~~~^^^^^^^^^^^^^^^^^^^^^^^^^^^^^
  File "C:\Users\mrblue\AppData\Local\Programs\Python\Python313\Lib\subprocess.py", line 1615, in _readerthread
    buffer.append(fh.read())
                  ~~~~~~~^^
UnicodeDecodeError: 'cp949' codec can't decode byte 0xa4 in position 18: illegal multibyte sequence
Exception in thread Thread-43 (_readerthread):
Traceback (most recent call last):
  File "C:\Users\mrblue\AppData\Local\Programs\Python\Python313\Lib\threading.py", line 1044, in _bootstrap_inner
    self.run()
    ~~~~~~~~^^
  File "C:\Users\mrblue\AppData\Local\Programs\Python\Python313\Lib\threading.py", line 995, in run
    self._target(*self._args, **self._kwargs)
    ~~~~~~~~~~~~^^^^^^^^^^^^^^^^^^^^^^^^^^^^^
  File "C:\Users\mrblue\AppData\Local\Programs\Python\Python313\Lib\subprocess.py", line 1615, in _readerthread
    buffer.append(fh.read())
                  ~~~~~~~^^
UnicodeDecodeError: 'cp949' codec can't decode byte 0xa4 in position 18: illegal multibyte sequence
Exception in thread Thread-45 (_readerthread):
Traceback (most recent call last):
  File "C:\Users\mrblue\AppData\Local\Programs\Python\Python313\Lib\threading.py", line 1044, in _bootstrap_inner
    self.run()
    ~~~~~~~~^^
  File "C:\Users\mrblue\AppData\Local\Programs\Python\Python313\Lib\threading.py", line 995, in run
    self._target(*self._args, **self._kwargs)
    ~~~~~~~~~~~~^^^^^^^^^^^^^^^^^^^^^^^^^^^^^
  File "C:\Users\mrblue\AppData\Local\Programs\Python\Python313\Lib\subprocess.py", line 1615, in _readerthread
    buffer.append(fh.read())
                  ~~~~~~~^^
UnicodeDecodeError: 'cp949' codec can't decode byte 0xa4 in position 18: illegal multibyte sequence
Exception in thread Thread-47 (_readerthread):
Traceback (most recent call last):
  File "C:\Users\mrblue\AppData\Local\Programs\Python\Python313\Lib\threading.py", line 1044, in _bootstrap_inner
    self.run()
    ~~~~~~~~^^
  File "C:\Users\mrblue\AppData\Local\Programs\Python\Python313\Lib\threading.py", line 995, in run
    self._target(*self._args, **self._kwargs)
    ~~~~~~~~~~~~^^^^^^^^^^^^^^^^^^^^^^^^^^^^^
  File "C:\Users\mrblue\AppData\Local\Programs\Python\Python313\Lib\subprocess.py", line 1615, in _readerthread
    buffer.append(fh.read())
                  ~~~~~~~^^
UnicodeDecodeError: 'cp949' codec can't decode byte 0xa4 in position 18: illegal multibyte sequence
Exception in thread Thread-49 (_readerthread):
Traceback (most recent call last):
  File "C:\Users\mrblue\AppData\Local\Programs\Python\Python313\Lib\threading.py", line 1044, in _bootstrap_inner
    self.run()
    ~~~~~~~~^^
  File "C:\Users\mrblue\AppData\Local\Programs\Python\Python313\Lib\threading.py", line 995, in run
    self._target(*self._args, **self._kwargs)
    ~~~~~~~~~~~~^^^^^^^^^^^^^^^^^^^^^^^^^^^^^
  File "C:\Users\mrblue\AppData\Local\Programs\Python\Python313\Lib\subprocess.py", line 1615, in _readerthread
    buffer.append(fh.read())
                  ~~~~~~~^^
UnicodeDecodeError: 'cp949' codec can't decode byte 0xa4 in position 18: illegal multibyte sequence
Exception in thread Thread-51 (_readerthread):
Traceback (most recent call last):
  File "C:\Users\mrblue\AppData\Local\Programs\Python\Python313\Lib\threading.py", line 1044, in _bootstrap_inner
    self.run()
    ~~~~~~~~^^
  File "C:\Users\mrblue\AppData\Local\Programs\Python\Python313\Lib\threading.py", line 995, in run
    self._target(*self._args, **self._kwargs)
    ~~~~~~~~~~~~^^^^^^^^^^^^^^^^^^^^^^^^^^^^^
  File "C:\Users\mrblue\AppData\Local\Programs\Python\Python313\Lib\subprocess.py", line 1615, in _readerthread
    buffer.append(fh.read())
                  ~~~~~~~^^
UnicodeDecodeError: 'cp949' codec can't decode byte 0xa4 in position 18: illegal multibyte sequence
Exception in thread Thread-53 (_readerthread):
Traceback (most recent call last):
  File "C:\Users\mrblue\AppData\Local\Programs\Python\Python313\Lib\threading.py", line 1044, in _bootstrap_inner
    self.run()
    ~~~~~~~~^^
  File "C:\Users\mrblue\AppData\Local\Programs\Python\Python313\Lib\threading.py", line 995, in run
    self._target(*self._args, **self._kwargs)
    ~~~~~~~~~~~~^^^^^^^^^^^^^^^^^^^^^^^^^^^^^
  File "C:\Users\mrblue\AppData\Local\Programs\Python\Python313\Lib\subprocess.py", line 1615, in _readerthread
    buffer.append(fh.read())
                  ~~~~~~~^^
UnicodeDecodeError: 'cp949' codec can't decode byte 0xa4 in position 18: illegal multibyte sequence
Exception in thread Thread-55 (_readerthread):
Traceback (most recent call last):
  File "C:\Users\mrblue\AppData\Local\Programs\Python\Python313\Lib\threading.py", line 1044, in _bootstrap_inner
    self.run()
    ~~~~~~~~^^
  File "C:\Users\mrblue\AppData\Local\Programs\Python\Python313\Lib\threading.py", line 995, in run
    self._target(*self._args, **self._kwargs)
    ~~~~~~~~~~~~^^^^^^^^^^^^^^^^^^^^^^^^^^^^^
  File "C:\Users\mrblue\AppData\Local\Programs\Python\Python313\Lib\subprocess.py", line 1615, in _readerthread
    buffer.append(fh.read())
                  ~~~~~~~^^
UnicodeDecodeError: 'cp949' codec can't decode byte 0xa4 in position 18: illegal multibyte sequence
Exception in thread Thread-57 (_readerthread):
Traceback (most recent call last):
  File "C:\Users\mrblue\AppData\Local\Programs\Python\Python313\Lib\threading.py", line 1044, in _bootstrap_inner
    self.run()
    ~~~~~~~~^^
  File "C:\Users\mrblue\AppData\Local\Programs\Python\Python313\Lib\threading.py", line 995, in run
    self._target(*self._args, **self._kwargs)
    ~~~~~~~~~~~~^^^^^^^^^^^^^^^^^^^^^^^^^^^^^
  File "C:\Users\mrblue\AppData\Local\Programs\Python\Python313\Lib\subprocess.py", line 1615, in _readerthread
    buffer.append(fh.read())
                  ~~~~~~~^^
UnicodeDecodeError: 'cp949' codec can't decode byte 0xec in position 15: illegal multibyte sequence
Exception in thread Thread-59 (_readerthread):
Traceback (most recent call last):
  File "C:\Users\mrblue\AppData\Local\Programs\Python\Python313\Lib\threading.py", line 1044, in _bootstrap_inner
    self.run()
    ~~~~~~~~^^
  File "C:\Users\mrblue\AppData\Local\Programs\Python\Python313\Lib\threading.py", line 995, in run
    self._target(*self._args, **self._kwargs)
    ~~~~~~~~~~~~^^^^^^^^^^^^^^^^^^^^^^^^^^^^^
  File "C:\Users\mrblue\AppData\Local\Programs\Python\Python313\Lib\subprocess.py", line 1615, in _readerthread
    buffer.append(fh.read())
                  ~~~~~~~^^
UnicodeDecodeError: 'cp949' codec can't decode byte 0xec in position 15: illegal multibyte sequence
Exception in thread Thread-61 (_readerthread):
Traceback (most recent call last):
  File "C:\Users\mrblue\AppData\Local\Programs\Python\Python313\Lib\threading.py", line 1044, in _bootstrap_inner
    self.run()
    ~~~~~~~~^^
  File "C:\Users\mrblue\AppData\Local\Programs\Python\Python313\Lib\threading.py", line 995, in run
    self._target(*self._args, **self._kwargs)
    ~~~~~~~~~~~~^^^^^^^^^^^^^^^^^^^^^^^^^^^^^
  File "C:\Users\mrblue\AppData\Local\Programs\Python\Python313\Lib\subprocess.py", line 1615, in _readerthread
    buffer.append(fh.read())
                  ~~~~~~~^^
UnicodeDecodeError: 'cp949' codec can't decode byte 0xa4 in position 18: illegal multibyte sequence
Exception in thread Thread-63 (_readerthread):
Traceback (most recent call last):
  File "C:\Users\mrblue\AppData\Local\Programs\Python\Python313\Lib\threading.py", line 1044, in _bootstrap_inner
    self.run()
    ~~~~~~~~^^
  File "C:\Users\mrblue\AppData\Local\Programs\Python\Python313\Lib\threading.py", line 995, in run
    self._target(*self._args, **self._kwargs)
    ~~~~~~~~~~~~^^^^^^^^^^^^^^^^^^^^^^^^^^^^^
  File "C:\Users\mrblue\AppData\Local\Programs\Python\Python313\Lib\subprocess.py", line 1615, in _readerthread
    buffer.append(fh.read())
                  ~~~~~~~^^
UnicodeDecodeError: 'cp949' codec can't decode byte 0xa4 in position 18: illegal multibyte sequence
Exception in thread Thread-65 (_readerthread):
Traceback (most recent call last):
  File "C:\Users\mrblue\AppData\Local\Programs\Python\Python313\Lib\threading.py", line 1044, in _bootstrap_inner
    self.run()
    ~~~~~~~~^^
  File "C:\Users\mrblue\AppData\Local\Programs\Python\Python313\Lib\threading.py", line 995, in run
    self._target(*self._args, **self._kwargs)
    ~~~~~~~~~~~~^^^^^^^^^^^^^^^^^^^^^^^^^^^^^
  File "C:\Users\mrblue\AppData\Local\Programs\Python\Python313\Lib\subprocess.py", line 1615, in _readerthread
    buffer.append(fh.read())
                  ~~~~~~~^^
UnicodeDecodeError: 'cp949' codec can't decode byte 0xa4 in position 18: illegal multibyte sequence
Exception in thread Thread-67 (_readerthread):
Traceback (most recent call last):
  File "C:\Users\mrblue\AppData\Local\Programs\Python\Python313\Lib\threading.py", line 1044, in _bootstrap_inner
    self.run()
    ~~~~~~~~^^
  File "C:\Users\mrblue\AppData\Local\Programs\Python\Python313\Lib\threading.py", line 995, in run
    self._target(*self._args, **self._kwargs)
    ~~~~~~~~~~~~^^^^^^^^^^^^^^^^^^^^^^^^^^^^^
  File "C:\Users\mrblue\AppData\Local\Programs\Python\Python313\Lib\subprocess.py", line 1615, in _readerthread
    buffer.append(fh.read())
                  ~~~~~~~^^
UnicodeDecodeError: 'cp949' codec can't decode byte 0xa4 in position 18: illegal multibyte sequence
Exception in thread Thread-69 (_readerthread):
Traceback (most recent call last):
  File "C:\Users\mrblue\AppData\Local\Programs\Python\Python313\Lib\threading.py", line 1044, in _bootstrap_inner
    self.run()
    ~~~~~~~~^^
  File "C:\Users\mrblue\AppData\Local\Programs\Python\Python313\Lib\threading.py", line 995, in run
    self._target(*self._args, **self._kwargs)
    ~~~~~~~~~~~~^^^^^^^^^^^^^^^^^^^^^^^^^^^^^
  File "C:\Users\mrblue\AppData\Local\Programs\Python\Python313\Lib\subprocess.py", line 1615, in _readerthread
    buffer.append(fh.read())
                  ~~~~~~~^^
UnicodeDecodeError: 'cp949' codec can't decode byte 0xa4 in position 18: illegal multibyte sequence
Exception in thread Thread-71 (_readerthread):
Traceback (most recent call last):
  File "C:\Users\mrblue\AppData\Local\Programs\Python\Python313\Lib\threading.py", line 1044, in _bootstrap_inner
    self.run()
    ~~~~~~~~^^
  File "C:\Users\mrblue\AppData\Local\Programs\Python\Python313\Lib\threading.py", line 995, in run
    self._target(*self._args, **self._kwargs)
    ~~~~~~~~~~~~^^^^^^^^^^^^^^^^^^^^^^^^^^^^^
  File "C:\Users\mrblue\AppData\Local\Programs\Python\Python313\Lib\subprocess.py", line 1615, in _readerthread
    buffer.append(fh.read())
                  ~~~~~~~^^
UnicodeDecodeError: 'cp949' codec can't decode byte 0xa4 in position 18: illegal multibyte sequence
Exception in thread Thread-73 (_readerthread):
Traceback (most recent call last):
  File "C:\Users\mrblue\AppData\Local\Programs\Python\Python313\Lib\threading.py", line 1044, in _bootstrap_inner
    self.run()
    ~~~~~~~~^^
  File "C:\Users\mrblue\AppData\Local\Programs\Python\Python313\Lib\threading.py", line 995, in run
    self._target(*self._args, **self._kwargs)
    ~~~~~~~~~~~~^^^^^^^^^^^^^^^^^^^^^^^^^^^^^
  File "C:\Users\mrblue\AppData\Local\Programs\Python\Python313\Lib\subprocess.py", line 1615, in _readerthread
    buffer.append(fh.read())
                  ~~~~~~~^^
UnicodeDecodeError: 'cp949' codec can't decode byte 0xa4 in position 18: illegal multibyte sequence
Exception in thread Thread-75 (_readerthread):
Traceback (most recent call last):
  File "C:\Users\mrblue\AppData\Local\Programs\Python\Python313\Lib\threading.py", line 1044, in _bootstrap_inner
    self.run()
    ~~~~~~~~^^
  File "C:\Users\mrblue\AppData\Local\Programs\Python\Python313\Lib\threading.py", line 995, in run
    self._target(*self._args, **self._kwargs)
    ~~~~~~~~~~~~^^^^^^^^^^^^^^^^^^^^^^^^^^^^^
  File "C:\Users\mrblue\AppData\Local\Programs\Python\Python313\Lib\subprocess.py", line 1615, in _readerthread
    buffer.append(fh.read())
                  ~~~~~~~^^
UnicodeDecodeError: 'cp949' codec can't decode byte 0xa4 in position 18: illegal multibyte sequence
Exception in thread Thread-77 (_readerthread):
Traceback (most recent call last):
  File "C:\Users\mrblue\AppData\Local\Programs\Python\Python313\Lib\threading.py", line 1044, in _bootstrap_inner
    self.run()
    ~~~~~~~~^^
  File "C:\Users\mrblue\AppData\Local\Programs\Python\Python313\Lib\threading.py", line 995, in run
    self._target(*self._args, **self._kwargs)
    ~~~~~~~~~~~~^^^^^^^^^^^^^^^^^^^^^^^^^^^^^
  File "C:\Users\mrblue\AppData\Local\Programs\Python\Python313\Lib\subprocess.py", line 1615, in _readerthread
    buffer.append(fh.read())
                  ~~~~~~~^^
UnicodeDecodeError: 'cp949' codec can't decode byte 0xa4 in position 18: illegal multibyte sequence
Exception in thread Thread-79 (_readerthread):
Traceback (most recent call last):
  File "C:\Users\mrblue\AppData\Local\Programs\Python\Python313\Lib\threading.py", line 1044, in _bootstrap_inner
    self.run()
    ~~~~~~~~^^
  File "C:\Users\mrblue\AppData\Local\Programs\Python\Python313\Lib\threading.py", line 995, in run
    self._target(*self._args, **self._kwargs)
    ~~~~~~~~~~~~^^^^^^^^^^^^^^^^^^^^^^^^^^^^^
  File "C:\Users\mrblue\AppData\Local\Programs\Python\Python313\Lib\subprocess.py", line 1615, in _readerthread
    buffer.append(fh.read())
                  ~~~~~~~^^
UnicodeDecodeError: 'cp949' codec can't decode byte 0xa4 in position 18: illegal multibyte sequence
Exception in thread Thread-81 (_readerthread):
Traceback (most recent call last):
  File "C:\Users\mrblue\AppData\Local\Programs\Python\Python313\Lib\threading.py", line 1044, in _bootstrap_inner
    self.run()
    ~~~~~~~~^^
  File "C:\Users\mrblue\AppData\Local\Programs\Python\Python313\Lib\threading.py", line 995, in run
    self._target(*self._args, **self._kwargs)
    ~~~~~~~~~~~~^^^^^^^^^^^^^^^^^^^^^^^^^^^^^
  File "C:\Users\mrblue\AppData\Local\Programs\Python\Python313\Lib\subprocess.py", line 1615, in _readerthread
    buffer.append(fh.read())
                  ~~~~~~~^^
UnicodeDecodeError: 'cp949' codec can't decode byte 0xa4 in position 18: illegal multibyte sequence
Exception in thread Thread-83 (_readerthread):
Traceback (most recent call last):
  File "C:\Users\mrblue\AppData\Local\Programs\Python\Python313\Lib\threading.py", line 1044, in _bootstrap_inner
    self.run()
    ~~~~~~~~^^
  File "C:\Users\mrblue\AppData\Local\Programs\Python\Python313\Lib\threading.py", line 995, in run
    self._target(*self._args, **self._kwargs)
    ~~~~~~~~~~~~^^^^^^^^^^^^^^^^^^^^^^^^^^^^^
  File "C:\Users\mrblue\AppData\Local\Programs\Python\Python313\Lib\subprocess.py", line 1615, in _readerthread
    buffer.append(fh.read())
                  ~~~~~~~^^
UnicodeDecodeError: 'cp949' codec can't decode byte 0xa4 in position 18: illegal multibyte sequence
Exception in thread Thread-85 (_readerthread):
Traceback (most recent call last):
  File "C:\Users\mrblue\AppData\Local\Programs\Python\Python313\Lib\threading.py", line 1044, in _bootstrap_inner
    self.run()
    ~~~~~~~~^^
  File "C:\Users\mrblue\AppData\Local\Programs\Python\Python313\Lib\threading.py", line 995, in run
    self._target(*self._args, **self._kwargs)
    ~~~~~~~~~~~~^^^^^^^^^^^^^^^^^^^^^^^^^^^^^
  File "C:\Users\mrblue\AppData\Local\Programs\Python\Python313\Lib\subprocess.py", line 1615, in _readerthread
    buffer.append(fh.read())
                  ~~~~~~~^^
UnicodeDecodeError: 'cp949' codec can't decode byte 0xa4 in position 18: illegal multibyte sequence
Exception in thread Thread-87 (_readerthread):
Traceback (most recent call last):
  File "C:\Users\mrblue\AppData\Local\Programs\Python\Python313\Lib\threading.py", line 1044, in _bootstrap_inner
    self.run()
    ~~~~~~~~^^
  File "C:\Users\mrblue\AppData\Local\Programs\Python\Python313\Lib\threading.py", line 995, in run
    self._target(*self._args, **self._kwargs)
    ~~~~~~~~~~~~^^^^^^^^^^^^^^^^^^^^^^^^^^^^^
  File "C:\Users\mrblue\AppData\Local\Programs\Python\Python313\Lib\subprocess.py", line 1615, in _readerthread
    buffer.append(fh.read())
                  ~~~~~~~^^
UnicodeDecodeError: 'cp949' codec can't decode byte 0xec in position 15: illegal multibyte sequence
Exception in thread Thread-89 (_readerthread):
Traceback (most recent call last):
  File "C:\Users\mrblue\AppData\Local\Programs\Python\Python313\Lib\threading.py", line 1044, in _bootstrap_inner
    self.run()
    ~~~~~~~~^^
  File "C:\Users\mrblue\AppData\Local\Programs\Python\Python313\Lib\threading.py", line 995, in run
    self._target(*self._args, **self._kwargs)
    ~~~~~~~~~~~~^^^^^^^^^^^^^^^^^^^^^^^^^^^^^
  File "C:\Users\mrblue\AppData\Local\Programs\Python\Python313\Lib\subprocess.py", line 1615, in _readerthread
    buffer.append(fh.read())
                  ~~~~~~~^^
UnicodeDecodeError: 'cp949' codec can't decode byte 0xa4 in position 18: illegal multibyte sequence
Exception in thread Thread-91 (_readerthread):
Traceback (most recent call last):
  File "C:\Users\mrblue\AppData\Local\Programs\Python\Python313\Lib\threading.py", line 1044, in _bootstrap_inner
    self.run()
    ~~~~~~~~^^
  File "C:\Users\mrblue\AppData\Local\Programs\Python\Python313\Lib\threading.py", line 995, in run
    self._target(*self._args, **self._kwargs)
    ~~~~~~~~~~~~^^^^^^^^^^^^^^^^^^^^^^^^^^^^^
  File "C:\Users\mrblue\AppData\Local\Programs\Python\Python313\Lib\subprocess.py", line 1615, in _readerthread
    buffer.append(fh.read())
                  ~~~~~~~^^
UnicodeDecodeError: 'cp949' codec can't decode byte 0xa4 in position 18: illegal multibyte sequence
Exception in thread Thread-93 (_readerthread):
Traceback (most recent call last):
  File "C:\Users\mrblue\AppData\Local\Programs\Python\Python313\Lib\threading.py", line 1044, in _bootstrap_inner
    self.run()
    ~~~~~~~~^^
  File "C:\Users\mrblue\AppData\Local\Programs\Python\Python313\Lib\threading.py", line 995, in run
    self._target(*self._args, **self._kwargs)
    ~~~~~~~~~~~~^^^^^^^^^^^^^^^^^^^^^^^^^^^^^
  File "C:\Users\mrblue\AppData\Local\Programs\Python\Python313\Lib\subprocess.py", line 1615, in _readerthread
    buffer.append(fh.read())
                  ~~~~~~~^^
UnicodeDecodeError: 'cp949' codec can't decode byte 0xa4 in position 18: illegal multibyte sequence
Exception in thread Thread-95 (_readerthread):
Traceback (most recent call last):
  File "C:\Users\mrblue\AppData\Local\Programs\Python\Python313\Lib\threading.py", line 1044, in _bootstrap_inner
    self.run()
    ~~~~~~~~^^
  File "C:\Users\mrblue\AppData\Local\Programs\Python\Python313\Lib\threading.py", line 995, in run
    self._target(*self._args, **self._kwargs)
    ~~~~~~~~~~~~^^^^^^^^^^^^^^^^^^^^^^^^^^^^^
  File "C:\Users\mrblue\AppData\Local\Programs\Python\Python313\Lib\subprocess.py", line 1615, in _readerthread
    buffer.append(fh.read())
                  ~~~~~~~^^
UnicodeDecodeError: 'cp949' codec can't decode byte 0xa4 in position 18: illegal multibyte sequence
Exception in thread Thread-97 (_readerthread):
Traceback (most recent call last):
  File "C:\Users\mrblue\AppData\Local\Programs\Python\Python313\Lib\threading.py", line 1044, in _bootstrap_inner
    self.run()
    ~~~~~~~~^^
  File "C:\Users\mrblue\AppData\Local\Programs\Python\Python313\Lib\threading.py", line 995, in run
    self._target(*self._args, **self._kwargs)
    ~~~~~~~~~~~~^^^^^^^^^^^^^^^^^^^^^^^^^^^^^
  File "C:\Users\mrblue\AppData\Local\Programs\Python\Python313\Lib\subprocess.py", line 1615, in _readerthread
    buffer.append(fh.read())
                  ~~~~~~~^^
UnicodeDecodeError: 'cp949' codec can't decode byte 0xa4 in position 18: illegal multibyte sequence
Exception in thread Thread-99 (_readerthread):
Traceback (most recent call last):
  File "C:\Users\mrblue\AppData\Local\Programs\Python\Python313\Lib\threading.py", line 1044, in _bootstrap_inner
    self.run()
    ~~~~~~~~^^
  File "C:\Users\mrblue\AppData\Local\Programs\Python\Python313\Lib\threading.py", line 995, in run
    self._target(*self._args, **self._kwargs)
    ~~~~~~~~~~~~^^^^^^^^^^^^^^^^^^^^^^^^^^^^^
  File "C:\Users\mrblue\AppData\Local\Programs\Python\Python313\Lib\subprocess.py", line 1615, in _readerthread
    buffer.append(fh.read())
                  ~~~~~~~^^
UnicodeDecodeError: 'cp949' codec can't decode byte 0xa4 in position 18: illegal multibyte sequence
Exception in thread Thread-101 (_readerthread):
Traceback (most recent call last):
  File "C:\Users\mrblue\AppData\Local\Programs\Python\Python313\Lib\threading.py", line 1044, in _bootstrap_inner
    self.run()
    ~~~~~~~~^^
  File "C:\Users\mrblue\AppData\Local\Programs\Python\Python313\Lib\threading.py", line 995, in run
    self._target(*self._args, **self._kwargs)
    ~~~~~~~~~~~~^^^^^^^^^^^^^^^^^^^^^^^^^^^^^
  File "C:\Users\mrblue\AppData\Local\Programs\Python\Python313\Lib\subprocess.py", line 1615, in _readerthread
    buffer.append(fh.read())
                  ~~~~~~~^^
UnicodeDecodeError: 'cp949' codec can't decode byte 0xa4 in position 18: illegal multibyte sequence
Exception in thread Thread-103 (_readerthread):
Traceback (most recent call last):
  File "C:\Users\mrblue\AppData\Local\Programs\Python\Python313\Lib\threading.py", line 1044, in _bootstrap_inner
    self.run()
    ~~~~~~~~^^
  File "C:\Users\mrblue\AppData\Local\Programs\Python\Python313\Lib\threading.py", line 995, in run
    self._target(*self._args, **self._kwargs)
    ~~~~~~~~~~~~^^^^^^^^^^^^^^^^^^^^^^^^^^^^^
  File "C:\Users\mrblue\AppData\Local\Programs\Python\Python313\Lib\subprocess.py", line 1615, in _readerthread
    buffer.append(fh.read())
                  ~~~~~~~^^
UnicodeDecodeError: 'cp949' codec can't decode byte 0xa4 in position 18: illegal multibyte sequence
Exception in thread Thread-105 (_readerthread):
Traceback (most recent call last):
  File "C:\Users\mrblue\AppData\Local\Programs\Python\Python313\Lib\threading.py", line 1044, in _bootstrap_inner
    self.run()
    ~~~~~~~~^^
  File "C:\Users\mrblue\AppData\Local\Programs\Python\Python313\Lib\threading.py", line 995, in run
    self._target(*self._args, **self._kwargs)
    ~~~~~~~~~~~~^^^^^^^^^^^^^^^^^^^^^^^^^^^^^
  File "C:\Users\mrblue\AppData\Local\Programs\Python\Python313\Lib\subprocess.py", line 1615, in _readerthread
    buffer.append(fh.read())
                  ~~~~~~~^^
UnicodeDecodeError: 'cp949' codec can't decode byte 0xa4 in position 18: illegal multibyte sequence
Exception in thread Thread-107 (_readerthread):
Traceback (most recent call last):
  File "C:\Users\mrblue\AppData\Local\Programs\Python\Python313\Lib\threading.py", line 1044, in _bootstrap_inner
    self.run()
    ~~~~~~~~^^
  File "C:\Users\mrblue\AppData\Local\Programs\Python\Python313\Lib\threading.py", line 995, in run
    self._target(*self._args, **self._kwargs)
    ~~~~~~~~~~~~^^^^^^^^^^^^^^^^^^^^^^^^^^^^^
  File "C:\Users\mrblue\AppData\Local\Programs\Python\Python313\Lib\subprocess.py", line 1615, in _readerthread
    buffer.append(fh.read())
                  ~~~~~~~^^
UnicodeDecodeError: 'cp949' codec can't decode byte 0xa4 in position 18: illegal multibyte sequence
Exception in thread Thread-109 (_readerthread):
Traceback (most recent call last):
  File "C:\Users\mrblue\AppData\Local\Programs\Python\Python313\Lib\threading.py", line 1044, in _bootstrap_inner
    self.run()
    ~~~~~~~~^^
  File "C:\Users\mrblue\AppData\Local\Programs\Python\Python313\Lib\threading.py", line 995, in run
    self._target(*self._args, **self._kwargs)
    ~~~~~~~~~~~~^^^^^^^^^^^^^^^^^^^^^^^^^^^^^
  File "C:\Users\mrblue\AppData\Local\Programs\Python\Python313\Lib\subprocess.py", line 1615, in _readerthread
    buffer.append(fh.read())
                  ~~~~~~~^^
UnicodeDecodeError: 'cp949' codec can't decode byte 0xa4 in position 18: illegal multibyte sequence
Exception in thread Thread-111 (_readerthread):
Traceback (most recent call last):
  File "C:\Users\mrblue\AppData\Local\Programs\Python\Python313\Lib\threading.py", line 1044, in _bootstrap_inner
    self.run()
    ~~~~~~~~^^
  File "C:\Users\mrblue\AppData\Local\Programs\Python\Python313\Lib\threading.py", line 995, in run
    self._target(*self._args, **self._kwargs)
    ~~~~~~~~~~~~^^^^^^^^^^^^^^^^^^^^^^^^^^^^^
  File "C:\Users\mrblue\AppData\Local\Programs\Python\Python313\Lib\subprocess.py", line 1615, in _readerthread
    buffer.append(fh.read())
                  ~~~~~~~^^
UnicodeDecodeError: 'cp949' codec can't decode byte 0xa4 in position 18: illegal multibyte sequence
Exception in thread Thread-113 (_readerthread):
Traceback (most recent call last):
  File "C:\Users\mrblue\AppData\Local\Programs\Python\Python313\Lib\threading.py", line 1044, in _bootstrap_inner
    self.run()
    ~~~~~~~~^^
  File "C:\Users\mrblue\AppData\Local\Programs\Python\Python313\Lib\threading.py", line 995, in run
    self._target(*self._args, **self._kwargs)
    ~~~~~~~~~~~~^^^^^^^^^^^^^^^^^^^^^^^^^^^^^
  File "C:\Users\mrblue\AppData\Local\Programs\Python\Python313\Lib\subprocess.py", line 1615, in _readerthread
    buffer.append(fh.read())
                  ~~~~~~~^^
UnicodeDecodeError: 'cp949' codec can't decode byte 0xa4 in position 18: illegal multibyte sequence
Exception in thread Thread-115 (_readerthread):
Traceback (most recent call last):
  File "C:\Users\mrblue\AppData\Local\Programs\Python\Python313\Lib\threading.py", line 1044, in _bootstrap_inner
    self.run()
    ~~~~~~~~^^
  File "C:\Users\mrblue\AppData\Local\Programs\Python\Python313\Lib\threading.py", line 995, in run
    self._target(*self._args, **self._kwargs)
    ~~~~~~~~~~~~^^^^^^^^^^^^^^^^^^^^^^^^^^^^^
  File "C:\Users\mrblue\AppData\Local\Programs\Python\Python313\Lib\subprocess.py", line 1615, in _readerthread
    buffer.append(fh.read())
                  ~~~~~~~^^
UnicodeDecodeError: 'cp949' codec can't decode byte 0xa4 in position 18: illegal multibyte sequence
Exception in thread Thread-117 (_readerthread):
Traceback (most recent call last):
  File "C:\Users\mrblue\AppData\Local\Programs\Python\Python313\Lib\threading.py", line 1044, in _bootstrap_inner
    self.run()
    ~~~~~~~~^^
  File "C:\Users\mrblue\AppData\Local\Programs\Python\Python313\Lib\threading.py", line 995, in run
    self._target(*self._args, **self._kwargs)
    ~~~~~~~~~~~~^^^^^^^^^^^^^^^^^^^^^^^^^^^^^
  File "C:\Users\mrblue\AppData\Local\Programs\Python\Python313\Lib\subprocess.py", line 1615, in _readerthread
    buffer.append(fh.read())
                  ~~~~~~~^^
UnicodeDecodeError: 'cp949' codec can't decode byte 0xa4 in position 18: illegal multibyte sequence
Exception in thread Thread-119 (_readerthread):
Traceback (most recent call last):
  File "C:\Users\mrblue\AppData\Local\Programs\Python\Python313\Lib\threading.py", line 1044, in _bootstrap_inner
    self.run()
    ~~~~~~~~^^
  File "C:\Users\mrblue\AppData\Local\Programs\Python\Python313\Lib\threading.py", line 995, in run
    self._target(*self._args, **self._kwargs)
    ~~~~~~~~~~~~^^^^^^^^^^^^^^^^^^^^^^^^^^^^^
  File "C:\Users\mrblue\AppData\Local\Programs\Python\Python313\Lib\subprocess.py", line 1615, in _readerthread
    buffer.append(fh.read())
                  ~~~~~~~^^
UnicodeDecodeError: 'cp949' codec can't decode byte 0xa4 in position 18: illegal multibyte sequence
    60/247 — 성공 0 실패 60
Exception in thread Thread-121 (_readerthread):
Traceback (most recent call last):
  File "C:\Users\mrblue\AppData\Local\Programs\Python\Python313\Lib\threading.py", line 1044, in _bootstrap_inner
    self.run()
    ~~~~~~~~^^
  File "C:\Users\mrblue\AppData\Local\Programs\Python\Python313\Lib\threading.py", line 995, in run
    self._target(*self._args, **self._kwargs)
    ~~~~~~~~~~~~^^^^^^^^^^^^^^^^^^^^^^^^^^^^^
  File "C:\Users\mrblue\AppData\Local\Programs\Python\Python313\Lib\subprocess.py", line 1615, in _readerthread
    buffer.append(fh.read())
                  ~~~~~~~^^
UnicodeDecodeError: 'cp949' codec can't decode byte 0xa4 in position 18: illegal multibyte sequence
Exception in thread Thread-123 (_readerthread):
Traceback (most recent call last):
  File "C:\Users\mrblue\AppData\Local\Programs\Python\Python313\Lib\threading.py", line 1044, in _bootstrap_inner
    self.run()
    ~~~~~~~~^^
  File "C:\Users\mrblue\AppData\Local\Programs\Python\Python313\Lib\threading.py", line 995, in run
    self._target(*self._args, **self._kwargs)
    ~~~~~~~~~~~~^^^^^^^^^^^^^^^^^^^^^^^^^^^^^
  File "C:\Users\mrblue\AppData\Local\Programs\Python\Python313\Lib\subprocess.py", line 1615, in _readerthread
    buffer.append(fh.read())
                  ~~~~~~~^^
UnicodeDecodeError: 'cp949' codec can't decode byte 0xa4 in position 18: illegal multibyte sequence
Exception in thread Thread-125 (_readerthread):
Traceback (most recent call last):
  File "C:\Users\mrblue\AppData\Local\Programs\Python\Python313\Lib\threading.py", line 1044, in _bootstrap_inner
    self.run()
    ~~~~~~~~^^
  File "C:\Users\mrblue\AppData\Local\Programs\Python\Python313\Lib\threading.py", line 995, in run
    self._target(*self._args, **self._kwargs)
    ~~~~~~~~~~~~^^^^^^^^^^^^^^^^^^^^^^^^^^^^^
  File "C:\Users\mrblue\AppData\Local\Programs\Python\Python313\Lib\subprocess.py", line 1615, in _readerthread
    buffer.append(fh.read())
                  ~~~~~~~^^
UnicodeDecodeError: 'cp949' codec can't decode byte 0xa4 in position 18: illegal multibyte sequence
Exception in thread Thread-127 (_readerthread):
Traceback (most recent call last):
  File "C:\Users\mrblue\AppData\Local\Programs\Python\Python313\Lib\threading.py", line 1044, in _bootstrap_inner
    self.run()
    ~~~~~~~~^^
  File "C:\Users\mrblue\AppData\Local\Programs\Python\Python313\Lib\threading.py", line 995, in run
    self._target(*self._args, **self._kwargs)
    ~~~~~~~~~~~~^^^^^^^^^^^^^^^^^^^^^^^^^^^^^
  File "C:\Users\mrblue\AppData\Local\Programs\Python\Python313\Lib\subprocess.py", line 1615, in _readerthread
    buffer.append(fh.read())
                  ~~~~~~~^^
UnicodeDecodeError: 'cp949' codec can't decode byte 0xa4 in position 18: illegal multibyte sequence
Exception in thread Thread-129 (_readerthread):
Traceback (most recent call last):
  File "C:\Users\mrblue\AppData\Local\Programs\Python\Python313\Lib\threading.py", line 1044, in _bootstrap_inner
    self.run()
    ~~~~~~~~^^
  File "C:\Users\mrblue\AppData\Local\Programs\Python\Python313\Lib\threading.py", line 995, in run
    self._target(*self._args, **self._kwargs)
    ~~~~~~~~~~~~^^^^^^^^^^^^^^^^^^^^^^^^^^^^^
  File "C:\Users\mrblue\AppData\Local\Programs\Python\Python313\Lib\subprocess.py", line 1615, in _readerthread
    buffer.append(fh.read())
                  ~~~~~~~^^
UnicodeDecodeError: 'cp949' codec can't decode byte 0xa4 in position 18: illegal multibyte sequence
Exception in thread Thread-131 (_readerthread):
Traceback (most recent call last):
  File "C:\Users\mrblue\AppData\Local\Programs\Python\Python313\Lib\threading.py", line 1044, in _bootstrap_inner
    self.run()
    ~~~~~~~~^^
  File "C:\Users\mrblue\AppData\Local\Programs\Python\Python313\Lib\threading.py", line 995, in run
    self._target(*self._args, **self._kwargs)
    ~~~~~~~~~~~~^^^^^^^^^^^^^^^^^^^^^^^^^^^^^
  File "C:\Users\mrblue\AppData\Local\Programs\Python\Python313\Lib\subprocess.py", line 1615, in _readerthread
    buffer.append(fh.read())
                  ~~~~~~~^^
UnicodeDecodeError: 'cp949' codec can't decode byte 0xa4 in position 18: illegal multibyte sequence
Exception in thread Thread-133 (_readerthread):
Traceback (most recent call last):
  File "C:\Users\mrblue\AppData\Local\Programs\Python\Python313\Lib\threading.py", line 1044, in _bootstrap_inner
    self.run()
    ~~~~~~~~^^
  File "C:\Users\mrblue\AppData\Local\Programs\Python\Python313\Lib\threading.py", line 995, in run
    self._target(*self._args, **self._kwargs)
    ~~~~~~~~~~~~^^^^^^^^^^^^^^^^^^^^^^^^^^^^^
  File "C:\Users\mrblue\AppData\Local\Programs\Python\Python313\Lib\subprocess.py", line 1615, in _readerthread
    buffer.append(fh.read())
                  ~~~~~~~^^
UnicodeDecodeError: 'cp949' codec can't decode byte 0xa4 in position 18: illegal multibyte sequence
Exception in thread Thread-135 (_readerthread):
Traceback (most recent call last):
  File "C:\Users\mrblue\AppData\Local\Programs\Python\Python313\Lib\threading.py", line 1044, in _bootstrap_inner
    self.run()
    ~~~~~~~~^^
  File "C:\Users\mrblue\AppData\Local\Programs\Python\Python313\Lib\threading.py", line 995, in run
    self._target(*self._args, **self._kwargs)
    ~~~~~~~~~~~~^^^^^^^^^^^^^^^^^^^^^^^^^^^^^
  File "C:\Users\mrblue\AppData\Local\Programs\Python\Python313\Lib\subprocess.py", line 1615, in _readerthread
    buffer.append(fh.read())
                  ~~~~~~~^^
UnicodeDecodeError: 'cp949' codec can't decode byte 0xa4 in position 18: illegal multibyte sequence
Exception in thread Thread-137 (_readerthread):
Traceback (most recent call last):
  File "C:\Users\mrblue\AppData\Local\Programs\Python\Python313\Lib\threading.py", line 1044, in _bootstrap_inner
    self.run()
    ~~~~~~~~^^
  File "C:\Users\mrblue\AppData\Local\Programs\Python\Python313\Lib\threading.py", line 995, in run
    self._target(*self._args, **self._kwargs)
    ~~~~~~~~~~~~^^^^^^^^^^^^^^^^^^^^^^^^^^^^^
  File "C:\Users\mrblue\AppData\Local\Programs\Python\Python313\Lib\subprocess.py", line 1615, in _readerthread
    buffer.append(fh.read())
                  ~~~~~~~^^
UnicodeDecodeError: 'cp949' codec can't decode byte 0xa4 in position 18: illegal multibyte sequence
Exception in thread Thread-139 (_readerthread):
Traceback (most recent call last):
  File "C:\Users\mrblue\AppData\Local\Programs\Python\Python313\Lib\threading.py", line 1044, in _bootstrap_inner
    self.run()
    ~~~~~~~~^^
  File "C:\Users\mrblue\AppData\Local\Programs\Python\Python313\Lib\threading.py", line 995, in run
    self._target(*self._args, **self._kwargs)
    ~~~~~~~~~~~~^^^^^^^^^^^^^^^^^^^^^^^^^^^^^
  File "C:\Users\mrblue\AppData\Local\Programs\Python\Python313\Lib\subprocess.py", line 1615, in _readerthread
    buffer.append(fh.read())
                  ~~~~~~~^^
UnicodeDecodeError: 'cp949' codec can't decode byte 0xa4 in position 18: illegal multibyte sequence
Exception in thread Thread-141 (_readerthread):
Traceback (most recent call last):
  File "C:\Users\mrblue\AppData\Local\Programs\Python\Python313\Lib\threading.py", line 1044, in _bootstrap_inner
    self.run()
    ~~~~~~~~^^
  File "C:\Users\mrblue\AppData\Local\Programs\Python\Python313\Lib\threading.py", line 995, in run
    self._target(*self._args, **self._kwargs)
    ~~~~~~~~~~~~^^^^^^^^^^^^^^^^^^^^^^^^^^^^^
  File "C:\Users\mrblue\AppData\Local\Programs\Python\Python313\Lib\subprocess.py", line 1615, in _readerthread
    buffer.append(fh.read())
                  ~~~~~~~^^
UnicodeDecodeError: 'cp949' codec can't decode byte 0xa4 in position 18: illegal multibyte sequence
Exception in thread Thread-143 (_readerthread):
Traceback (most recent call last):
  File "C:\Users\mrblue\AppData\Local\Programs\Python\Python313\Lib\threading.py", line 1044, in _bootstrap_inner
    self.run()
    ~~~~~~~~^^
  File "C:\Users\mrblue\AppData\Local\Programs\Python\Python313\Lib\threading.py", line 995, in run
    self._target(*self._args, **self._kwargs)
    ~~~~~~~~~~~~^^^^^^^^^^^^^^^^^^^^^^^^^^^^^
  File "C:\Users\mrblue\AppData\Local\Programs\Python\Python313\Lib\subprocess.py", line 1615, in _readerthread
    buffer.append(fh.read())
                  ~~~~~~~^^
UnicodeDecodeError: 'cp949' codec can't decode byte 0xec in position 15: illegal multibyte sequence
Exception in thread Thread-145 (_readerthread):
Traceback (most recent call last):
  File "C:\Users\mrblue\AppData\Local\Programs\Python\Python313\Lib\threading.py", line 1044, in _bootstrap_inner
    self.run()
    ~~~~~~~~^^
  File "C:\Users\mrblue\AppData\Local\Programs\Python\Python313\Lib\threading.py", line 995, in run
    self._target(*self._args, **self._kwargs)
    ~~~~~~~~~~~~^^^^^^^^^^^^^^^^^^^^^^^^^^^^^
  File "C:\Users\mrblue\AppData\Local\Programs\Python\Python313\Lib\subprocess.py", line 1615, in _readerthread
    buffer.append(fh.read())
                  ~~~~~~~^^
UnicodeDecodeError: 'cp949' codec can't decode byte 0xa4 in position 18: illegal multibyte sequence
Exception in thread Thread-147 (_readerthread):
Traceback (most recent call last):
  File "C:\Users\mrblue\AppData\Local\Programs\Python\Python313\Lib\threading.py", line 1044, in _bootstrap_inner
    self.run()
    ~~~~~~~~^^
  File "C:\Users\mrblue\AppData\Local\Programs\Python\Python313\Lib\threading.py", line 995, in run
    self._target(*self._args, **self._kwargs)
    ~~~~~~~~~~~~^^^^^^^^^^^^^^^^^^^^^^^^^^^^^
  File "C:\Users\mrblue\AppData\Local\Programs\Python\Python313\Lib\subprocess.py", line 1615, in _readerthread
    buffer.append(fh.read())
                  ~~~~~~~^^
UnicodeDecodeError: 'cp949' codec can't decode byte 0xa4 in position 18: illegal multibyte sequence
Exception in thread Thread-149 (_readerthread):
Traceback (most recent call last):
  File "C:\Users\mrblue\AppData\Local\Programs\Python\Python313\Lib\threading.py", line 1044, in _bootstrap_inner
    self.run()
    ~~~~~~~~^^
  File "C:\Users\mrblue\AppData\Local\Programs\Python\Python313\Lib\threading.py", line 995, in run
    self._target(*self._args, **self._kwargs)
    ~~~~~~~~~~~~^^^^^^^^^^^^^^^^^^^^^^^^^^^^^
  File "C:\Users\mrblue\AppData\Local\Programs\Python\Python313\Lib\subprocess.py", line 1615, in _readerthread
    buffer.append(fh.read())
                  ~~~~~~~^^
UnicodeDecodeError: 'cp949' codec can't decode byte 0xa4 in position 18: illegal multibyte sequence
Exception in thread Thread-151 (_readerthread):
Traceback (most recent call last):
  File "C:\Users\mrblue\AppData\Local\Programs\Python\Python313\Lib\threading.py", line 1044, in _bootstrap_inner
    self.run()
    ~~~~~~~~^^
  File "C:\Users\mrblue\AppData\Local\Programs\Python\Python313\Lib\threading.py", line 995, in run
    self._target(*self._args, **self._kwargs)
    ~~~~~~~~~~~~^^^^^^^^^^^^^^^^^^^^^^^^^^^^^
  File "C:\Users\mrblue\AppData\Local\Programs\Python\Python313\Lib\subprocess.py", line 1615, in _readerthread
    buffer.append(fh.read())
                  ~~~~~~~^^
UnicodeDecodeError: 'cp949' codec can't decode byte 0xa4 in position 18: illegal multibyte sequence
Exception in thread Thread-153 (_readerthread):
Traceback (most recent call last):
  File "C:\Users\mrblue\AppData\Local\Programs\Python\Python313\Lib\threading.py", line 1044, in _bootstrap_inner
    self.run()
    ~~~~~~~~^^
  File "C:\Users\mrblue\AppData\Local\Programs\Python\Python313\Lib\threading.py", line 995, in run
    self._target(*self._args, **self._kwargs)
    ~~~~~~~~~~~~^^^^^^^^^^^^^^^^^^^^^^^^^^^^^
  File "C:\Users\mrblue\AppData\Local\Programs\Python\Python313\Lib\subprocess.py", line 1615, in _readerthread
    buffer.append(fh.read())
                  ~~~~~~~^^
UnicodeDecodeError: 'cp949' codec can't decode byte 0xa4 in position 18: illegal multibyte sequence
Exception in thread Thread-155 (_readerthread):
Traceback (most recent call last):
  File "C:\Users\mrblue\AppData\Local\Programs\Python\Python313\Lib\threading.py", line 1044, in _bootstrap_inner
    self.run()
    ~~~~~~~~^^
  File "C:\Users\mrblue\AppData\Local\Programs\Python\Python313\Lib\threading.py", line 995, in run
    self._target(*self._args, **self._kwargs)
    ~~~~~~~~~~~~^^^^^^^^^^^^^^^^^^^^^^^^^^^^^
  File "C:\Users\mrblue\AppData\Local\Programs\Python\Python313\Lib\subprocess.py", line 1615, in _readerthread
    buffer.append(fh.read())
                  ~~~~~~~^^
UnicodeDecodeError: 'cp949' codec can't decode byte 0xa4 in position 18: illegal multibyte sequence
Exception in thread Thread-157 (_readerthread):
Traceback (most recent call last):
  File "C:\Users\mrblue\AppData\Local\Programs\Python\Python313\Lib\threading.py", line 1044, in _bootstrap_inner
    self.run()
    ~~~~~~~~^^
  File "C:\Users\mrblue\AppData\Local\Programs\Python\Python313\Lib\threading.py", line 995, in run
    self._target(*self._args, **self._kwargs)
    ~~~~~~~~~~~~^^^^^^^^^^^^^^^^^^^^^^^^^^^^^
  File "C:\Users\mrblue\AppData\Local\Programs\Python\Python313\Lib\subprocess.py", line 1615, in _readerthread
    buffer.append(fh.read())
                  ~~~~~~~^^
UnicodeDecodeError: 'cp949' codec can't decode byte 0xa4 in position 18: illegal multibyte sequence
Exception in thread Thread-159 (_readerthread):
Traceback (most recent call last):
  File "C:\Users\mrblue\AppData\Local\Programs\Python\Python313\Lib\threading.py", line 1044, in _bootstrap_inner
    self.run()
    ~~~~~~~~^^
  File "C:\Users\mrblue\AppData\Local\Programs\Python\Python313\Lib\threading.py", line 995, in run
    self._target(*self._args, **self._kwargs)
    ~~~~~~~~~~~~^^^^^^^^^^^^^^^^^^^^^^^^^^^^^
  File "C:\Users\mrblue\AppData\Local\Programs\Python\Python313\Lib\subprocess.py", line 1615, in _readerthread
    buffer.append(fh.read())
                  ~~~~~~~^^
UnicodeDecodeError: 'cp949' codec can't decode byte 0xa4 in position 18: illegal multibyte sequence
Exception in thread Thread-161 (_readerthread):
Traceback (most recent call last):
  File "C:\Users\mrblue\AppData\Local\Programs\Python\Python313\Lib\threading.py", line 1044, in _bootstrap_inner
    self.run()
    ~~~~~~~~^^
  File "C:\Users\mrblue\AppData\Local\Programs\Python\Python313\Lib\threading.py", line 995, in run
    self._target(*self._args, **self._kwargs)
    ~~~~~~~~~~~~^^^^^^^^^^^^^^^^^^^^^^^^^^^^^
  File "C:\Users\mrblue\AppData\Local\Programs\Python\Python313\Lib\subprocess.py", line 1615, in _readerthread
    buffer.append(fh.read())
                  ~~~~~~~^^
UnicodeDecodeError: 'cp949' codec can't decode byte 0xa4 in position 18: illegal multibyte sequence
Exception in thread Thread-163 (_readerthread):
Traceback (most recent call last):
  File "C:\Users\mrblue\AppData\Local\Programs\Python\Python313\Lib\threading.py", line 1044, in _bootstrap_inner
    self.run()
    ~~~~~~~~^^
  File "C:\Users\mrblue\AppData\Local\Programs\Python\Python313\Lib\threading.py", line 995, in run
    self._target(*self._args, **self._kwargs)
    ~~~~~~~~~~~~^^^^^^^^^^^^^^^^^^^^^^^^^^^^^
  File "C:\Users\mrblue\AppData\Local\Programs\Python\Python313\Lib\subprocess.py", line 1615, in _readerthread
    buffer.append(fh.read())
                  ~~~~~~~^^
UnicodeDecodeError: 'cp949' codec can't decode byte 0xa4 in position 18: illegal multibyte sequence
Exception in thread Thread-165 (_readerthread):
Traceback (most recent call last):
  File "C:\Users\mrblue\AppData\Local\Programs\Python\Python313\Lib\threading.py", line 1044, in _bootstrap_inner
    self.run()
    ~~~~~~~~^^
  File "C:\Users\mrblue\AppData\Local\Programs\Python\Python313\Lib\threading.py", line 995, in run
    self._target(*self._args, **self._kwargs)
    ~~~~~~~~~~~~^^^^^^^^^^^^^^^^^^^^^^^^^^^^^
  File "C:\Users\mrblue\AppData\Local\Programs\Python\Python313\Lib\subprocess.py", line 1615, in _readerthread
    buffer.append(fh.read())
                  ~~~~~~~^^
UnicodeDecodeError: 'cp949' codec can't decode byte 0xa4 in position 18: illegal multibyte sequence
Exception in thread Thread-167 (_readerthread):
Traceback (most recent call last):
  File "C:\Users\mrblue\AppData\Local\Programs\Python\Python313\Lib\threading.py", line 1044, in _bootstrap_inner
    self.run()
    ~~~~~~~~^^
  File "C:\Users\mrblue\AppData\Local\Programs\Python\Python313\Lib\threading.py", line 995, in run
    self._target(*self._args, **self._kwargs)
    ~~~~~~~~~~~~^^^^^^^^^^^^^^^^^^^^^^^^^^^^^
  File "C:\Users\mrblue\AppData\Local\Programs\Python\Python313\Lib\subprocess.py", line 1615, in _readerthread
    buffer.append(fh.read())
                  ~~~~~~~^^
UnicodeDecodeError: 'cp949' codec can't decode byte 0xa4 in position 18: illegal multibyte sequence
Exception in thread Thread-169 (_readerthread):
Traceback (most recent call last):
  File "C:\Users\mrblue\AppData\Local\Programs\Python\Python313\Lib\threading.py", line 1044, in _bootstrap_inner
    self.run()
    ~~~~~~~~^^
  File "C:\Users\mrblue\AppData\Local\Programs\Python\Python313\Lib\threading.py", line 995, in run
    self._target(*self._args, **self._kwargs)
    ~~~~~~~~~~~~^^^^^^^^^^^^^^^^^^^^^^^^^^^^^
  File "C:\Users\mrblue\AppData\Local\Programs\Python\Python313\Lib\subprocess.py", line 1615, in _readerthread
    buffer.append(fh.read())
                  ~~~~~~~^^
UnicodeDecodeError: 'cp949' codec can't decode byte 0xa4 in position 18: illegal multibyte sequence
Exception in thread Thread-171 (_readerthread):
Traceback (most recent call last):
  File "C:\Users\mrblue\AppData\Local\Programs\Python\Python313\Lib\threading.py", line 1044, in _bootstrap_inner
    self.run()
    ~~~~~~~~^^
  File "C:\Users\mrblue\AppData\Local\Programs\Python\Python313\Lib\threading.py", line 995, in run
    self._target(*self._args, **self._kwargs)
    ~~~~~~~~~~~~^^^^^^^^^^^^^^^^^^^^^^^^^^^^^
  File "C:\Users\mrblue\AppData\Local\Programs\Python\Python313\Lib\subprocess.py", line 1615, in _readerthread
    buffer.append(fh.read())
                  ~~~~~~~^^
UnicodeDecodeError: 'cp949' codec can't decode byte 0xa4 in position 18: illegal multibyte sequence
Exception in thread Thread-173 (_readerthread):
Traceback (most recent call last):
  File "C:\Users\mrblue\AppData\Local\Programs\Python\Python313\Lib\threading.py", line 1044, in _bootstrap_inner
    self.run()
    ~~~~~~~~^^
  File "C:\Users\mrblue\AppData\Local\Programs\Python\Python313\Lib\threading.py", line 995, in run
    self._target(*self._args, **self._kwargs)
    ~~~~~~~~~~~~^^^^^^^^^^^^^^^^^^^^^^^^^^^^^
  File "C:\Users\mrblue\AppData\Local\Programs\Python\Python313\Lib\subprocess.py", line 1615, in _readerthread
    buffer.append(fh.read())
                  ~~~~~~~^^
UnicodeDecodeError: 'cp949' codec can't decode byte 0xec in position 15: illegal multibyte sequence
Exception in thread Thread-175 (_readerthread):
Traceback (most recent call last):
  File "C:\Users\mrblue\AppData\Local\Programs\Python\Python313\Lib\threading.py", line 1044, in _bootstrap_inner
    self.run()
    ~~~~~~~~^^
  File "C:\Users\mrblue\AppData\Local\Programs\Python\Python313\Lib\threading.py", line 995, in run
    self._target(*self._args, **self._kwargs)
    ~~~~~~~~~~~~^^^^^^^^^^^^^^^^^^^^^^^^^^^^^
  File "C:\Users\mrblue\AppData\Local\Programs\Python\Python313\Lib\subprocess.py", line 1615, in _readerthread
    buffer.append(fh.read())
                  ~~~~~~~^^
UnicodeDecodeError: 'cp949' codec can't decode byte 0xa4 in position 18: illegal multibyte sequence
Exception in thread Thread-177 (_readerthread):
Traceback (most recent call last):
  File "C:\Users\mrblue\AppData\Local\Programs\Python\Python313\Lib\threading.py", line 1044, in _bootstrap_inner
    self.run()
    ~~~~~~~~^^
  File "C:\Users\mrblue\AppData\Local\Programs\Python\Python313\Lib\threading.py", line 995, in run
    self._target(*self._args, **self._kwargs)
    ~~~~~~~~~~~~^^^^^^^^^^^^^^^^^^^^^^^^^^^^^
  File "C:\Users\mrblue\AppData\Local\Programs\Python\Python313\Lib\subprocess.py", line 1615, in _readerthread
    buffer.append(fh.read())
                  ~~~~~~~^^
UnicodeDecodeError: 'cp949' codec can't decode byte 0xa4 in position 18: illegal multibyte sequence
Exception in thread Thread-179 (_readerthread):
Traceback (most recent call last):
  File "C:\Users\mrblue\AppData\Local\Programs\Python\Python313\Lib\threading.py", line 1044, in _bootstrap_inner
    self.run()
    ~~~~~~~~^^
  File "C:\Users\mrblue\AppData\Local\Programs\Python\Python313\Lib\threading.py", line 995, in run
    self._target(*self._args, **self._kwargs)
    ~~~~~~~~~~~~^^^^^^^^^^^^^^^^^^^^^^^^^^^^^
  File "C:\Users\mrblue\AppData\Local\Programs\Python\Python313\Lib\subprocess.py", line 1615, in _readerthread
    buffer.append(fh.read())
                  ~~~~~~~^^
UnicodeDecodeError: 'cp949' codec can't decode byte 0xec in position 15: illegal multibyte sequence
Exception in thread Thread-181 (_readerthread):
Traceback (most recent call last):
  File "C:\Users\mrblue\AppData\Local\Programs\Python\Python313\Lib\threading.py", line 1044, in _bootstrap_inner
    self.run()
    ~~~~~~~~^^
  File "C:\Users\mrblue\AppData\Local\Programs\Python\Python313\Lib\threading.py", line 995, in run
    self._target(*self._args, **self._kwargs)
    ~~~~~~~~~~~~^^^^^^^^^^^^^^^^^^^^^^^^^^^^^
  File "C:\Users\mrblue\AppData\Local\Programs\Python\Python313\Lib\subprocess.py", line 1615, in _readerthread
    buffer.append(fh.read())
                  ~~~~~~~^^
UnicodeDecodeError: 'cp949' codec can't decode byte 0xa4 in position 18: illegal multibyte sequence
Exception in thread Thread-183 (_readerthread):
Traceback (most recent call last):
  File "C:\Users\mrblue\AppData\Local\Programs\Python\Python313\Lib\threading.py", line 1044, in _bootstrap_inner
    self.run()
    ~~~~~~~~^^
  File "C:\Users\mrblue\AppData\Local\Programs\Python\Python313\Lib\threading.py", line 995, in run
    self._target(*self._args, **self._kwargs)
    ~~~~~~~~~~~~^^^^^^^^^^^^^^^^^^^^^^^^^^^^^
  File "C:\Users\mrblue\AppData\Local\Programs\Python\Python313\Lib\subprocess.py", line 1615, in _readerthread
    buffer.append(fh.read())
                  ~~~~~~~^^
UnicodeDecodeError: 'cp949' codec can't decode byte 0xa4 in position 18: illegal multibyte sequence
Exception in thread Thread-185 (_readerthread):
Traceback (most recent call last):
  File "C:\Users\mrblue\AppData\Local\Programs\Python\Python313\Lib\threading.py", line 1044, in _bootstrap_inner
    self.run()
    ~~~~~~~~^^
  File "C:\Users\mrblue\AppData\Local\Programs\Python\Python313\Lib\threading.py", line 995, in run
    self._target(*self._args, **self._kwargs)
    ~~~~~~~~~~~~^^^^^^^^^^^^^^^^^^^^^^^^^^^^^
  File "C:\Users\mrblue\AppData\Local\Programs\Python\Python313\Lib\subprocess.py", line 1615, in _readerthread
    buffer.append(fh.read())
                  ~~~~~~~^^
UnicodeDecodeError: 'cp949' codec can't decode byte 0xa4 in position 18: illegal multibyte sequence
Exception in thread Thread-187 (_readerthread):
Traceback (most recent call last):
  File "C:\Users\mrblue\AppData\Local\Programs\Python\Python313\Lib\threading.py", line 1044, in _bootstrap_inner
    self.run()
    ~~~~~~~~^^
  File "C:\Users\mrblue\AppData\Local\Programs\Python\Python313\Lib\threading.py", line 995, in run
    self._target(*self._args, **self._kwargs)
    ~~~~~~~~~~~~^^^^^^^^^^^^^^^^^^^^^^^^^^^^^
  File "C:\Users\mrblue\AppData\Local\Programs\Python\Python313\Lib\subprocess.py", line 1615, in _readerthread
    buffer.append(fh.read())
                  ~~~~~~~^^
UnicodeDecodeError: 'cp949' codec can't decode byte 0xa4 in position 18: illegal multibyte sequence
Exception in thread Thread-189 (_readerthread):
Traceback (most recent call last):
  File "C:\Users\mrblue\AppData\Local\Programs\Python\Python313\Lib\threading.py", line 1044, in _bootstrap_inner
    self.run()
    ~~~~~~~~^^
  File "C:\Users\mrblue\AppData\Local\Programs\Python\Python313\Lib\threading.py", line 995, in run
    self._target(*self._args, **self._kwargs)
    ~~~~~~~~~~~~^^^^^^^^^^^^^^^^^^^^^^^^^^^^^
  File "C:\Users\mrblue\AppData\Local\Programs\Python\Python313\Lib\subprocess.py", line 1615, in _readerthread
    buffer.append(fh.read())
                  ~~~~~~~^^
UnicodeDecodeError: 'cp949' codec can't decode byte 0xa4 in position 18: illegal multibyte sequence
Exception in thread Thread-191 (_readerthread):
Traceback (most recent call last):
  File "C:\Users\mrblue\AppData\Local\Programs\Python\Python313\Lib\threading.py", line 1044, in _bootstrap_inner
    self.run()
    ~~~~~~~~^^
  File "C:\Users\mrblue\AppData\Local\Programs\Python\Python313\Lib\threading.py", line 995, in run
    self._target(*self._args, **self._kwargs)
    ~~~~~~~~~~~~^^^^^^^^^^^^^^^^^^^^^^^^^^^^^
  File "C:\Users\mrblue\AppData\Local\Programs\Python\Python313\Lib\subprocess.py", line 1615, in _readerthread
    buffer.append(fh.read())
                  ~~~~~~~^^
UnicodeDecodeError: 'cp949' codec can't decode byte 0xa4 in position 18: illegal multibyte sequence
Exception in thread Thread-193 (_readerthread):
Traceback (most recent call last):
  File "C:\Users\mrblue\AppData\Local\Programs\Python\Python313\Lib\threading.py", line 1044, in _bootstrap_inner
    self.run()
    ~~~~~~~~^^
  File "C:\Users\mrblue\AppData\Local\Programs\Python\Python313\Lib\threading.py", line 995, in run
    self._target(*self._args, **self._kwargs)
    ~~~~~~~~~~~~^^^^^^^^^^^^^^^^^^^^^^^^^^^^^
  File "C:\Users\mrblue\AppData\Local\Programs\Python\Python313\Lib\subprocess.py", line 1615, in _readerthread
    buffer.append(fh.read())
                  ~~~~~~~^^
UnicodeDecodeError: 'cp949' codec can't decode byte 0xec in position 15: illegal multibyte sequence
Exception in thread Thread-195 (_readerthread):
Traceback (most recent call last):
  File "C:\Users\mrblue\AppData\Local\Programs\Python\Python313\Lib\threading.py", line 1044, in _bootstrap_inner
    self.run()
    ~~~~~~~~^^
  File "C:\Users\mrblue\AppData\Local\Programs\Python\Python313\Lib\threading.py", line 995, in run
    self._target(*self._args, **self._kwargs)
    ~~~~~~~~~~~~^^^^^^^^^^^^^^^^^^^^^^^^^^^^^
  File "C:\Users\mrblue\AppData\Local\Programs\Python\Python313\Lib\subprocess.py", line 1615, in _readerthread
    buffer.append(fh.read())
                  ~~~~~~~^^
UnicodeDecodeError: 'cp949' codec can't decode byte 0xa4 in position 18: illegal multibyte sequence
Exception in thread Thread-197 (_readerthread):
Traceback (most recent call last):
  File "C:\Users\mrblue\AppData\Local\Programs\Python\Python313\Lib\threading.py", line 1044, in _bootstrap_inner
    self.run()
    ~~~~~~~~^^
  File "C:\Users\mrblue\AppData\Local\Programs\Python\Python313\Lib\threading.py", line 995, in run
    self._target(*self._args, **self._kwargs)
    ~~~~~~~~~~~~^^^^^^^^^^^^^^^^^^^^^^^^^^^^^
  File "C:\Users\mrblue\AppData\Local\Programs\Python\Python313\Lib\subprocess.py", line 1615, in _readerthread
    buffer.append(fh.read())
                  ~~~~~~~^^
UnicodeDecodeError: 'cp949' codec can't decode byte 0xa4 in position 18: illegal multibyte sequence
Exception in thread Thread-199 (_readerthread):
Traceback (most recent call last):
  File "C:\Users\mrblue\AppData\Local\Programs\Python\Python313\Lib\threading.py", line 1044, in _bootstrap_inner
    self.run()
    ~~~~~~~~^^
  File "C:\Users\mrblue\AppData\Local\Programs\Python\Python313\Lib\threading.py", line 995, in run
    self._target(*self._args, **self._kwargs)
    ~~~~~~~~~~~~^^^^^^^^^^^^^^^^^^^^^^^^^^^^^
  File "C:\Users\mrblue\AppData\Local\Programs\Python\Python313\Lib\subprocess.py", line 1615, in _readerthread
    buffer.append(fh.read())
                  ~~~~~~~^^
UnicodeDecodeError: 'cp949' codec can't decode byte 0xa4 in position 18: illegal multibyte sequence
Exception in thread Thread-201 (_readerthread):
Traceback (most recent call last):
  File "C:\Users\mrblue\AppData\Local\Programs\Python\Python313\Lib\threading.py", line 1044, in _bootstrap_inner
    self.run()
    ~~~~~~~~^^
  File "C:\Users\mrblue\AppData\Local\Programs\Python\Python313\Lib\threading.py", line 995, in run
    self._target(*self._args, **self._kwargs)
    ~~~~~~~~~~~~^^^^^^^^^^^^^^^^^^^^^^^^^^^^^
  File "C:\Users\mrblue\AppData\Local\Programs\Python\Python313\Lib\subprocess.py", line 1615, in _readerthread
    buffer.append(fh.read())
                  ~~~~~~~^^
UnicodeDecodeError: 'cp949' codec can't decode byte 0xa4 in position 18: illegal multibyte sequence
Exception in thread Thread-203 (_readerthread):
Traceback (most recent call last):
  File "C:\Users\mrblue\AppData\Local\Programs\Python\Python313\Lib\threading.py", line 1044, in _bootstrap_inner
    self.run()
    ~~~~~~~~^^
  File "C:\Users\mrblue\AppData\Local\Programs\Python\Python313\Lib\threading.py", line 995, in run
    self._target(*self._args, **self._kwargs)
    ~~~~~~~~~~~~^^^^^^^^^^^^^^^^^^^^^^^^^^^^^
  File "C:\Users\mrblue\AppData\Local\Programs\Python\Python313\Lib\subprocess.py", line 1615, in _readerthread
    buffer.append(fh.read())
                  ~~~~~~~^^
UnicodeDecodeError: 'cp949' codec can't decode byte 0xa4 in position 18: illegal multibyte sequence
Exception in thread Thread-205 (_readerthread):
Traceback (most recent call last):
  File "C:\Users\mrblue\AppData\Local\Programs\Python\Python313\Lib\threading.py", line 1044, in _bootstrap_inner
    self.run()
    ~~~~~~~~^^
  File "C:\Users\mrblue\AppData\Local\Programs\Python\Python313\Lib\threading.py", line 995, in run
    self._target(*self._args, **self._kwargs)
    ~~~~~~~~~~~~^^^^^^^^^^^^^^^^^^^^^^^^^^^^^
  File "C:\Users\mrblue\AppData\Local\Programs\Python\Python313\Lib\subprocess.py", line 1615, in _readerthread
    buffer.append(fh.read())
                  ~~~~~~~^^
UnicodeDecodeError: 'cp949' codec can't decode byte 0xa4 in position 18: illegal multibyte sequence
Exception in thread Thread-207 (_readerthread):
Traceback (most recent call last):
  File "C:\Users\mrblue\AppData\Local\Programs\Python\Python313\Lib\threading.py", line 1044, in _bootstrap_inner
    self.run()
    ~~~~~~~~^^
  File "C:\Users\mrblue\AppData\Local\Programs\Python\Python313\Lib\threading.py", line 995, in run
    self._target(*self._args, **self._kwargs)
    ~~~~~~~~~~~~^^^^^^^^^^^^^^^^^^^^^^^^^^^^^
  File "C:\Users\mrblue\AppData\Local\Programs\Python\Python313\Lib\subprocess.py", line 1615, in _readerthread
    buffer.append(fh.read())
                  ~~~~~~~^^
UnicodeDecodeError: 'cp949' codec can't decode byte 0xa4 in position 18: illegal multibyte sequence
Exception in thread Thread-209 (_readerthread):
Traceback (most recent call last):
  File "C:\Users\mrblue\AppData\Local\Programs\Python\Python313\Lib\threading.py", line 1044, in _bootstrap_inner
    self.run()
    ~~~~~~~~^^
  File "C:\Users\mrblue\AppData\Local\Programs\Python\Python313\Lib\threading.py", line 995, in run
    self._target(*self._args, **self._kwargs)
    ~~~~~~~~~~~~^^^^^^^^^^^^^^^^^^^^^^^^^^^^^
  File "C:\Users\mrblue\AppData\Local\Programs\Python\Python313\Lib\subprocess.py", line 1615, in _readerthread
    buffer.append(fh.read())
                  ~~~~~~~^^
UnicodeDecodeError: 'cp949' codec can't decode byte 0xa4 in position 18: illegal multibyte sequence
Exception in thread Thread-211 (_readerthread):
Traceback (most recent call last):
  File "C:\Users\mrblue\AppData\Local\Programs\Python\Python313\Lib\threading.py", line 1044, in _bootstrap_inner
    self.run()
    ~~~~~~~~^^
  File "C:\Users\mrblue\AppData\Local\Programs\Python\Python313\Lib\threading.py", line 995, in run
    self._target(*self._args, **self._kwargs)
    ~~~~~~~~~~~~^^^^^^^^^^^^^^^^^^^^^^^^^^^^^
  File "C:\Users\mrblue\AppData\Local\Programs\Python\Python313\Lib\subprocess.py", line 1615, in _readerthread
    buffer.append(fh.read())
                  ~~~~~~~^^
UnicodeDecodeError: 'cp949' codec can't decode byte 0xa4 in position 18: illegal multibyte sequence
Exception in thread Thread-213 (_readerthread):
Traceback (most recent call last):
  File "C:\Users\mrblue\AppData\Local\Programs\Python\Python313\Lib\threading.py", line 1044, in _bootstrap_inner
    self.run()
    ~~~~~~~~^^
  File "C:\Users\mrblue\AppData\Local\Programs\Python\Python313\Lib\threading.py", line 995, in run
    self._target(*self._args, **self._kwargs)
    ~~~~~~~~~~~~^^^^^^^^^^^^^^^^^^^^^^^^^^^^^
  File "C:\Users\mrblue\AppData\Local\Programs\Python\Python313\Lib\subprocess.py", line 1615, in _readerthread
    buffer.append(fh.read())
                  ~~~~~~~^^
UnicodeDecodeError: 'cp949' codec can't decode byte 0xa4 in position 18: illegal multibyte sequence
Exception in thread Thread-215 (_readerthread):
Traceback (most recent call last):
  File "C:\Users\mrblue\AppData\Local\Programs\Python\Python313\Lib\threading.py", line 1044, in _bootstrap_inner
    self.run()
    ~~~~~~~~^^
  File "C:\Users\mrblue\AppData\Local\Programs\Python\Python313\Lib\threading.py", line 995, in run
    self._target(*self._args, **self._kwargs)
    ~~~~~~~~~~~~^^^^^^^^^^^^^^^^^^^^^^^^^^^^^
  File "C:\Users\mrblue\AppData\Local\Programs\Python\Python313\Lib\subprocess.py", line 1615, in _readerthread
    buffer.append(fh.read())
                  ~~~~~~~^^
UnicodeDecodeError: 'cp949' codec can't decode byte 0xa4 in position 18: illegal multibyte sequence
Exception in thread Thread-217 (_readerthread):
Traceback (most recent call last):
  File "C:\Users\mrblue\AppData\Local\Programs\Python\Python313\Lib\threading.py", line 1044, in _bootstrap_inner
    self.run()
    ~~~~~~~~^^
  File "C:\Users\mrblue\AppData\Local\Programs\Python\Python313\Lib\threading.py", line 995, in run
    self._target(*self._args, **self._kwargs)
    ~~~~~~~~~~~~^^^^^^^^^^^^^^^^^^^^^^^^^^^^^
  File "C:\Users\mrblue\AppData\Local\Programs\Python\Python313\Lib\subprocess.py", line 1615, in _readerthread
    buffer.append(fh.read())
                  ~~~~~~~^^
UnicodeDecodeError: 'cp949' codec can't decode byte 0xa4 in position 18: illegal multibyte sequence
Exception in thread Thread-219 (_readerthread):
Traceback (most recent call last):
  File "C:\Users\mrblue\AppData\Local\Programs\Python\Python313\Lib\threading.py", line 1044, in _bootstrap_inner
    self.run()
    ~~~~~~~~^^
  File "C:\Users\mrblue\AppData\Local\Programs\Python\Python313\Lib\threading.py", line 995, in run
    self._target(*self._args, **self._kwargs)
    ~~~~~~~~~~~~^^^^^^^^^^^^^^^^^^^^^^^^^^^^^
  File "C:\Users\mrblue\AppData\Local\Programs\Python\Python313\Lib\subprocess.py", line 1615, in _readerthread
    buffer.append(fh.read())
                  ~~~~~~~^^
UnicodeDecodeError: 'cp949' codec can't decode byte 0xa4 in position 18: illegal multibyte sequence
Exception in thread Thread-221 (_readerthread):
Traceback (most recent call last):
  File "C:\Users\mrblue\AppData\Local\Programs\Python\Python313\Lib\threading.py", line 1044, in _bootstrap_inner
    self.run()
    ~~~~~~~~^^
  File "C:\Users\mrblue\AppData\Local\Programs\Python\Python313\Lib\threading.py", line 995, in run
    self._target(*self._args, **self._kwargs)
    ~~~~~~~~~~~~^^^^^^^^^^^^^^^^^^^^^^^^^^^^^
  File "C:\Users\mrblue\AppData\Local\Programs\Python\Python313\Lib\subprocess.py", line 1615, in _readerthread
    buffer.append(fh.read())
                  ~~~~~~~^^
UnicodeDecodeError: 'cp949' codec can't decode byte 0xa4 in position 18: illegal multibyte sequence
Exception in thread Thread-223 (_readerthread):
Traceback (most recent call last):
  File "C:\Users\mrblue\AppData\Local\Programs\Python\Python313\Lib\threading.py", line 1044, in _bootstrap_inner
    self.run()
    ~~~~~~~~^^
  File "C:\Users\mrblue\AppData\Local\Programs\Python\Python313\Lib\threading.py", line 995, in run
    self._target(*self._args, **self._kwargs)
    ~~~~~~~~~~~~^^^^^^^^^^^^^^^^^^^^^^^^^^^^^
  File "C:\Users\mrblue\AppData\Local\Programs\Python\Python313\Lib\subprocess.py", line 1615, in _readerthread
    buffer.append(fh.read())
                  ~~~~~~~^^
UnicodeDecodeError: 'cp949' codec can't decode byte 0xa4 in position 18: illegal multibyte sequence
Exception in thread Thread-225 (_readerthread):
Traceback (most recent call last):
  File "C:\Users\mrblue\AppData\Local\Programs\Python\Python313\Lib\threading.py", line 1044, in _bootstrap_inner
    self.run()
    ~~~~~~~~^^
  File "C:\Users\mrblue\AppData\Local\Programs\Python\Python313\Lib\threading.py", line 995, in run
    self._target(*self._args, **self._kwargs)
    ~~~~~~~~~~~~^^^^^^^^^^^^^^^^^^^^^^^^^^^^^
  File "C:\Users\mrblue\AppData\Local\Programs\Python\Python313\Lib\subprocess.py", line 1615, in _readerthread
    buffer.append(fh.read())
                  ~~~~~~~^^
UnicodeDecodeError: 'cp949' codec can't decode byte 0xec in position 15: illegal multibyte sequence
Exception in thread Thread-227 (_readerthread):
Traceback (most recent call last):
  File "C:\Users\mrblue\AppData\Local\Programs\Python\Python313\Lib\threading.py", line 1044, in _bootstrap_inner
    self.run()
    ~~~~~~~~^^
  File "C:\Users\mrblue\AppData\Local\Programs\Python\Python313\Lib\threading.py", line 995, in run
    self._target(*self._args, **self._kwargs)
    ~~~~~~~~~~~~^^^^^^^^^^^^^^^^^^^^^^^^^^^^^
  File "C:\Users\mrblue\AppData\Local\Programs\Python\Python313\Lib\subprocess.py", line 1615, in _readerthread
    buffer.append(fh.read())
                  ~~~~~~~^^
UnicodeDecodeError: 'cp949' codec can't decode byte 0xa4 in position 18: illegal multibyte sequence
Exception in thread Thread-229 (_readerthread):
Traceback (most recent call last):
  File "C:\Users\mrblue\AppData\Local\Programs\Python\Python313\Lib\threading.py", line 1044, in _bootstrap_inner
    self.run()
    ~~~~~~~~^^
  File "C:\Users\mrblue\AppData\Local\Programs\Python\Python313\Lib\threading.py", line 995, in run
    self._target(*self._args, **self._kwargs)
    ~~~~~~~~~~~~^^^^^^^^^^^^^^^^^^^^^^^^^^^^^
  File "C:\Users\mrblue\AppData\Local\Programs\Python\Python313\Lib\subprocess.py", line 1615, in _readerthread
    buffer.append(fh.read())
                  ~~~~~~~^^
UnicodeDecodeError: 'cp949' codec can't decode byte 0xa4 in position 18: illegal multibyte sequence
Exception in thread Thread-231 (_readerthread):
Traceback (most recent call last):
  File "C:\Users\mrblue\AppData\Local\Programs\Python\Python313\Lib\threading.py", line 1044, in _bootstrap_inner
    self.run()
    ~~~~~~~~^^
  File "C:\Users\mrblue\AppData\Local\Programs\Python\Python313\Lib\threading.py", line 995, in run
    self._target(*self._args, **self._kwargs)
    ~~~~~~~~~~~~^^^^^^^^^^^^^^^^^^^^^^^^^^^^^
  File "C:\Users\mrblue\AppData\Local\Programs\Python\Python313\Lib\subprocess.py", line 1615, in _readerthread
    buffer.append(fh.read())
                  ~~~~~~~^^
UnicodeDecodeError: 'cp949' codec can't decode byte 0xa4 in position 18: illegal multibyte sequence
Exception in thread Thread-233 (_readerthread):
Traceback (most recent call last):
  File "C:\Users\mrblue\AppData\Local\Programs\Python\Python313\Lib\threading.py", line 1044, in _bootstrap_inner
    self.run()
    ~~~~~~~~^^
  File "C:\Users\mrblue\AppData\Local\Programs\Python\Python313\Lib\threading.py", line 995, in run
    self._target(*self._args, **self._kwargs)
    ~~~~~~~~~~~~^^^^^^^^^^^^^^^^^^^^^^^^^^^^^
  File "C:\Users\mrblue\AppData\Local\Programs\Python\Python313\Lib\subprocess.py", line 1615, in _readerthread
    buffer.append(fh.read())
                  ~~~~~~~^^
UnicodeDecodeError: 'cp949' codec can't decode byte 0xa4 in position 18: illegal multibyte sequence
Exception in thread Thread-235 (_readerthread):
Traceback (most recent call last):
  File "C:\Users\mrblue\AppData\Local\Programs\Python\Python313\Lib\threading.py", line 1044, in _bootstrap_inner
    self.run()
    ~~~~~~~~^^
  File "C:\Users\mrblue\AppData\Local\Programs\Python\Python313\Lib\threading.py", line 995, in run
    self._target(*self._args, **self._kwargs)
    ~~~~~~~~~~~~^^^^^^^^^^^^^^^^^^^^^^^^^^^^^
  File "C:\Users\mrblue\AppData\Local\Programs\Python\Python313\Lib\subprocess.py", line 1615, in _readerthread
    buffer.append(fh.read())
                  ~~~~~~~^^
UnicodeDecodeError: 'cp949' codec can't decode byte 0xa4 in position 18: illegal multibyte sequence
Exception in thread Thread-237 (_readerthread):
Traceback (most recent call last):
  File "C:\Users\mrblue\AppData\Local\Programs\Python\Python313\Lib\threading.py", line 1044, in _bootstrap_inner
    self.run()
    ~~~~~~~~^^
  File "C:\Users\mrblue\AppData\Local\Programs\Python\Python313\Lib\threading.py", line 995, in run
    self._target(*self._args, **self._kwargs)
    ~~~~~~~~~~~~^^^^^^^^^^^^^^^^^^^^^^^^^^^^^
  File "C:\Users\mrblue\AppData\Local\Programs\Python\Python313\Lib\subprocess.py", line 1615, in _readerthread
    buffer.append(fh.read())
                  ~~~~~~~^^
UnicodeDecodeError: 'cp949' codec can't decode byte 0xa4 in position 18: illegal multibyte sequence
Exception in thread Thread-239 (_readerthread):
Traceback (most recent call last):
  File "C:\Users\mrblue\AppData\Local\Programs\Python\Python313\Lib\threading.py", line 1044, in _bootstrap_inner
    self.run()
    ~~~~~~~~^^
  File "C:\Users\mrblue\AppData\Local\Programs\Python\Python313\Lib\threading.py", line 995, in run
    self._target(*self._args, **self._kwargs)
    ~~~~~~~~~~~~^^^^^^^^^^^^^^^^^^^^^^^^^^^^^
  File "C:\Users\mrblue\AppData\Local\Programs\Python\Python313\Lib\subprocess.py", line 1615, in _readerthread
    buffer.append(fh.read())
                  ~~~~~~~^^
UnicodeDecodeError: 'cp949' codec can't decode byte 0xa4 in position 18: illegal multibyte sequence
    120/247 — 성공 0 실패 120
Exception in thread Thread-241 (_readerthread):
Traceback (most recent call last):
  File "C:\Users\mrblue\AppData\Local\Programs\Python\Python313\Lib\threading.py", line 1044, in _bootstrap_inner
    self.run()
    ~~~~~~~~^^
  File "C:\Users\mrblue\AppData\Local\Programs\Python\Python313\Lib\threading.py", line 995, in run
    self._target(*self._args, **self._kwargs)
    ~~~~~~~~~~~~^^^^^^^^^^^^^^^^^^^^^^^^^^^^^
  File "C:\Users\mrblue\AppData\Local\Programs\Python\Python313\Lib\subprocess.py", line 1615, in _readerthread
    buffer.append(fh.read())
                  ~~~~~~~^^
UnicodeDecodeError: 'cp949' codec can't decode byte 0xa4 in position 18: illegal multibyte sequence
Exception in thread Thread-243 (_readerthread):
Traceback (most recent call last):
  File "C:\Users\mrblue\AppData\Local\Programs\Python\Python313\Lib\threading.py", line 1044, in _bootstrap_inner
    self.run()
    ~~~~~~~~^^
  File "C:\Users\mrblue\AppData\Local\Programs\Python\Python313\Lib\threading.py", line 995, in run
    self._target(*self._args, **self._kwargs)
    ~~~~~~~~~~~~^^^^^^^^^^^^^^^^^^^^^^^^^^^^^
  File "C:\Users\mrblue\AppData\Local\Programs\Python\Python313\Lib\subprocess.py", line 1615, in _readerthread
    buffer.append(fh.read())
                  ~~~~~~~^^
UnicodeDecodeError: 'cp949' codec can't decode byte 0xa4 in position 18: illegal multibyte sequence
Exception in thread Thread-245 (_readerthread):
Traceback (most recent call last):
  File "C:\Users\mrblue\AppData\Local\Programs\Python\Python313\Lib\threading.py", line 1044, in _bootstrap_inner
    self.run()
    ~~~~~~~~^^
  File "C:\Users\mrblue\AppData\Local\Programs\Python\Python313\Lib\threading.py", line 995, in run
    self._target(*self._args, **self._kwargs)
    ~~~~~~~~~~~~^^^^^^^^^^^^^^^^^^^^^^^^^^^^^
  File "C:\Users\mrblue\AppData\Local\Programs\Python\Python313\Lib\subprocess.py", line 1615, in _readerthread
    buffer.append(fh.read())
                  ~~~~~~~^^
UnicodeDecodeError: 'cp949' codec can't decode byte 0xa4 in position 18: illegal multibyte sequence
Exception in thread Thread-247 (_readerthread):
Traceback (most recent call last):
  File "C:\Users\mrblue\AppData\Local\Programs\Python\Python313\Lib\threading.py", line 1044, in _bootstrap_inner
    self.run()
    ~~~~~~~~^^
  File "C:\Users\mrblue\AppData\Local\Programs\Python\Python313\Lib\threading.py", line 995, in run
    self._target(*self._args, **self._kwargs)
    ~~~~~~~~~~~~^^^^^^^^^^^^^^^^^^^^^^^^^^^^^
  File "C:\Users\mrblue\AppData\Local\Programs\Python\Python313\Lib\subprocess.py", line 1615, in _readerthread
    buffer.append(fh.read())
                  ~~~~~~~^^
UnicodeDecodeError: 'cp949' codec can't decode byte 0xa4 in position 18: illegal multibyte sequence
Exception in thread Thread-249 (_readerthread):
Traceback (most recent call last):
  File "C:\Users\mrblue\AppData\Local\Programs\Python\Python313\Lib\threading.py", line 1044, in _bootstrap_inner
    self.run()
    ~~~~~~~~^^
  File "C:\Users\mrblue\AppData\Local\Programs\Python\Python313\Lib\threading.py", line 995, in run
    self._target(*self._args, **self._kwargs)
    ~~~~~~~~~~~~^^^^^^^^^^^^^^^^^^^^^^^^^^^^^
  File "C:\Users\mrblue\AppData\Local\Programs\Python\Python313\Lib\subprocess.py", line 1615, in _readerthread
    buffer.append(fh.read())
                  ~~~~~~~^^
UnicodeDecodeError: 'cp949' codec can't decode byte 0xa4 in position 18: illegal multibyte sequence
Exception in thread Thread-251 (_readerthread):
Traceback (most recent call last):
  File "C:\Users\mrblue\AppData\Local\Programs\Python\Python313\Lib\threading.py", line 1044, in _bootstrap_inner
    self.run()
    ~~~~~~~~^^
  File "C:\Users\mrblue\AppData\Local\Programs\Python\Python313\Lib\threading.py", line 995, in run
    self._target(*self._args, **self._kwargs)
    ~~~~~~~~~~~~^^^^^^^^^^^^^^^^^^^^^^^^^^^^^
  File "C:\Users\mrblue\AppData\Local\Programs\Python\Python313\Lib\subprocess.py", line 1615, in _readerthread
    buffer.append(fh.read())
                  ~~~~~~~^^
UnicodeDecodeError: 'cp949' codec can't decode byte 0xa4 in position 18: illegal multibyte sequence
Exception in thread Thread-253 (_readerthread):
Traceback (most recent call last):
  File "C:\Users\mrblue\AppData\Local\Programs\Python\Python313\Lib\threading.py", line 1044, in _bootstrap_inner
    self.run()
    ~~~~~~~~^^
  File "C:\Users\mrblue\AppData\Local\Programs\Python\Python313\Lib\threading.py", line 995, in run
    self._target(*self._args, **self._kwargs)
    ~~~~~~~~~~~~^^^^^^^^^^^^^^^^^^^^^^^^^^^^^
  File "C:\Users\mrblue\AppData\Local\Programs\Python\Python313\Lib\subprocess.py", line 1615, in _readerthread
    buffer.append(fh.read())
                  ~~~~~~~^^
UnicodeDecodeError: 'cp949' codec can't decode byte 0xa4 in position 18: illegal multibyte sequence
Exception in thread Thread-255 (_readerthread):
Traceback (most recent call last):
  File "C:\Users\mrblue\AppData\Local\Programs\Python\Python313\Lib\threading.py", line 1044, in _bootstrap_inner
    self.run()
    ~~~~~~~~^^
  File "C:\Users\mrblue\AppData\Local\Programs\Python\Python313\Lib\threading.py", line 995, in run
    self._target(*self._args, **self._kwargs)
    ~~~~~~~~~~~~^^^^^^^^^^^^^^^^^^^^^^^^^^^^^
  File "C:\Users\mrblue\AppData\Local\Programs\Python\Python313\Lib\subprocess.py", line 1615, in _readerthread
    buffer.append(fh.read())
                  ~~~~~~~^^
UnicodeDecodeError: 'cp949' codec can't decode byte 0xa4 in position 18: illegal multibyte sequence
Exception in thread Thread-257 (_readerthread):
Traceback (most recent call last):
  File "C:\Users\mrblue\AppData\Local\Programs\Python\Python313\Lib\threading.py", line 1044, in _bootstrap_inner
    self.run()
    ~~~~~~~~^^
  File "C:\Users\mrblue\AppData\Local\Programs\Python\Python313\Lib\threading.py", line 995, in run
    self._target(*self._args, **self._kwargs)
    ~~~~~~~~~~~~^^^^^^^^^^^^^^^^^^^^^^^^^^^^^
  File "C:\Users\mrblue\AppData\Local\Programs\Python\Python313\Lib\subprocess.py", line 1615, in _readerthread
    buffer.append(fh.read())
                  ~~~~~~~^^
UnicodeDecodeError: 'cp949' codec can't decode byte 0xa4 in position 18: illegal multibyte sequence
Exception in thread Thread-259 (_readerthread):
Traceback (most recent call last):
  File "C:\Users\mrblue\AppData\Local\Programs\Python\Python313\Lib\threading.py", line 1044, in _bootstrap_inner
    self.run()
    ~~~~~~~~^^
  File "C:\Users\mrblue\AppData\Local\Programs\Python\Python313\Lib\threading.py", line 995, in run
    self._target(*self._args, **self._kwargs)
    ~~~~~~~~~~~~^^^^^^^^^^^^^^^^^^^^^^^^^^^^^
  File "C:\Users\mrblue\AppData\Local\Programs\Python\Python313\Lib\subprocess.py", line 1615, in _readerthread
    buffer.append(fh.read())
                  ~~~~~~~^^
UnicodeDecodeError: 'cp949' codec can't decode byte 0xa4 in position 18: illegal multibyte sequence
Exception in thread Thread-261 (_readerthread):
Traceback (most recent call last):
  File "C:\Users\mrblue\AppData\Local\Programs\Python\Python313\Lib\threading.py", line 1044, in _bootstrap_inner
    self.run()
    ~~~~~~~~^^
  File "C:\Users\mrblue\AppData\Local\Programs\Python\Python313\Lib\threading.py", line 995, in run
    self._target(*self._args, **self._kwargs)
    ~~~~~~~~~~~~^^^^^^^^^^^^^^^^^^^^^^^^^^^^^
  File "C:\Users\mrblue\AppData\Local\Programs\Python\Python313\Lib\subprocess.py", line 1615, in _readerthread
    buffer.append(fh.read())
                  ~~~~~~~^^
UnicodeDecodeError: 'cp949' codec can't decode byte 0xa4 in position 18: illegal multibyte sequence
Exception in thread Thread-263 (_readerthread):
Traceback (most recent call last):
  File "C:\Users\mrblue\AppData\Local\Programs\Python\Python313\Lib\threading.py", line 1044, in _bootstrap_inner
    self.run()
    ~~~~~~~~^^
  File "C:\Users\mrblue\AppData\Local\Programs\Python\Python313\Lib\threading.py", line 995, in run
    self._target(*self._args, **self._kwargs)
    ~~~~~~~~~~~~^^^^^^^^^^^^^^^^^^^^^^^^^^^^^
  File "C:\Users\mrblue\AppData\Local\Programs\Python\Python313\Lib\subprocess.py", line 1615, in _readerthread
    buffer.append(fh.read())
                  ~~~~~~~^^
UnicodeDecodeError: 'cp949' codec can't decode byte 0xa4 in position 18: illegal multibyte sequence
Exception in thread Thread-265 (_readerthread):
Traceback (most recent call last):
  File "C:\Users\mrblue\AppData\Local\Programs\Python\Python313\Lib\threading.py", line 1044, in _bootstrap_inner
    self.run()
    ~~~~~~~~^^
  File "C:\Users\mrblue\AppData\Local\Programs\Python\Python313\Lib\threading.py", line 995, in run
    self._target(*self._args, **self._kwargs)
    ~~~~~~~~~~~~^^^^^^^^^^^^^^^^^^^^^^^^^^^^^
  File "C:\Users\mrblue\AppData\Local\Programs\Python\Python313\Lib\subprocess.py", line 1615, in _readerthread
    buffer.append(fh.read())
                  ~~~~~~~^^
UnicodeDecodeError: 'cp949' codec can't decode byte 0xa4 in position 18: illegal multibyte sequence
Exception in thread Thread-267 (_readerthread):
Traceback (most recent call last):
  File "C:\Users\mrblue\AppData\Local\Programs\Python\Python313\Lib\threading.py", line 1044, in _bootstrap_inner
    self.run()
    ~~~~~~~~^^
  File "C:\Users\mrblue\AppData\Local\Programs\Python\Python313\Lib\threading.py", line 995, in run
    self._target(*self._args, **self._kwargs)
    ~~~~~~~~~~~~^^^^^^^^^^^^^^^^^^^^^^^^^^^^^
  File "C:\Users\mrblue\AppData\Local\Programs\Python\Python313\Lib\subprocess.py", line 1615, in _readerthread
    buffer.append(fh.read())
                  ~~~~~~~^^
UnicodeDecodeError: 'cp949' codec can't decode byte 0xa4 in position 18: illegal multibyte sequence
Exception in thread Thread-269 (_readerthread):
Traceback (most recent call last):
  File "C:\Users\mrblue\AppData\Local\Programs\Python\Python313\Lib\threading.py", line 1044, in _bootstrap_inner
    self.run()
    ~~~~~~~~^^
  File "C:\Users\mrblue\AppData\Local\Programs\Python\Python313\Lib\threading.py", line 995, in run
    self._target(*self._args, **self._kwargs)
    ~~~~~~~~~~~~^^^^^^^^^^^^^^^^^^^^^^^^^^^^^
  File "C:\Users\mrblue\AppData\Local\Programs\Python\Python313\Lib\subprocess.py", line 1615, in _readerthread
    buffer.append(fh.read())
                  ~~~~~~~^^
UnicodeDecodeError: 'cp949' codec can't decode byte 0xa4 in position 18: illegal multibyte sequence
Exception in thread Thread-271 (_readerthread):
Traceback (most recent call last):
  File "C:\Users\mrblue\AppData\Local\Programs\Python\Python313\Lib\threading.py", line 1044, in _bootstrap_inner
    self.run()
    ~~~~~~~~^^
  File "C:\Users\mrblue\AppData\Local\Programs\Python\Python313\Lib\threading.py", line 995, in run
    self._target(*self._args, **self._kwargs)
    ~~~~~~~~~~~~^^^^^^^^^^^^^^^^^^^^^^^^^^^^^
  File "C:\Users\mrblue\AppData\Local\Programs\Python\Python313\Lib\subprocess.py", line 1615, in _readerthread
    buffer.append(fh.read())
                  ~~~~~~~^^
UnicodeDecodeError: 'cp949' codec can't decode byte 0xa4 in position 18: illegal multibyte sequence
Exception in thread Thread-273 (_readerthread):
Traceback (most recent call last):
  File "C:\Users\mrblue\AppData\Local\Programs\Python\Python313\Lib\threading.py", line 1044, in _bootstrap_inner
    self.run()
    ~~~~~~~~^^
  File "C:\Users\mrblue\AppData\Local\Programs\Python\Python313\Lib\threading.py", line 995, in run
    self._target(*self._args, **self._kwargs)
    ~~~~~~~~~~~~^^^^^^^^^^^^^^^^^^^^^^^^^^^^^
  File "C:\Users\mrblue\AppData\Local\Programs\Python\Python313\Lib\subprocess.py", line 1615, in _readerthread
    buffer.append(fh.read())
                  ~~~~~~~^^
UnicodeDecodeError: 'cp949' codec can't decode byte 0xa4 in position 18: illegal multibyte sequence
Exception in thread Thread-275 (_readerthread):
Traceback (most recent call last):
  File "C:\Users\mrblue\AppData\Local\Programs\Python\Python313\Lib\threading.py", line 1044, in _bootstrap_inner
    self.run()
    ~~~~~~~~^^
  File "C:\Users\mrblue\AppData\Local\Programs\Python\Python313\Lib\threading.py", line 995, in run
    self._target(*self._args, **self._kwargs)
    ~~~~~~~~~~~~^^^^^^^^^^^^^^^^^^^^^^^^^^^^^
  File "C:\Users\mrblue\AppData\Local\Programs\Python\Python313\Lib\subprocess.py", line 1615, in _readerthread
    buffer.append(fh.read())
                  ~~~~~~~^^
UnicodeDecodeError: 'cp949' codec can't decode byte 0xa4 in position 18: illegal multibyte sequence
Exception in thread Thread-277 (_readerthread):
Traceback (most recent call last):
  File "C:\Users\mrblue\AppData\Local\Programs\Python\Python313\Lib\threading.py", line 1044, in _bootstrap_inner
    self.run()
    ~~~~~~~~^^
  File "C:\Users\mrblue\AppData\Local\Programs\Python\Python313\Lib\threading.py", line 995, in run
    self._target(*self._args, **self._kwargs)
    ~~~~~~~~~~~~^^^^^^^^^^^^^^^^^^^^^^^^^^^^^
  File "C:\Users\mrblue\AppData\Local\Programs\Python\Python313\Lib\subprocess.py", line 1615, in _readerthread
    buffer.append(fh.read())
                  ~~~~~~~^^
UnicodeDecodeError: 'cp949' codec can't decode byte 0xa4 in position 18: illegal multibyte sequence
Exception in thread Thread-279 (_readerthread):
Traceback (most recent call last):
  File "C:\Users\mrblue\AppData\Local\Programs\Python\Python313\Lib\threading.py", line 1044, in _bootstrap_inner
    self.run()
    ~~~~~~~~^^
  File "C:\Users\mrblue\AppData\Local\Programs\Python\Python313\Lib\threading.py", line 995, in run
    self._target(*self._args, **self._kwargs)
    ~~~~~~~~~~~~^^^^^^^^^^^^^^^^^^^^^^^^^^^^^
  File "C:\Users\mrblue\AppData\Local\Programs\Python\Python313\Lib\subprocess.py", line 1615, in _readerthread
    buffer.append(fh.read())
                  ~~~~~~~^^
UnicodeDecodeError: 'cp949' codec can't decode byte 0xa4 in position 18: illegal multibyte sequence
Exception in thread Thread-281 (_readerthread):
Traceback (most recent call last):
  File "C:\Users\mrblue\AppData\Local\Programs\Python\Python313\Lib\threading.py", line 1044, in _bootstrap_inner
    self.run()
    ~~~~~~~~^^
  File "C:\Users\mrblue\AppData\Local\Programs\Python\Python313\Lib\threading.py", line 995, in run
    self._target(*self._args, **self._kwargs)
    ~~~~~~~~~~~~^^^^^^^^^^^^^^^^^^^^^^^^^^^^^
  File "C:\Users\mrblue\AppData\Local\Programs\Python\Python313\Lib\subprocess.py", line 1615, in _readerthread
    buffer.append(fh.read())
                  ~~~~~~~^^
UnicodeDecodeError: 'cp949' codec can't decode byte 0xa4 in position 18: illegal multibyte sequence
Exception in thread Thread-283 (_readerthread):
Traceback (most recent call last):
  File "C:\Users\mrblue\AppData\Local\Programs\Python\Python313\Lib\threading.py", line 1044, in _bootstrap_inner
    self.run()
    ~~~~~~~~^^
  File "C:\Users\mrblue\AppData\Local\Programs\Python\Python313\Lib\threading.py", line 995, in run
    self._target(*self._args, **self._kwargs)
    ~~~~~~~~~~~~^^^^^^^^^^^^^^^^^^^^^^^^^^^^^
  File "C:\Users\mrblue\AppData\Local\Programs\Python\Python313\Lib\subprocess.py", line 1615, in _readerthread
    buffer.append(fh.read())
                  ~~~~~~~^^
UnicodeDecodeError: 'cp949' codec can't decode byte 0xa4 in position 18: illegal multibyte sequence
Exception in thread Thread-285 (_readerthread):
Traceback (most recent call last):
  File "C:\Users\mrblue\AppData\Local\Programs\Python\Python313\Lib\threading.py", line 1044, in _bootstrap_inner
    self.run()
    ~~~~~~~~^^
  File "C:\Users\mrblue\AppData\Local\Programs\Python\Python313\Lib\threading.py", line 995, in run
    self._target(*self._args, **self._kwargs)
    ~~~~~~~~~~~~^^^^^^^^^^^^^^^^^^^^^^^^^^^^^
  File "C:\Users\mrblue\AppData\Local\Programs\Python\Python313\Lib\subprocess.py", line 1615, in _readerthread
    buffer.append(fh.read())
                  ~~~~~~~^^
UnicodeDecodeError: 'cp949' codec can't decode byte 0xa4 in position 18: illegal multibyte sequence
Exception in thread Thread-287 (_readerthread):
Traceback (most recent call last):
  File "C:\Users\mrblue\AppData\Local\Programs\Python\Python313\Lib\threading.py", line 1044, in _bootstrap_inner
    self.run()
    ~~~~~~~~^^
  File "C:\Users\mrblue\AppData\Local\Programs\Python\Python313\Lib\threading.py", line 995, in run
    self._target(*self._args, **self._kwargs)
    ~~~~~~~~~~~~^^^^^^^^^^^^^^^^^^^^^^^^^^^^^
  File "C:\Users\mrblue\AppData\Local\Programs\Python\Python313\Lib\subprocess.py", line 1615, in _readerthread
    buffer.append(fh.read())
                  ~~~~~~~^^
UnicodeDecodeError: 'cp949' codec can't decode byte 0xa4 in position 18: illegal multibyte sequence
Exception in thread Thread-289 (_readerthread):
Traceback (most recent call last):
  File "C:\Users\mrblue\AppData\Local\Programs\Python\Python313\Lib\threading.py", line 1044, in _bootstrap_inner
    self.run()
    ~~~~~~~~^^
  File "C:\Users\mrblue\AppData\Local\Programs\Python\Python313\Lib\threading.py", line 995, in run
    self._target(*self._args, **self._kwargs)
    ~~~~~~~~~~~~^^^^^^^^^^^^^^^^^^^^^^^^^^^^^
  File "C:\Users\mrblue\AppData\Local\Programs\Python\Python313\Lib\subprocess.py", line 1615, in _readerthread
    buffer.append(fh.read())
                  ~~~~~~~^^
UnicodeDecodeError: 'cp949' codec can't decode byte 0xa4 in position 18: illegal multibyte sequence
Exception in thread Thread-291 (_readerthread):
Traceback (most recent call last):
  File "C:\Users\mrblue\AppData\Local\Programs\Python\Python313\Lib\threading.py", line 1044, in _bootstrap_inner
    self.run()
    ~~~~~~~~^^
  File "C:\Users\mrblue\AppData\Local\Programs\Python\Python313\Lib\threading.py", line 995, in run
    self._target(*self._args, **self._kwargs)
    ~~~~~~~~~~~~^^^^^^^^^^^^^^^^^^^^^^^^^^^^^
  File "C:\Users\mrblue\AppData\Local\Programs\Python\Python313\Lib\subprocess.py", line 1615, in _readerthread
    buffer.append(fh.read())
                  ~~~~~~~^^
UnicodeDecodeError: 'cp949' codec can't decode byte 0xa4 in position 18: illegal multibyte sequence
Exception in thread Thread-293 (_readerthread):
Traceback (most recent call last):
  File "C:\Users\mrblue\AppData\Local\Programs\Python\Python313\Lib\threading.py", line 1044, in _bootstrap_inner
    self.run()
    ~~~~~~~~^^
  File "C:\Users\mrblue\AppData\Local\Programs\Python\Python313\Lib\threading.py", line 995, in run
    self._target(*self._args, **self._kwargs)
    ~~~~~~~~~~~~^^^^^^^^^^^^^^^^^^^^^^^^^^^^^
  File "C:\Users\mrblue\AppData\Local\Programs\Python\Python313\Lib\subprocess.py", line 1615, in _readerthread
    buffer.append(fh.read())
                  ~~~~~~~^^
UnicodeDecodeError: 'cp949' codec can't decode byte 0xa4 in position 18: illegal multibyte sequence
Exception in thread Thread-295 (_readerthread):
Traceback (most recent call last):
  File "C:\Users\mrblue\AppData\Local\Programs\Python\Python313\Lib\threading.py", line 1044, in _bootstrap_inner
    self.run()
    ~~~~~~~~^^
  File "C:\Users\mrblue\AppData\Local\Programs\Python\Python313\Lib\threading.py", line 995, in run
    self._target(*self._args, **self._kwargs)
    ~~~~~~~~~~~~^^^^^^^^^^^^^^^^^^^^^^^^^^^^^
  File "C:\Users\mrblue\AppData\Local\Programs\Python\Python313\Lib\subprocess.py", line 1615, in _readerthread
    buffer.append(fh.read())
                  ~~~~~~~^^
UnicodeDecodeError: 'cp949' codec can't decode byte 0xa4 in position 18: illegal multibyte sequence
Exception in thread Thread-297 (_readerthread):
Traceback (most recent call last):
  File "C:\Users\mrblue\AppData\Local\Programs\Python\Python313\Lib\threading.py", line 1044, in _bootstrap_inner
    self.run()
    ~~~~~~~~^^
  File "C:\Users\mrblue\AppData\Local\Programs\Python\Python313\Lib\threading.py", line 995, in run
    self._target(*self._args, **self._kwargs)
    ~~~~~~~~~~~~^^^^^^^^^^^^^^^^^^^^^^^^^^^^^
  File "C:\Users\mrblue\AppData\Local\Programs\Python\Python313\Lib\subprocess.py", line 1615, in _readerthread
    buffer.append(fh.read())
                  ~~~~~~~^^
UnicodeDecodeError: 'cp949' codec can't decode byte 0xa4 in position 18: illegal multibyte sequence
Exception in thread Thread-299 (_readerthread):
Traceback (most recent call last):
  File "C:\Users\mrblue\AppData\Local\Programs\Python\Python313\Lib\threading.py", line 1044, in _bootstrap_inner
    self.run()
    ~~~~~~~~^^
  File "C:\Users\mrblue\AppData\Local\Programs\Python\Python313\Lib\threading.py", line 995, in run
    self._target(*self._args, **self._kwargs)
    ~~~~~~~~~~~~^^^^^^^^^^^^^^^^^^^^^^^^^^^^^
  File "C:\Users\mrblue\AppData\Local\Programs\Python\Python313\Lib\subprocess.py", line 1615, in _readerthread
    buffer.append(fh.read())
                  ~~~~~~~^^
UnicodeDecodeError: 'cp949' codec can't decode byte 0xa4 in position 18: illegal multibyte sequence
Exception in thread Thread-301 (_readerthread):
Traceback (most recent call last):
  File "C:\Users\mrblue\AppData\Local\Programs\Python\Python313\Lib\threading.py", line 1044, in _bootstrap_inner
    self.run()
    ~~~~~~~~^^
  File "C:\Users\mrblue\AppData\Local\Programs\Python\Python313\Lib\threading.py", line 995, in run
    self._target(*self._args, **self._kwargs)
    ~~~~~~~~~~~~^^^^^^^^^^^^^^^^^^^^^^^^^^^^^
  File "C:\Users\mrblue\AppData\Local\Programs\Python\Python313\Lib\subprocess.py", line 1615, in _readerthread
    buffer.append(fh.read())
                  ~~~~~~~^^
UnicodeDecodeError: 'cp949' codec can't decode byte 0xa4 in position 18: illegal multibyte sequence
Exception in thread Thread-303 (_readerthread):
Traceback (most recent call last):
  File "C:\Users\mrblue\AppData\Local\Programs\Python\Python313\Lib\threading.py", line 1044, in _bootstrap_inner
    self.run()
    ~~~~~~~~^^
  File "C:\Users\mrblue\AppData\Local\Programs\Python\Python313\Lib\threading.py", line 995, in run
    self._target(*self._args, **self._kwargs)
    ~~~~~~~~~~~~^^^^^^^^^^^^^^^^^^^^^^^^^^^^^
  File "C:\Users\mrblue\AppData\Local\Programs\Python\Python313\Lib\subprocess.py", line 1615, in _readerthread
    buffer.append(fh.read())
                  ~~~~~~~^^
UnicodeDecodeError: 'cp949' codec can't decode byte 0xa4 in position 18: illegal multibyte sequence
Exception in thread Thread-305 (_readerthread):
Traceback (most recent call last):
  File "C:\Users\mrblue\AppData\Local\Programs\Python\Python313\Lib\threading.py", line 1044, in _bootstrap_inner
    self.run()
    ~~~~~~~~^^
  File "C:\Users\mrblue\AppData\Local\Programs\Python\Python313\Lib\threading.py", line 995, in run
    self._target(*self._args, **self._kwargs)
    ~~~~~~~~~~~~^^^^^^^^^^^^^^^^^^^^^^^^^^^^^
  File "C:\Users\mrblue\AppData\Local\Programs\Python\Python313\Lib\subprocess.py", line 1615, in _readerthread
    buffer.append(fh.read())
                  ~~~~~~~^^
UnicodeDecodeError: 'cp949' codec can't decode byte 0xa4 in position 18: illegal multibyte sequence
Exception in thread Thread-307 (_readerthread):
Traceback (most recent call last):
  File "C:\Users\mrblue\AppData\Local\Programs\Python\Python313\Lib\threading.py", line 1044, in _bootstrap_inner
    self.run()
    ~~~~~~~~^^
  File "C:\Users\mrblue\AppData\Local\Programs\Python\Python313\Lib\threading.py", line 995, in run
    self._target(*self._args, **self._kwargs)
    ~~~~~~~~~~~~^^^^^^^^^^^^^^^^^^^^^^^^^^^^^
  File "C:\Users\mrblue\AppData\Local\Programs\Python\Python313\Lib\subprocess.py", line 1615, in _readerthread
    buffer.append(fh.read())
                  ~~~~~~~^^
UnicodeDecodeError: 'cp949' codec can't decode byte 0xa4 in position 18: illegal multibyte sequence
Exception in thread Thread-309 (_readerthread):
Traceback (most recent call last):
  File "C:\Users\mrblue\AppData\Local\Programs\Python\Python313\Lib\threading.py", line 1044, in _bootstrap_inner
    self.run()
    ~~~~~~~~^^
  File "C:\Users\mrblue\AppData\Local\Programs\Python\Python313\Lib\threading.py", line 995, in run
    self._target(*self._args, **self._kwargs)
    ~~~~~~~~~~~~^^^^^^^^^^^^^^^^^^^^^^^^^^^^^
  File "C:\Users\mrblue\AppData\Local\Programs\Python\Python313\Lib\subprocess.py", line 1615, in _readerthread
    buffer.append(fh.read())
                  ~~~~~~~^^
UnicodeDecodeError: 'cp949' codec can't decode byte 0xa4 in position 18: illegal multibyte sequence
Exception in thread Thread-311 (_readerthread):
Traceback (most recent call last):
  File "C:\Users\mrblue\AppData\Local\Programs\Python\Python313\Lib\threading.py", line 1044, in _bootstrap_inner
    self.run()
    ~~~~~~~~^^
  File "C:\Users\mrblue\AppData\Local\Programs\Python\Python313\Lib\threading.py", line 995, in run
    self._target(*self._args, **self._kwargs)
    ~~~~~~~~~~~~^^^^^^^^^^^^^^^^^^^^^^^^^^^^^
  File "C:\Users\mrblue\AppData\Local\Programs\Python\Python313\Lib\subprocess.py", line 1615, in _readerthread
    buffer.append(fh.read())
                  ~~~~~~~^^
UnicodeDecodeError: 'cp949' codec can't decode byte 0xa4 in position 18: illegal multibyte sequence
Exception in thread Thread-313 (_readerthread):
Traceback (most recent call last):
  File "C:\Users\mrblue\AppData\Local\Programs\Python\Python313\Lib\threading.py", line 1044, in _bootstrap_inner
    self.run()
    ~~~~~~~~^^
  File "C:\Users\mrblue\AppData\Local\Programs\Python\Python313\Lib\threading.py", line 995, in run
    self._target(*self._args, **self._kwargs)
    ~~~~~~~~~~~~^^^^^^^^^^^^^^^^^^^^^^^^^^^^^
  File "C:\Users\mrblue\AppData\Local\Programs\Python\Python313\Lib\subprocess.py", line 1615, in _readerthread
    buffer.append(fh.read())
                  ~~~~~~~^^
UnicodeDecodeError: 'cp949' codec can't decode byte 0xa4 in position 18: illegal multibyte sequence
Exception in thread Thread-315 (_readerthread):
Traceback (most recent call last):
  File "C:\Users\mrblue\AppData\Local\Programs\Python\Python313\Lib\threading.py", line 1044, in _bootstrap_inner
    self.run()
    ~~~~~~~~^^
  File "C:\Users\mrblue\AppData\Local\Programs\Python\Python313\Lib\threading.py", line 995, in run
    self._target(*self._args, **self._kwargs)
    ~~~~~~~~~~~~^^^^^^^^^^^^^^^^^^^^^^^^^^^^^
  File "C:\Users\mrblue\AppData\Local\Programs\Python\Python313\Lib\subprocess.py", line 1615, in _readerthread
    buffer.append(fh.read())
                  ~~~~~~~^^
UnicodeDecodeError: 'cp949' codec can't decode byte 0xa4 in position 18: illegal multibyte sequence
Exception in thread Thread-317 (_readerthread):
Traceback (most recent call last):
  File "C:\Users\mrblue\AppData\Local\Programs\Python\Python313\Lib\threading.py", line 1044, in _bootstrap_inner
    self.run()
    ~~~~~~~~^^
  File "C:\Users\mrblue\AppData\Local\Programs\Python\Python313\Lib\threading.py", line 995, in run
    self._target(*self._args, **self._kwargs)
    ~~~~~~~~~~~~^^^^^^^^^^^^^^^^^^^^^^^^^^^^^
  File "C:\Users\mrblue\AppData\Local\Programs\Python\Python313\Lib\subprocess.py", line 1615, in _readerthread
    buffer.append(fh.read())
                  ~~~~~~~^^
UnicodeDecodeError: 'cp949' codec can't decode byte 0xa4 in position 18: illegal multibyte sequence
Exception in thread Thread-319 (_readerthread):
Traceback (most recent call last):
  File "C:\Users\mrblue\AppData\Local\Programs\Python\Python313\Lib\threading.py", line 1044, in _bootstrap_inner
    self.run()
    ~~~~~~~~^^
  File "C:\Users\mrblue\AppData\Local\Programs\Python\Python313\Lib\threading.py", line 995, in run
    self._target(*self._args, **self._kwargs)
    ~~~~~~~~~~~~^^^^^^^^^^^^^^^^^^^^^^^^^^^^^
  File "C:\Users\mrblue\AppData\Local\Programs\Python\Python313\Lib\subprocess.py", line 1615, in _readerthread
    buffer.append(fh.read())
                  ~~~~~~~^^
UnicodeDecodeError: 'cp949' codec can't decode byte 0xa4 in position 18: illegal multibyte sequence
Exception in thread Thread-321 (_readerthread):
Traceback (most recent call last):
  File "C:\Users\mrblue\AppData\Local\Programs\Python\Python313\Lib\threading.py", line 1044, in _bootstrap_inner
    self.run()
    ~~~~~~~~^^
  File "C:\Users\mrblue\AppData\Local\Programs\Python\Python313\Lib\threading.py", line 995, in run
    self._target(*self._args, **self._kwargs)
    ~~~~~~~~~~~~^^^^^^^^^^^^^^^^^^^^^^^^^^^^^
  File "C:\Users\mrblue\AppData\Local\Programs\Python\Python313\Lib\subprocess.py", line 1615, in _readerthread
    buffer.append(fh.read())
                  ~~~~~~~^^
UnicodeDecodeError: 'cp949' codec can't decode byte 0xa4 in position 18: illegal multibyte sequence
Exception in thread Thread-323 (_readerthread):
Traceback (most recent call last):
  File "C:\Users\mrblue\AppData\Local\Programs\Python\Python313\Lib\threading.py", line 1044, in _bootstrap_inner
    self.run()
    ~~~~~~~~^^
  File "C:\Users\mrblue\AppData\Local\Programs\Python\Python313\Lib\threading.py", line 995, in run
    self._target(*self._args, **self._kwargs)
    ~~~~~~~~~~~~^^^^^^^^^^^^^^^^^^^^^^^^^^^^^
  File "C:\Users\mrblue\AppData\Local\Programs\Python\Python313\Lib\subprocess.py", line 1615, in _readerthread
    buffer.append(fh.read())
                  ~~~~~~~^^
UnicodeDecodeError: 'cp949' codec can't decode byte 0xa4 in position 18: illegal multibyte sequence
Exception in thread Thread-325 (_readerthread):
Traceback (most recent call last):
  File "C:\Users\mrblue\AppData\Local\Programs\Python\Python313\Lib\threading.py", line 1044, in _bootstrap_inner
    self.run()
    ~~~~~~~~^^
  File "C:\Users\mrblue\AppData\Local\Programs\Python\Python313\Lib\threading.py", line 995, in run
    self._target(*self._args, **self._kwargs)
    ~~~~~~~~~~~~^^^^^^^^^^^^^^^^^^^^^^^^^^^^^
  File "C:\Users\mrblue\AppData\Local\Programs\Python\Python313\Lib\subprocess.py", line 1615, in _readerthread
    buffer.append(fh.read())
                  ~~~~~~~^^
UnicodeDecodeError: 'cp949' codec can't decode byte 0xec in position 15: illegal multibyte sequence
Exception in thread Thread-327 (_readerthread):
Traceback (most recent call last):
  File "C:\Users\mrblue\AppData\Local\Programs\Python\Python313\Lib\threading.py", line 1044, in _bootstrap_inner
    self.run()
    ~~~~~~~~^^
  File "C:\Users\mrblue\AppData\Local\Programs\Python\Python313\Lib\threading.py", line 995, in run
    self._target(*self._args, **self._kwargs)
    ~~~~~~~~~~~~^^^^^^^^^^^^^^^^^^^^^^^^^^^^^
  File "C:\Users\mrblue\AppData\Local\Programs\Python\Python313\Lib\subprocess.py", line 1615, in _readerthread
    buffer.append(fh.read())
                  ~~~~~~~^^
UnicodeDecodeError: 'cp949' codec can't decode byte 0xa4 in position 18: illegal multibyte sequence
Exception in thread Thread-329 (_readerthread):
Traceback (most recent call last):
  File "C:\Users\mrblue\AppData\Local\Programs\Python\Python313\Lib\threading.py", line 1044, in _bootstrap_inner
    self.run()
    ~~~~~~~~^^
  File "C:\Users\mrblue\AppData\Local\Programs\Python\Python313\Lib\threading.py", line 995, in run
    self._target(*self._args, **self._kwargs)
    ~~~~~~~~~~~~^^^^^^^^^^^^^^^^^^^^^^^^^^^^^
  File "C:\Users\mrblue\AppData\Local\Programs\Python\Python313\Lib\subprocess.py", line 1615, in _readerthread
    buffer.append(fh.read())
                  ~~~~~~~^^
UnicodeDecodeError: 'cp949' codec can't decode byte 0xa4 in position 18: illegal multibyte sequence
Exception in thread Thread-331 (_readerthread):
Traceback (most recent call last):
  File "C:\Users\mrblue\AppData\Local\Programs\Python\Python313\Lib\threading.py", line 1044, in _bootstrap_inner
    self.run()
    ~~~~~~~~^^
  File "C:\Users\mrblue\AppData\Local\Programs\Python\Python313\Lib\threading.py", line 995, in run
    self._target(*self._args, **self._kwargs)
    ~~~~~~~~~~~~^^^^^^^^^^^^^^^^^^^^^^^^^^^^^
  File "C:\Users\mrblue\AppData\Local\Programs\Python\Python313\Lib\subprocess.py", line 1615, in _readerthread
    buffer.append(fh.read())
                  ~~~~~~~^^
UnicodeDecodeError: 'cp949' codec can't decode byte 0xa4 in position 18: illegal multibyte sequence
Exception in thread Thread-333 (_readerthread):
Traceback (most recent call last):
  File "C:\Users\mrblue\AppData\Local\Programs\Python\Python313\Lib\threading.py", line 1044, in _bootstrap_inner
    self.run()
    ~~~~~~~~^^
  File "C:\Users\mrblue\AppData\Local\Programs\Python\Python313\Lib\threading.py", line 995, in run
    self._target(*self._args, **self._kwargs)
    ~~~~~~~~~~~~^^^^^^^^^^^^^^^^^^^^^^^^^^^^^
  File "C:\Users\mrblue\AppData\Local\Programs\Python\Python313\Lib\subprocess.py", line 1615, in _readerthread
    buffer.append(fh.read())
                  ~~~~~~~^^
UnicodeDecodeError: 'cp949' codec can't decode byte 0xa4 in position 18: illegal multibyte sequence
Exception in thread Thread-335 (_readerthread):
Traceback (most recent call last):
  File "C:\Users\mrblue\AppData\Local\Programs\Python\Python313\Lib\threading.py", line 1044, in _bootstrap_inner
    self.run()
    ~~~~~~~~^^
  File "C:\Users\mrblue\AppData\Local\Programs\Python\Python313\Lib\threading.py", line 995, in run
    self._target(*self._args, **self._kwargs)
    ~~~~~~~~~~~~^^^^^^^^^^^^^^^^^^^^^^^^^^^^^
  File "C:\Users\mrblue\AppData\Local\Programs\Python\Python313\Lib\subprocess.py", line 1615, in _readerthread
    buffer.append(fh.read())
                  ~~~~~~~^^
UnicodeDecodeError: 'cp949' codec can't decode byte 0xa4 in position 18: illegal multibyte sequence
Exception in thread Thread-337 (_readerthread):
Traceback (most recent call last):
  File "C:\Users\mrblue\AppData\Local\Programs\Python\Python313\Lib\threading.py", line 1044, in _bootstrap_inner
    self.run()
    ~~~~~~~~^^
  File "C:\Users\mrblue\AppData\Local\Programs\Python\Python313\Lib\threading.py", line 995, in run
    self._target(*self._args, **self._kwargs)
    ~~~~~~~~~~~~^^^^^^^^^^^^^^^^^^^^^^^^^^^^^
  File "C:\Users\mrblue\AppData\Local\Programs\Python\Python313\Lib\subprocess.py", line 1615, in _readerthread
    buffer.append(fh.read())
                  ~~~~~~~^^
UnicodeDecodeError: 'cp949' codec can't decode byte 0xa4 in position 18: illegal multibyte sequence
Exception in thread Thread-339 (_readerthread):
Traceback (most recent call last):
  File "C:\Users\mrblue\AppData\Local\Programs\Python\Python313\Lib\threading.py", line 1044, in _bootstrap_inner
    self.run()
    ~~~~~~~~^^
  File "C:\Users\mrblue\AppData\Local\Programs\Python\Python313\Lib\threading.py", line 995, in run
    self._target(*self._args, **self._kwargs)
    ~~~~~~~~~~~~^^^^^^^^^^^^^^^^^^^^^^^^^^^^^
  File "C:\Users\mrblue\AppData\Local\Programs\Python\Python313\Lib\subprocess.py", line 1615, in _readerthread
    buffer.append(fh.read())
                  ~~~~~~~^^
UnicodeDecodeError: 'cp949' codec can't decode byte 0xa4 in position 18: illegal multibyte sequence
Exception in thread Thread-341 (_readerthread):
Traceback (most recent call last):
  File "C:\Users\mrblue\AppData\Local\Programs\Python\Python313\Lib\threading.py", line 1044, in _bootstrap_inner
    self.run()
    ~~~~~~~~^^
  File "C:\Users\mrblue\AppData\Local\Programs\Python\Python313\Lib\threading.py", line 995, in run
    self._target(*self._args, **self._kwargs)
    ~~~~~~~~~~~~^^^^^^^^^^^^^^^^^^^^^^^^^^^^^
  File "C:\Users\mrblue\AppData\Local\Programs\Python\Python313\Lib\subprocess.py", line 1615, in _readerthread
    buffer.append(fh.read())
                  ~~~~~~~^^
UnicodeDecodeError: 'cp949' codec can't decode byte 0xa4 in position 18: illegal multibyte sequence
Exception in thread Thread-343 (_readerthread):
Traceback (most recent call last):
  File "C:\Users\mrblue\AppData\Local\Programs\Python\Python313\Lib\threading.py", line 1044, in _bootstrap_inner
    self.run()
    ~~~~~~~~^^
  File "C:\Users\mrblue\AppData\Local\Programs\Python\Python313\Lib\threading.py", line 995, in run
    self._target(*self._args, **self._kwargs)
    ~~~~~~~~~~~~^^^^^^^^^^^^^^^^^^^^^^^^^^^^^
  File "C:\Users\mrblue\AppData\Local\Programs\Python\Python313\Lib\subprocess.py", line 1615, in _readerthread
    buffer.append(fh.read())
                  ~~~~~~~^^
UnicodeDecodeError: 'cp949' codec can't decode byte 0xa4 in position 18: illegal multibyte sequence
Exception in thread Thread-345 (_readerthread):
Traceback (most recent call last):
  File "C:\Users\mrblue\AppData\Local\Programs\Python\Python313\Lib\threading.py", line 1044, in _bootstrap_inner
    self.run()
    ~~~~~~~~^^
  File "C:\Users\mrblue\AppData\Local\Programs\Python\Python313\Lib\threading.py", line 995, in run
    self._target(*self._args, **self._kwargs)
    ~~~~~~~~~~~~^^^^^^^^^^^^^^^^^^^^^^^^^^^^^
  File "C:\Users\mrblue\AppData\Local\Programs\Python\Python313\Lib\subprocess.py", line 1615, in _readerthread
    buffer.append(fh.read())
                  ~~~~~~~^^
UnicodeDecodeError: 'cp949' codec can't decode byte 0xa4 in position 18: illegal multibyte sequence
Exception in thread Thread-347 (_readerthread):
Traceback (most recent call last):
  File "C:\Users\mrblue\AppData\Local\Programs\Python\Python313\Lib\threading.py", line 1044, in _bootstrap_inner
    self.run()
    ~~~~~~~~^^
  File "C:\Users\mrblue\AppData\Local\Programs\Python\Python313\Lib\threading.py", line 995, in run
    self._target(*self._args, **self._kwargs)
    ~~~~~~~~~~~~^^^^^^^^^^^^^^^^^^^^^^^^^^^^^
  File "C:\Users\mrblue\AppData\Local\Programs\Python\Python313\Lib\subprocess.py", line 1615, in _readerthread
    buffer.append(fh.read())
                  ~~~~~~~^^
UnicodeDecodeError: 'cp949' codec can't decode byte 0xa4 in position 18: illegal multibyte sequence
Exception in thread Thread-349 (_readerthread):
Traceback (most recent call last):
  File "C:\Users\mrblue\AppData\Local\Programs\Python\Python313\Lib\threading.py", line 1044, in _bootstrap_inner
    self.run()
    ~~~~~~~~^^
  File "C:\Users\mrblue\AppData\Local\Programs\Python\Python313\Lib\threading.py", line 995, in run
    self._target(*self._args, **self._kwargs)
    ~~~~~~~~~~~~^^^^^^^^^^^^^^^^^^^^^^^^^^^^^
  File "C:\Users\mrblue\AppData\Local\Programs\Python\Python313\Lib\subprocess.py", line 1615, in _readerthread
    buffer.append(fh.read())
                  ~~~~~~~^^
UnicodeDecodeError: 'cp949' codec can't decode byte 0xec in position 15: illegal multibyte sequence
Exception in thread Thread-351 (_readerthread):
Traceback (most recent call last):
  File "C:\Users\mrblue\AppData\Local\Programs\Python\Python313\Lib\threading.py", line 1044, in _bootstrap_inner
    self.run()
    ~~~~~~~~^^
  File "C:\Users\mrblue\AppData\Local\Programs\Python\Python313\Lib\threading.py", line 995, in run
    self._target(*self._args, **self._kwargs)
    ~~~~~~~~~~~~^^^^^^^^^^^^^^^^^^^^^^^^^^^^^
  File "C:\Users\mrblue\AppData\Local\Programs\Python\Python313\Lib\subprocess.py", line 1615, in _readerthread
    buffer.append(fh.read())
                  ~~~~~~~^^
UnicodeDecodeError: 'cp949' codec can't decode byte 0xec in position 15: illegal multibyte sequence
Exception in thread Thread-353 (_readerthread):
Traceback (most recent call last):
  File "C:\Users\mrblue\AppData\Local\Programs\Python\Python313\Lib\threading.py", line 1044, in _bootstrap_inner
    self.run()
    ~~~~~~~~^^
  File "C:\Users\mrblue\AppData\Local\Programs\Python\Python313\Lib\threading.py", line 995, in run
    self._target(*self._args, **self._kwargs)
    ~~~~~~~~~~~~^^^^^^^^^^^^^^^^^^^^^^^^^^^^^
  File "C:\Users\mrblue\AppData\Local\Programs\Python\Python313\Lib\subprocess.py", line 1615, in _readerthread
    buffer.append(fh.read())
                  ~~~~~~~^^
UnicodeDecodeError: 'cp949' codec can't decode byte 0xec in position 15: illegal multibyte sequence
Exception in thread Thread-355 (_readerthread):
Traceback (most recent call last):
  File "C:\Users\mrblue\AppData\Local\Programs\Python\Python313\Lib\threading.py", line 1044, in _bootstrap_inner
    self.run()
    ~~~~~~~~^^
  File "C:\Users\mrblue\AppData\Local\Programs\Python\Python313\Lib\threading.py", line 995, in run
    self._target(*self._args, **self._kwargs)
    ~~~~~~~~~~~~^^^^^^^^^^^^^^^^^^^^^^^^^^^^^
  File "C:\Users\mrblue\AppData\Local\Programs\Python\Python313\Lib\subprocess.py", line 1615, in _readerthread
    buffer.append(fh.read())
                  ~~~~~~~^^
UnicodeDecodeError: 'cp949' codec can't decode byte 0xec in position 15: illegal multibyte sequence
Exception in thread Thread-357 (_readerthread):
Traceback (most recent call last):
  File "C:\Users\mrblue\AppData\Local\Programs\Python\Python313\Lib\threading.py", line 1044, in _bootstrap_inner
    self.run()
    ~~~~~~~~^^
  File "C:\Users\mrblue\AppData\Local\Programs\Python\Python313\Lib\threading.py", line 995, in run
    self._target(*self._args, **self._kwargs)
    ~~~~~~~~~~~~^^^^^^^^^^^^^^^^^^^^^^^^^^^^^
  File "C:\Users\mrblue\AppData\Local\Programs\Python\Python313\Lib\subprocess.py", line 1615, in _readerthread
    buffer.append(fh.read())
                  ~~~~~~~^^
UnicodeDecodeError: 'cp949' codec can't decode byte 0xec in position 15: illegal multibyte sequence
Exception in thread Thread-359 (_readerthread):
Traceback (most recent call last):
  File "C:\Users\mrblue\AppData\Local\Programs\Python\Python313\Lib\threading.py", line 1044, in _bootstrap_inner
    self.run()
    ~~~~~~~~^^
  File "C:\Users\mrblue\AppData\Local\Programs\Python\Python313\Lib\threading.py", line 995, in run
    self._target(*self._args, **self._kwargs)
    ~~~~~~~~~~~~^^^^^^^^^^^^^^^^^^^^^^^^^^^^^
  File "C:\Users\mrblue\AppData\Local\Programs\Python\Python313\Lib\subprocess.py", line 1615, in _readerthread
    buffer.append(fh.read())
                  ~~~~~~~^^
UnicodeDecodeError: 'cp949' codec can't decode byte 0xec in position 15: illegal multibyte sequence
    180/247 — 성공 0 실패 180
Exception in thread Thread-361 (_readerthread):
Traceback (most recent call last):
  File "C:\Users\mrblue\AppData\Local\Programs\Python\Python313\Lib\threading.py", line 1044, in _bootstrap_inner
    self.run()
    ~~~~~~~~^^
  File "C:\Users\mrblue\AppData\Local\Programs\Python\Python313\Lib\threading.py", line 995, in run
    self._target(*self._args, **self._kwargs)
    ~~~~~~~~~~~~^^^^^^^^^^^^^^^^^^^^^^^^^^^^^
  File "C:\Users\mrblue\AppData\Local\Programs\Python\Python313\Lib\subprocess.py", line 1615, in _readerthread
    buffer.append(fh.read())
                  ~~~~~~~^^
UnicodeDecodeError: 'cp949' codec can't decode byte 0xec in position 15: illegal multibyte sequence
Exception in thread Thread-363 (_readerthread):
Traceback (most recent call last):
  File "C:\Users\mrblue\AppData\Local\Programs\Python\Python313\Lib\threading.py", line 1044, in _bootstrap_inner
    self.run()
    ~~~~~~~~^^
  File "C:\Users\mrblue\AppData\Local\Programs\Python\Python313\Lib\threading.py", line 995, in run
    self._target(*self._args, **self._kwargs)
    ~~~~~~~~~~~~^^^^^^^^^^^^^^^^^^^^^^^^^^^^^
  File "C:\Users\mrblue\AppData\Local\Programs\Python\Python313\Lib\subprocess.py", line 1615, in _readerthread
    buffer.append(fh.read())
                  ~~~~~~~^^
UnicodeDecodeError: 'cp949' codec can't decode byte 0xec in position 15: illegal multibyte sequence
Exception in thread Thread-365 (_readerthread):
Traceback (most recent call last):
  File "C:\Users\mrblue\AppData\Local\Programs\Python\Python313\Lib\threading.py", line 1044, in _bootstrap_inner
    self.run()
    ~~~~~~~~^^
  File "C:\Users\mrblue\AppData\Local\Programs\Python\Python313\Lib\threading.py", line 995, in run
    self._target(*self._args, **self._kwargs)
    ~~~~~~~~~~~~^^^^^^^^^^^^^^^^^^^^^^^^^^^^^
  File "C:\Users\mrblue\AppData\Local\Programs\Python\Python313\Lib\subprocess.py", line 1615, in _readerthread
    buffer.append(fh.read())
                  ~~~~~~~^^
UnicodeDecodeError: 'cp949' codec can't decode byte 0xec in position 15: illegal multibyte sequence
Exception in thread Thread-367 (_readerthread):
Traceback (most recent call last):
  File "C:\Users\mrblue\AppData\Local\Programs\Python\Python313\Lib\threading.py", line 1044, in _bootstrap_inner
    self.run()
    ~~~~~~~~^^
  File "C:\Users\mrblue\AppData\Local\Programs\Python\Python313\Lib\threading.py", line 995, in run
    self._target(*self._args, **self._kwargs)
    ~~~~~~~~~~~~^^^^^^^^^^^^^^^^^^^^^^^^^^^^^
  File "C:\Users\mrblue\AppData\Local\Programs\Python\Python313\Lib\subprocess.py", line 1615, in _readerthread
    buffer.append(fh.read())
                  ~~~~~~~^^
UnicodeDecodeError: 'cp949' codec can't decode byte 0xec in position 15: illegal multibyte sequence
Exception in thread Thread-369 (_readerthread):
Traceback (most recent call last):
  File "C:\Users\mrblue\AppData\Local\Programs\Python\Python313\Lib\threading.py", line 1044, in _bootstrap_inner
    self.run()
    ~~~~~~~~^^
  File "C:\Users\mrblue\AppData\Local\Programs\Python\Python313\Lib\threading.py", line 995, in run
    self._target(*self._args, **self._kwargs)
    ~~~~~~~~~~~~^^^^^^^^^^^^^^^^^^^^^^^^^^^^^
  File "C:\Users\mrblue\AppData\Local\Programs\Python\Python313\Lib\subprocess.py", line 1615, in _readerthread
    buffer.append(fh.read())
                  ~~~~~~~^^
UnicodeDecodeError: 'cp949' codec can't decode byte 0xec in position 15: illegal multibyte sequence
Exception in thread Thread-371 (_readerthread):
Traceback (most recent call last):
  File "C:\Users\mrblue\AppData\Local\Programs\Python\Python313\Lib\threading.py", line 1044, in _bootstrap_inner
    self.run()
    ~~~~~~~~^^
  File "C:\Users\mrblue\AppData\Local\Programs\Python\Python313\Lib\threading.py", line 995, in run
    self._target(*self._args, **self._kwargs)
    ~~~~~~~~~~~~^^^^^^^^^^^^^^^^^^^^^^^^^^^^^
  File "C:\Users\mrblue\AppData\Local\Programs\Python\Python313\Lib\subprocess.py", line 1615, in _readerthread
    buffer.append(fh.read())
                  ~~~~~~~^^
UnicodeDecodeError: 'cp949' codec can't decode byte 0xec in position 15: illegal multibyte sequence
Exception in thread Thread-373 (_readerthread):
Traceback (most recent call last):
  File "C:\Users\mrblue\AppData\Local\Programs\Python\Python313\Lib\threading.py", line 1044, in _bootstrap_inner
    self.run()
    ~~~~~~~~^^
  File "C:\Users\mrblue\AppData\Local\Programs\Python\Python313\Lib\threading.py", line 995, in run
    self._target(*self._args, **self._kwargs)
    ~~~~~~~~~~~~^^^^^^^^^^^^^^^^^^^^^^^^^^^^^
  File "C:\Users\mrblue\AppData\Local\Programs\Python\Python313\Lib\subprocess.py", line 1615, in _readerthread
    buffer.append(fh.read())
                  ~~~~~~~^^
UnicodeDecodeError: 'cp949' codec can't decode byte 0xec in position 15: illegal multibyte sequence
Exception in thread Thread-375 (_readerthread):
Traceback (most recent call last):
  File "C:\Users\mrblue\AppData\Local\Programs\Python\Python313\Lib\threading.py", line 1044, in _bootstrap_inner
    self.run()
    ~~~~~~~~^^
  File "C:\Users\mrblue\AppData\Local\Programs\Python\Python313\Lib\threading.py", line 995, in run
    self._target(*self._args, **self._kwargs)
    ~~~~~~~~~~~~^^^^^^^^^^^^^^^^^^^^^^^^^^^^^
  File "C:\Users\mrblue\AppData\Local\Programs\Python\Python313\Lib\subprocess.py", line 1615, in _readerthread
    buffer.append(fh.read())
                  ~~~~~~~^^
UnicodeDecodeError: 'cp949' codec can't decode byte 0xec in position 15: illegal multibyte sequence
Exception in thread Thread-377 (_readerthread):
Traceback (most recent call last):
  File "C:\Users\mrblue\AppData\Local\Programs\Python\Python313\Lib\threading.py", line 1044, in _bootstrap_inner
    self.run()
    ~~~~~~~~^^
  File "C:\Users\mrblue\AppData\Local\Programs\Python\Python313\Lib\threading.py", line 995, in run
    self._target(*self._args, **self._kwargs)
    ~~~~~~~~~~~~^^^^^^^^^^^^^^^^^^^^^^^^^^^^^
  File "C:\Users\mrblue\AppData\Local\Programs\Python\Python313\Lib\subprocess.py", line 1615, in _readerthread
    buffer.append(fh.read())
                  ~~~~~~~^^
UnicodeDecodeError: 'cp949' codec can't decode byte 0xec in position 15: illegal multibyte sequence
Exception in thread Thread-379 (_readerthread):
Traceback (most recent call last):
  File "C:\Users\mrblue\AppData\Local\Programs\Python\Python313\Lib\threading.py", line 1044, in _bootstrap_inner
    self.run()
    ~~~~~~~~^^
  File "C:\Users\mrblue\AppData\Local\Programs\Python\Python313\Lib\threading.py", line 995, in run
    self._target(*self._args, **self._kwargs)
    ~~~~~~~~~~~~^^^^^^^^^^^^^^^^^^^^^^^^^^^^^
  File "C:\Users\mrblue\AppData\Local\Programs\Python\Python313\Lib\subprocess.py", line 1615, in _readerthread
    buffer.append(fh.read())
                  ~~~~~~~^^
UnicodeDecodeError: 'cp949' codec can't decode byte 0xec in position 15: illegal multibyte sequence
Exception in thread Thread-381 (_readerthread):
Traceback (most recent call last):
  File "C:\Users\mrblue\AppData\Local\Programs\Python\Python313\Lib\threading.py", line 1044, in _bootstrap_inner
    self.run()
    ~~~~~~~~^^
  File "C:\Users\mrblue\AppData\Local\Programs\Python\Python313\Lib\threading.py", line 995, in run
    self._target(*self._args, **self._kwargs)
    ~~~~~~~~~~~~^^^^^^^^^^^^^^^^^^^^^^^^^^^^^
  File "C:\Users\mrblue\AppData\Local\Programs\Python\Python313\Lib\subprocess.py", line 1615, in _readerthread
    buffer.append(fh.read())
                  ~~~~~~~^^
UnicodeDecodeError: 'cp949' codec can't decode byte 0xec in position 15: illegal multibyte sequence
Exception in thread Thread-383 (_readerthread):
Traceback (most recent call last):
  File "C:\Users\mrblue\AppData\Local\Programs\Python\Python313\Lib\threading.py", line 1044, in _bootstrap_inner
    self.run()
    ~~~~~~~~^^
  File "C:\Users\mrblue\AppData\Local\Programs\Python\Python313\Lib\threading.py", line 995, in run
    self._target(*self._args, **self._kwargs)
    ~~~~~~~~~~~~^^^^^^^^^^^^^^^^^^^^^^^^^^^^^
  File "C:\Users\mrblue\AppData\Local\Programs\Python\Python313\Lib\subprocess.py", line 1615, in _readerthread
    buffer.append(fh.read())
                  ~~~~~~~^^
UnicodeDecodeError: 'cp949' codec can't decode byte 0xec in position 15: illegal multibyte sequence
Exception in thread Thread-385 (_readerthread):
Traceback (most recent call last):
  File "C:\Users\mrblue\AppData\Local\Programs\Python\Python313\Lib\threading.py", line 1044, in _bootstrap_inner
    self.run()
    ~~~~~~~~^^
  File "C:\Users\mrblue\AppData\Local\Programs\Python\Python313\Lib\threading.py", line 995, in run
    self._target(*self._args, **self._kwargs)
    ~~~~~~~~~~~~^^^^^^^^^^^^^^^^^^^^^^^^^^^^^
  File "C:\Users\mrblue\AppData\Local\Programs\Python\Python313\Lib\subprocess.py", line 1615, in _readerthread
    buffer.append(fh.read())
                  ~~~~~~~^^
UnicodeDecodeError: 'cp949' codec can't decode byte 0xec in position 15: illegal multibyte sequence
Exception in thread Thread-387 (_readerthread):
Traceback (most recent call last):
  File "C:\Users\mrblue\AppData\Local\Programs\Python\Python313\Lib\threading.py", line 1044, in _bootstrap_inner
    self.run()
    ~~~~~~~~^^
  File "C:\Users\mrblue\AppData\Local\Programs\Python\Python313\Lib\threading.py", line 995, in run
    self._target(*self._args, **self._kwargs)
    ~~~~~~~~~~~~^^^^^^^^^^^^^^^^^^^^^^^^^^^^^
  File "C:\Users\mrblue\AppData\Local\Programs\Python\Python313\Lib\subprocess.py", line 1615, in _readerthread
    buffer.append(fh.read())
                  ~~~~~~~^^
UnicodeDecodeError: 'cp949' codec can't decode byte 0xec in position 15: illegal multibyte sequence
Exception in thread Thread-389 (_readerthread):
Traceback (most recent call last):
  File "C:\Users\mrblue\AppData\Local\Programs\Python\Python313\Lib\threading.py", line 1044, in _bootstrap_inner
    self.run()
    ~~~~~~~~^^
  File "C:\Users\mrblue\AppData\Local\Programs\Python\Python313\Lib\threading.py", line 995, in run
    self._target(*self._args, **self._kwargs)
    ~~~~~~~~~~~~^^^^^^^^^^^^^^^^^^^^^^^^^^^^^
  File "C:\Users\mrblue\AppData\Local\Programs\Python\Python313\Lib\subprocess.py", line 1615, in _readerthread
    buffer.append(fh.read())
                  ~~~~~~~^^
UnicodeDecodeError: 'cp949' codec can't decode byte 0xec in position 15: illegal multibyte sequence
Exception in thread Thread-391 (_readerthread):
Traceback (most recent call last):
  File "C:\Users\mrblue\AppData\Local\Programs\Python\Python313\Lib\threading.py", line 1044, in _bootstrap_inner
    self.run()
    ~~~~~~~~^^
  File "C:\Users\mrblue\AppData\Local\Programs\Python\Python313\Lib\threading.py", line 995, in run
    self._target(*self._args, **self._kwargs)
    ~~~~~~~~~~~~^^^^^^^^^^^^^^^^^^^^^^^^^^^^^
  File "C:\Users\mrblue\AppData\Local\Programs\Python\Python313\Lib\subprocess.py", line 1615, in _readerthread
    buffer.append(fh.read())
                  ~~~~~~~^^
UnicodeDecodeError: 'cp949' codec can't decode byte 0xec in position 15: illegal multibyte sequence
Exception in thread Thread-393 (_readerthread):
Traceback (most recent call last):
  File "C:\Users\mrblue\AppData\Local\Programs\Python\Python313\Lib\threading.py", line 1044, in _bootstrap_inner
    self.run()
    ~~~~~~~~^^
  File "C:\Users\mrblue\AppData\Local\Programs\Python\Python313\Lib\threading.py", line 995, in run
    self._target(*self._args, **self._kwargs)
    ~~~~~~~~~~~~^^^^^^^^^^^^^^^^^^^^^^^^^^^^^
  File "C:\Users\mrblue\AppData\Local\Programs\Python\Python313\Lib\subprocess.py", line 1615, in _readerthread
    buffer.append(fh.read())
                  ~~~~~~~^^
UnicodeDecodeError: 'cp949' codec can't decode byte 0xec in position 15: illegal multibyte sequence
Exception in thread Thread-395 (_readerthread):
Traceback (most recent call last):
  File "C:\Users\mrblue\AppData\Local\Programs\Python\Python313\Lib\threading.py", line 1044, in _bootstrap_inner
    self.run()
    ~~~~~~~~^^
  File "C:\Users\mrblue\AppData\Local\Programs\Python\Python313\Lib\threading.py", line 995, in run
    self._target(*self._args, **self._kwargs)
    ~~~~~~~~~~~~^^^^^^^^^^^^^^^^^^^^^^^^^^^^^
  File "C:\Users\mrblue\AppData\Local\Programs\Python\Python313\Lib\subprocess.py", line 1615, in _readerthread
    buffer.append(fh.read())
                  ~~~~~~~^^
UnicodeDecodeError: 'cp949' codec can't decode byte 0xec in position 15: illegal multibyte sequence
Exception in thread Thread-397 (_readerthread):
Traceback (most recent call last):
  File "C:\Users\mrblue\AppData\Local\Programs\Python\Python313\Lib\threading.py", line 1044, in _bootstrap_inner
    self.run()
    ~~~~~~~~^^
  File "C:\Users\mrblue\AppData\Local\Programs\Python\Python313\Lib\threading.py", line 995, in run
    self._target(*self._args, **self._kwargs)
    ~~~~~~~~~~~~^^^^^^^^^^^^^^^^^^^^^^^^^^^^^
  File "C:\Users\mrblue\AppData\Local\Programs\Python\Python313\Lib\subprocess.py", line 1615, in _readerthread
    buffer.append(fh.read())
                  ~~~~~~~^^
UnicodeDecodeError: 'cp949' codec can't decode byte 0xec in position 15: illegal multibyte sequence
Exception in thread Thread-399 (_readerthread):
Traceback (most recent call last):
  File "C:\Users\mrblue\AppData\Local\Programs\Python\Python313\Lib\threading.py", line 1044, in _bootstrap_inner
    self.run()
    ~~~~~~~~^^
  File "C:\Users\mrblue\AppData\Local\Programs\Python\Python313\Lib\threading.py", line 995, in run
    self._target(*self._args, **self._kwargs)
    ~~~~~~~~~~~~^^^^^^^^^^^^^^^^^^^^^^^^^^^^^
  File "C:\Users\mrblue\AppData\Local\Programs\Python\Python313\Lib\subprocess.py", line 1615, in _readerthread
    buffer.append(fh.read())
                  ~~~~~~~^^
UnicodeDecodeError: 'cp949' codec can't decode byte 0xec in position 15: illegal multibyte sequence
Exception in thread Thread-401 (_readerthread):
Traceback (most recent call last):
  File "C:\Users\mrblue\AppData\Local\Programs\Python\Python313\Lib\threading.py", line 1044, in _bootstrap_inner
    self.run()
    ~~~~~~~~^^
  File "C:\Users\mrblue\AppData\Local\Programs\Python\Python313\Lib\threading.py", line 995, in run
    self._target(*self._args, **self._kwargs)
    ~~~~~~~~~~~~^^^^^^^^^^^^^^^^^^^^^^^^^^^^^
  File "C:\Users\mrblue\AppData\Local\Programs\Python\Python313\Lib\subprocess.py", line 1615, in _readerthread
    buffer.append(fh.read())
                  ~~~~~~~^^
UnicodeDecodeError: 'cp949' codec can't decode byte 0xec in position 15: illegal multibyte sequence
Exception in thread Thread-403 (_readerthread):
Traceback (most recent call last):
  File "C:\Users\mrblue\AppData\Local\Programs\Python\Python313\Lib\threading.py", line 1044, in _bootstrap_inner
    self.run()
    ~~~~~~~~^^
  File "C:\Users\mrblue\AppData\Local\Programs\Python\Python313\Lib\threading.py", line 995, in run
    self._target(*self._args, **self._kwargs)
    ~~~~~~~~~~~~^^^^^^^^^^^^^^^^^^^^^^^^^^^^^
  File "C:\Users\mrblue\AppData\Local\Programs\Python\Python313\Lib\subprocess.py", line 1615, in _readerthread
    buffer.append(fh.read())
                  ~~~~~~~^^
UnicodeDecodeError: 'cp949' codec can't decode byte 0xec in position 15: illegal multibyte sequence
Exception in thread Thread-405 (_readerthread):
Traceback (most recent call last):
  File "C:\Users\mrblue\AppData\Local\Programs\Python\Python313\Lib\threading.py", line 1044, in _bootstrap_inner
    self.run()
    ~~~~~~~~^^
  File "C:\Users\mrblue\AppData\Local\Programs\Python\Python313\Lib\threading.py", line 995, in run
    self._target(*self._args, **self._kwargs)
    ~~~~~~~~~~~~^^^^^^^^^^^^^^^^^^^^^^^^^^^^^
  File "C:\Users\mrblue\AppData\Local\Programs\Python\Python313\Lib\subprocess.py", line 1615, in _readerthread
    buffer.append(fh.read())
                  ~~~~~~~^^
UnicodeDecodeError: 'cp949' codec can't decode byte 0xa4 in position 18: illegal multibyte sequence
Exception in thread Thread-407 (_readerthread):
Traceback (most recent call last):
  File "C:\Users\mrblue\AppData\Local\Programs\Python\Python313\Lib\threading.py", line 1044, in _bootstrap_inner
    self.run()
    ~~~~~~~~^^
  File "C:\Users\mrblue\AppData\Local\Programs\Python\Python313\Lib\threading.py", line 995, in run
    self._target(*self._args, **self._kwargs)
    ~~~~~~~~~~~~^^^^^^^^^^^^^^^^^^^^^^^^^^^^^
  File "C:\Users\mrblue\AppData\Local\Programs\Python\Python313\Lib\subprocess.py", line 1615, in _readerthread
    buffer.append(fh.read())
                  ~~~~~~~^^
UnicodeDecodeError: 'cp949' codec can't decode byte 0xa4 in position 18: illegal multibyte sequence
Exception in thread Thread-409 (_readerthread):
Traceback (most recent call last):
  File "C:\Users\mrblue\AppData\Local\Programs\Python\Python313\Lib\threading.py", line 1044, in _bootstrap_inner
    self.run()
    ~~~~~~~~^^
  File "C:\Users\mrblue\AppData\Local\Programs\Python\Python313\Lib\threading.py", line 995, in run
    self._target(*self._args, **self._kwargs)
    ~~~~~~~~~~~~^^^^^^^^^^^^^^^^^^^^^^^^^^^^^
  File "C:\Users\mrblue\AppData\Local\Programs\Python\Python313\Lib\subprocess.py", line 1615, in _readerthread
    buffer.append(fh.read())
                  ~~~~~~~^^
UnicodeDecodeError: 'cp949' codec can't decode byte 0xa4 in position 18: illegal multibyte sequence
Exception in thread Thread-411 (_readerthread):
Traceback (most recent call last):
  File "C:\Users\mrblue\AppData\Local\Programs\Python\Python313\Lib\threading.py", line 1044, in _bootstrap_inner
    self.run()
    ~~~~~~~~^^
  File "C:\Users\mrblue\AppData\Local\Programs\Python\Python313\Lib\threading.py", line 995, in run
    self._target(*self._args, **self._kwargs)
    ~~~~~~~~~~~~^^^^^^^^^^^^^^^^^^^^^^^^^^^^^
  File "C:\Users\mrblue\AppData\Local\Programs\Python\Python313\Lib\subprocess.py", line 1615, in _readerthread
    buffer.append(fh.read())
                  ~~~~~~~^^
UnicodeDecodeError: 'cp949' codec can't decode byte 0xa4 in position 18: illegal multibyte sequence
Exception in thread Thread-413 (_readerthread):
Traceback (most recent call last):
  File "C:\Users\mrblue\AppData\Local\Programs\Python\Python313\Lib\threading.py", line 1044, in _bootstrap_inner
    self.run()
    ~~~~~~~~^^
  File "C:\Users\mrblue\AppData\Local\Programs\Python\Python313\Lib\threading.py", line 995, in run
    self._target(*self._args, **self._kwargs)
    ~~~~~~~~~~~~^^^^^^^^^^^^^^^^^^^^^^^^^^^^^
  File "C:\Users\mrblue\AppData\Local\Programs\Python\Python313\Lib\subprocess.py", line 1615, in _readerthread
    buffer.append(fh.read())
                  ~~~~~~~^^
UnicodeDecodeError: 'cp949' codec can't decode byte 0xa4 in position 18: illegal multibyte sequence
Exception in thread Thread-415 (_readerthread):
Traceback (most recent call last):
  File "C:\Users\mrblue\AppData\Local\Programs\Python\Python313\Lib\threading.py", line 1044, in _bootstrap_inner
    self.run()
    ~~~~~~~~^^
  File "C:\Users\mrblue\AppData\Local\Programs\Python\Python313\Lib\threading.py", line 995, in run
    self._target(*self._args, **self._kwargs)
    ~~~~~~~~~~~~^^^^^^^^^^^^^^^^^^^^^^^^^^^^^
  File "C:\Users\mrblue\AppData\Local\Programs\Python\Python313\Lib\subprocess.py", line 1615, in _readerthread
    buffer.append(fh.read())
                  ~~~~~~~^^
UnicodeDecodeError: 'cp949' codec can't decode byte 0xa4 in position 18: illegal multibyte sequence
Exception in thread Thread-417 (_readerthread):
Traceback (most recent call last):
  File "C:\Users\mrblue\AppData\Local\Programs\Python\Python313\Lib\threading.py", line 1044, in _bootstrap_inner
    self.run()
    ~~~~~~~~^^
  File "C:\Users\mrblue\AppData\Local\Programs\Python\Python313\Lib\threading.py", line 995, in run
    self._target(*self._args, **self._kwargs)
    ~~~~~~~~~~~~^^^^^^^^^^^^^^^^^^^^^^^^^^^^^
  File "C:\Users\mrblue\AppData\Local\Programs\Python\Python313\Lib\subprocess.py", line 1615, in _readerthread
    buffer.append(fh.read())
                  ~~~~~~~^^
UnicodeDecodeError: 'cp949' codec can't decode byte 0xa4 in position 18: illegal multibyte sequence
Exception in thread Thread-419 (_readerthread):
Traceback (most recent call last):
  File "C:\Users\mrblue\AppData\Local\Programs\Python\Python313\Lib\threading.py", line 1044, in _bootstrap_inner
    self.run()
    ~~~~~~~~^^
  File "C:\Users\mrblue\AppData\Local\Programs\Python\Python313\Lib\threading.py", line 995, in run
    self._target(*self._args, **self._kwargs)
    ~~~~~~~~~~~~^^^^^^^^^^^^^^^^^^^^^^^^^^^^^
  File "C:\Users\mrblue\AppData\Local\Programs\Python\Python313\Lib\subprocess.py", line 1615, in _readerthread
    buffer.append(fh.read())
                  ~~~~~~~^^
UnicodeDecodeError: 'cp949' codec can't decode byte 0xa4 in position 18: illegal multibyte sequence
Exception in thread Thread-421 (_readerthread):
Traceback (most recent call last):
  File "C:\Users\mrblue\AppData\Local\Programs\Python\Python313\Lib\threading.py", line 1044, in _bootstrap_inner
    self.run()
    ~~~~~~~~^^
  File "C:\Users\mrblue\AppData\Local\Programs\Python\Python313\Lib\threading.py", line 995, in run
    self._target(*self._args, **self._kwargs)
    ~~~~~~~~~~~~^^^^^^^^^^^^^^^^^^^^^^^^^^^^^
  File "C:\Users\mrblue\AppData\Local\Programs\Python\Python313\Lib\subprocess.py", line 1615, in _readerthread
    buffer.append(fh.read())
                  ~~~~~~~^^
UnicodeDecodeError: 'cp949' codec can't decode byte 0xa4 in position 18: illegal multibyte sequence
Exception in thread Thread-423 (_readerthread):
Traceback (most recent call last):
  File "C:\Users\mrblue\AppData\Local\Programs\Python\Python313\Lib\threading.py", line 1044, in _bootstrap_inner
    self.run()
    ~~~~~~~~^^
  File "C:\Users\mrblue\AppData\Local\Programs\Python\Python313\Lib\threading.py", line 995, in run
    self._target(*self._args, **self._kwargs)
    ~~~~~~~~~~~~^^^^^^^^^^^^^^^^^^^^^^^^^^^^^
  File "C:\Users\mrblue\AppData\Local\Programs\Python\Python313\Lib\subprocess.py", line 1615, in _readerthread
    buffer.append(fh.read())
                  ~~~~~~~^^
UnicodeDecodeError: 'cp949' codec can't decode byte 0xa4 in position 18: illegal multibyte sequence
Exception in thread Thread-425 (_readerthread):
Traceback (most recent call last):
  File "C:\Users\mrblue\AppData\Local\Programs\Python\Python313\Lib\threading.py", line 1044, in _bootstrap_inner
    self.run()
    ~~~~~~~~^^
  File "C:\Users\mrblue\AppData\Local\Programs\Python\Python313\Lib\threading.py", line 995, in run
    self._target(*self._args, **self._kwargs)
    ~~~~~~~~~~~~^^^^^^^^^^^^^^^^^^^^^^^^^^^^^
  File "C:\Users\mrblue\AppData\Local\Programs\Python\Python313\Lib\subprocess.py", line 1615, in _readerthread
    buffer.append(fh.read())
                  ~~~~~~~^^
UnicodeDecodeError: 'cp949' codec can't decode byte 0xa4 in position 18: illegal multibyte sequence
Exception in thread Thread-427 (_readerthread):
Traceback (most recent call last):
  File "C:\Users\mrblue\AppData\Local\Programs\Python\Python313\Lib\threading.py", line 1044, in _bootstrap_inner
    self.run()
    ~~~~~~~~^^
  File "C:\Users\mrblue\AppData\Local\Programs\Python\Python313\Lib\threading.py", line 995, in run
    self._target(*self._args, **self._kwargs)
    ~~~~~~~~~~~~^^^^^^^^^^^^^^^^^^^^^^^^^^^^^
  File "C:\Users\mrblue\AppData\Local\Programs\Python\Python313\Lib\subprocess.py", line 1615, in _readerthread
    buffer.append(fh.read())
                  ~~~~~~~^^
UnicodeDecodeError: 'cp949' codec can't decode byte 0xa4 in position 18: illegal multibyte sequence
Exception in thread Thread-429 (_readerthread):
Traceback (most recent call last):
  File "C:\Users\mrblue\AppData\Local\Programs\Python\Python313\Lib\threading.py", line 1044, in _bootstrap_inner
    self.run()
    ~~~~~~~~^^
  File "C:\Users\mrblue\AppData\Local\Programs\Python\Python313\Lib\threading.py", line 995, in run
    self._target(*self._args, **self._kwargs)
    ~~~~~~~~~~~~^^^^^^^^^^^^^^^^^^^^^^^^^^^^^
  File "C:\Users\mrblue\AppData\Local\Programs\Python\Python313\Lib\subprocess.py", line 1615, in _readerthread
    buffer.append(fh.read())
                  ~~~~~~~^^
UnicodeDecodeError: 'cp949' codec can't decode byte 0xa4 in position 18: illegal multibyte sequence
Exception in thread Thread-431 (_readerthread):
Traceback (most recent call last):
  File "C:\Users\mrblue\AppData\Local\Programs\Python\Python313\Lib\threading.py", line 1044, in _bootstrap_inner
    self.run()
    ~~~~~~~~^^
  File "C:\Users\mrblue\AppData\Local\Programs\Python\Python313\Lib\threading.py", line 995, in run
    self._target(*self._args, **self._kwargs)
    ~~~~~~~~~~~~^^^^^^^^^^^^^^^^^^^^^^^^^^^^^
  File "C:\Users\mrblue\AppData\Local\Programs\Python\Python313\Lib\subprocess.py", line 1615, in _readerthread
    buffer.append(fh.read())
                  ~~~~~~~^^
UnicodeDecodeError: 'cp949' codec can't decode byte 0xa4 in position 18: illegal multibyte sequence
Exception in thread Thread-433 (_readerthread):
Traceback (most recent call last):
  File "C:\Users\mrblue\AppData\Local\Programs\Python\Python313\Lib\threading.py", line 1044, in _bootstrap_inner
    self.run()
    ~~~~~~~~^^
  File "C:\Users\mrblue\AppData\Local\Programs\Python\Python313\Lib\threading.py", line 995, in run
    self._target(*self._args, **self._kwargs)
    ~~~~~~~~~~~~^^^^^^^^^^^^^^^^^^^^^^^^^^^^^
  File "C:\Users\mrblue\AppData\Local\Programs\Python\Python313\Lib\subprocess.py", line 1615, in _readerthread
    buffer.append(fh.read())
                  ~~~~~~~^^
UnicodeDecodeError: 'cp949' codec can't decode byte 0xa4 in position 18: illegal multibyte sequence
Exception in thread Thread-435 (_readerthread):
Traceback (most recent call last):
  File "C:\Users\mrblue\AppData\Local\Programs\Python\Python313\Lib\threading.py", line 1044, in _bootstrap_inner
    self.run()
    ~~~~~~~~^^
  File "C:\Users\mrblue\AppData\Local\Programs\Python\Python313\Lib\threading.py", line 995, in run
    self._target(*self._args, **self._kwargs)
    ~~~~~~~~~~~~^^^^^^^^^^^^^^^^^^^^^^^^^^^^^
  File "C:\Users\mrblue\AppData\Local\Programs\Python\Python313\Lib\subprocess.py", line 1615, in _readerthread
    buffer.append(fh.read())
                  ~~~~~~~^^
UnicodeDecodeError: 'cp949' codec can't decode byte 0xa4 in position 18: illegal multibyte sequence
Exception in thread Thread-437 (_readerthread):
Traceback (most recent call last):
  File "C:\Users\mrblue\AppData\Local\Programs\Python\Python313\Lib\threading.py", line 1044, in _bootstrap_inner
    self.run()
    ~~~~~~~~^^
  File "C:\Users\mrblue\AppData\Local\Programs\Python\Python313\Lib\threading.py", line 995, in run
    self._target(*self._args, **self._kwargs)
    ~~~~~~~~~~~~^^^^^^^^^^^^^^^^^^^^^^^^^^^^^
  File "C:\Users\mrblue\AppData\Local\Programs\Python\Python313\Lib\subprocess.py", line 1615, in _readerthread
    buffer.append(fh.read())
                  ~~~~~~~^^
UnicodeDecodeError: 'cp949' codec can't decode byte 0xa4 in position 18: illegal multibyte sequence
Exception in thread Thread-439 (_readerthread):
Traceback (most recent call last):
  File "C:\Users\mrblue\AppData\Local\Programs\Python\Python313\Lib\threading.py", line 1044, in _bootstrap_inner
    self.run()
    ~~~~~~~~^^
  File "C:\Users\mrblue\AppData\Local\Programs\Python\Python313\Lib\threading.py", line 995, in run
    self._target(*self._args, **self._kwargs)
    ~~~~~~~~~~~~^^^^^^^^^^^^^^^^^^^^^^^^^^^^^
  File "C:\Users\mrblue\AppData\Local\Programs\Python\Python313\Lib\subprocess.py", line 1615, in _readerthread
    buffer.append(fh.read())
                  ~~~~~~~^^
UnicodeDecodeError: 'cp949' codec can't decode byte 0xa4 in position 18: illegal multibyte sequence
Exception in thread Thread-441 (_readerthread):
Traceback (most recent call last):
  File "C:\Users\mrblue\AppData\Local\Programs\Python\Python313\Lib\threading.py", line 1044, in _bootstrap_inner
    self.run()
    ~~~~~~~~^^
  File "C:\Users\mrblue\AppData\Local\Programs\Python\Python313\Lib\threading.py", line 995, in run
    self._target(*self._args, **self._kwargs)
    ~~~~~~~~~~~~^^^^^^^^^^^^^^^^^^^^^^^^^^^^^
  File "C:\Users\mrblue\AppData\Local\Programs\Python\Python313\Lib\subprocess.py", line 1615, in _readerthread
    buffer.append(fh.read())
                  ~~~~~~~^^
UnicodeDecodeError: 'cp949' codec can't decode byte 0xa4 in position 18: illegal multibyte sequence
Exception in thread Thread-443 (_readerthread):
Traceback (most recent call last):
  File "C:\Users\mrblue\AppData\Local\Programs\Python\Python313\Lib\threading.py", line 1044, in _bootstrap_inner
    self.run()
    ~~~~~~~~^^
  File "C:\Users\mrblue\AppData\Local\Programs\Python\Python313\Lib\threading.py", line 995, in run
    self._target(*self._args, **self._kwargs)
    ~~~~~~~~~~~~^^^^^^^^^^^^^^^^^^^^^^^^^^^^^
  File "C:\Users\mrblue\AppData\Local\Programs\Python\Python313\Lib\subprocess.py", line 1615, in _readerthread
    buffer.append(fh.read())
                  ~~~~~~~^^
UnicodeDecodeError: 'cp949' codec can't decode byte 0xa4 in position 18: illegal multibyte sequence
Exception in thread Thread-445 (_readerthread):
Traceback (most recent call last):
  File "C:\Users\mrblue\AppData\Local\Programs\Python\Python313\Lib\threading.py", line 1044, in _bootstrap_inner
    self.run()
    ~~~~~~~~^^
  File "C:\Users\mrblue\AppData\Local\Programs\Python\Python313\Lib\threading.py", line 995, in run
    self._target(*self._args, **self._kwargs)
    ~~~~~~~~~~~~^^^^^^^^^^^^^^^^^^^^^^^^^^^^^
  File "C:\Users\mrblue\AppData\Local\Programs\Python\Python313\Lib\subprocess.py", line 1615, in _readerthread
    buffer.append(fh.read())
                  ~~~~~~~^^
UnicodeDecodeError: 'cp949' codec can't decode byte 0xa4 in position 18: illegal multibyte sequence
Exception in thread Thread-447 (_readerthread):
Traceback (most recent call last):
  File "C:\Users\mrblue\AppData\Local\Programs\Python\Python313\Lib\threading.py", line 1044, in _bootstrap_inner
    self.run()
    ~~~~~~~~^^
  File "C:\Users\mrblue\AppData\Local\Programs\Python\Python313\Lib\threading.py", line 995, in run
    self._target(*self._args, **self._kwargs)
    ~~~~~~~~~~~~^^^^^^^^^^^^^^^^^^^^^^^^^^^^^
  File "C:\Users\mrblue\AppData\Local\Programs\Python\Python313\Lib\subprocess.py", line 1615, in _readerthread
    buffer.append(fh.read())
                  ~~~~~~~^^
UnicodeDecodeError: 'cp949' codec can't decode byte 0xa4 in position 18: illegal multibyte sequence
Exception in thread Thread-449 (_readerthread):
Traceback (most recent call last):
  File "C:\Users\mrblue\AppData\Local\Programs\Python\Python313\Lib\threading.py", line 1044, in _bootstrap_inner
    self.run()
    ~~~~~~~~^^
  File "C:\Users\mrblue\AppData\Local\Programs\Python\Python313\Lib\threading.py", line 995, in run
    self._target(*self._args, **self._kwargs)
    ~~~~~~~~~~~~^^^^^^^^^^^^^^^^^^^^^^^^^^^^^
  File "C:\Users\mrblue\AppData\Local\Programs\Python\Python313\Lib\subprocess.py", line 1615, in _readerthread
    buffer.append(fh.read())
                  ~~~~~~~^^
UnicodeDecodeError: 'cp949' codec can't decode byte 0xa4 in position 18: illegal multibyte sequence
Exception in thread Thread-451 (_readerthread):
Traceback (most recent call last):
  File "C:\Users\mrblue\AppData\Local\Programs\Python\Python313\Lib\threading.py", line 1044, in _bootstrap_inner
    self.run()
    ~~~~~~~~^^
  File "C:\Users\mrblue\AppData\Local\Programs\Python\Python313\Lib\threading.py", line 995, in run
    self._target(*self._args, **self._kwargs)
    ~~~~~~~~~~~~^^^^^^^^^^^^^^^^^^^^^^^^^^^^^
  File "C:\Users\mrblue\AppData\Local\Programs\Python\Python313\Lib\subprocess.py", line 1615, in _readerthread
    buffer.append(fh.read())
                  ~~~~~~~^^
UnicodeDecodeError: 'cp949' codec can't decode byte 0xa4 in position 18: illegal multibyte sequence
Exception in thread Thread-453 (_readerthread):
Traceback (most recent call last):
  File "C:\Users\mrblue\AppData\Local\Programs\Python\Python313\Lib\threading.py", line 1044, in _bootstrap_inner
    self.run()
    ~~~~~~~~^^
  File "C:\Users\mrblue\AppData\Local\Programs\Python\Python313\Lib\threading.py", line 995, in run
    self._target(*self._args, **self._kwargs)
    ~~~~~~~~~~~~^^^^^^^^^^^^^^^^^^^^^^^^^^^^^
  File "C:\Users\mrblue\AppData\Local\Programs\Python\Python313\Lib\subprocess.py", line 1615, in _readerthread
    buffer.append(fh.read())
                  ~~~~~~~^^
UnicodeDecodeError: 'cp949' codec can't decode byte 0xa4 in position 18: illegal multibyte sequence
Exception in thread Thread-455 (_readerthread):
Traceback (most recent call last):
  File "C:\Users\mrblue\AppData\Local\Programs\Python\Python313\Lib\threading.py", line 1044, in _bootstrap_inner
    self.run()
    ~~~~~~~~^^
  File "C:\Users\mrblue\AppData\Local\Programs\Python\Python313\Lib\threading.py", line 995, in run
    self._target(*self._args, **self._kwargs)
    ~~~~~~~~~~~~^^^^^^^^^^^^^^^^^^^^^^^^^^^^^
  File "C:\Users\mrblue\AppData\Local\Programs\Python\Python313\Lib\subprocess.py", line 1615, in _readerthread
    buffer.append(fh.read())
                  ~~~~~~~^^
UnicodeDecodeError: 'cp949' codec can't decode byte 0xa4 in position 18: illegal multibyte sequence
Exception in thread Thread-457 (_readerthread):
Traceback (most recent call last):
  File "C:\Users\mrblue\AppData\Local\Programs\Python\Python313\Lib\threading.py", line 1044, in _bootstrap_inner
    self.run()
    ~~~~~~~~^^
  File "C:\Users\mrblue\AppData\Local\Programs\Python\Python313\Lib\threading.py", line 995, in run
    self._target(*self._args, **self._kwargs)
    ~~~~~~~~~~~~^^^^^^^^^^^^^^^^^^^^^^^^^^^^^
  File "C:\Users\mrblue\AppData\Local\Programs\Python\Python313\Lib\subprocess.py", line 1615, in _readerthread
    buffer.append(fh.read())
                  ~~~~~~~^^
UnicodeDecodeError: 'cp949' codec can't decode byte 0xa4 in position 18: illegal multibyte sequence
Exception in thread Thread-459 (_readerthread):
Traceback (most recent call last):
  File "C:\Users\mrblue\AppData\Local\Programs\Python\Python313\Lib\threading.py", line 1044, in _bootstrap_inner
    self.run()
    ~~~~~~~~^^
  File "C:\Users\mrblue\AppData\Local\Programs\Python\Python313\Lib\threading.py", line 995, in run
    self._target(*self._args, **self._kwargs)
    ~~~~~~~~~~~~^^^^^^^^^^^^^^^^^^^^^^^^^^^^^
  File "C:\Users\mrblue\AppData\Local\Programs\Python\Python313\Lib\subprocess.py", line 1615, in _readerthread
    buffer.append(fh.read())
                  ~~~~~~~^^
UnicodeDecodeError: 'cp949' codec can't decode byte 0xa4 in position 18: illegal multibyte sequence
Exception in thread Thread-461 (_readerthread):
Traceback (most recent call last):
  File "C:\Users\mrblue\AppData\Local\Programs\Python\Python313\Lib\threading.py", line 1044, in _bootstrap_inner
    self.run()
    ~~~~~~~~^^
  File "C:\Users\mrblue\AppData\Local\Programs\Python\Python313\Lib\threading.py", line 995, in run
    self._target(*self._args, **self._kwargs)
    ~~~~~~~~~~~~^^^^^^^^^^^^^^^^^^^^^^^^^^^^^
  File "C:\Users\mrblue\AppData\Local\Programs\Python\Python313\Lib\subprocess.py", line 1615, in _readerthread
    buffer.append(fh.read())
                  ~~~~~~~^^
UnicodeDecodeError: 'cp949' codec can't decode byte 0xec in position 15: illegal multibyte sequence
Exception in thread Thread-463 (_readerthread):
Traceback (most recent call last):
  File "C:\Users\mrblue\AppData\Local\Programs\Python\Python313\Lib\threading.py", line 1044, in _bootstrap_inner
    self.run()
    ~~~~~~~~^^
  File "C:\Users\mrblue\AppData\Local\Programs\Python\Python313\Lib\threading.py", line 995, in run
    self._target(*self._args, **self._kwargs)
    ~~~~~~~~~~~~^^^^^^^^^^^^^^^^^^^^^^^^^^^^^
  File "C:\Users\mrblue\AppData\Local\Programs\Python\Python313\Lib\subprocess.py", line 1615, in _readerthread
    buffer.append(fh.read())
                  ~~~~~~~^^
UnicodeDecodeError: 'cp949' codec can't decode byte 0xec in position 15: illegal multibyte sequence
Exception in thread Thread-465 (_readerthread):
Traceback (most recent call last):
  File "C:\Users\mrblue\AppData\Local\Programs\Python\Python313\Lib\threading.py", line 1044, in _bootstrap_inner
    self.run()
    ~~~~~~~~^^
  File "C:\Users\mrblue\AppData\Local\Programs\Python\Python313\Lib\threading.py", line 995, in run
    self._target(*self._args, **self._kwargs)
    ~~~~~~~~~~~~^^^^^^^^^^^^^^^^^^^^^^^^^^^^^
  File "C:\Users\mrblue\AppData\Local\Programs\Python\Python313\Lib\subprocess.py", line 1615, in _readerthread
    buffer.append(fh.read())
                  ~~~~~~~^^
UnicodeDecodeError: 'cp949' codec can't decode byte 0xec in position 15: illegal multibyte sequence
Exception in thread Thread-467 (_readerthread):
Traceback (most recent call last):
  File "C:\Users\mrblue\AppData\Local\Programs\Python\Python313\Lib\threading.py", line 1044, in _bootstrap_inner
    self.run()
    ~~~~~~~~^^
  File "C:\Users\mrblue\AppData\Local\Programs\Python\Python313\Lib\threading.py", line 995, in run
    self._target(*self._args, **self._kwargs)
    ~~~~~~~~~~~~^^^^^^^^^^^^^^^^^^^^^^^^^^^^^
  File "C:\Users\mrblue\AppData\Local\Programs\Python\Python313\Lib\subprocess.py", line 1615, in _readerthread
    buffer.append(fh.read())
                  ~~~~~~~^^
UnicodeDecodeError: 'cp949' codec can't decode byte 0xa4 in position 18: illegal multibyte sequence
Exception in thread Thread-469 (_readerthread):
Traceback (most recent call last):
  File "C:\Users\mrblue\AppData\Local\Programs\Python\Python313\Lib\threading.py", line 1044, in _bootstrap_inner
    self.run()
    ~~~~~~~~^^
  File "C:\Users\mrblue\AppData\Local\Programs\Python\Python313\Lib\threading.py", line 995, in run
    self._target(*self._args, **self._kwargs)
    ~~~~~~~~~~~~^^^^^^^^^^^^^^^^^^^^^^^^^^^^^
  File "C:\Users\mrblue\AppData\Local\Programs\Python\Python313\Lib\subprocess.py", line 1615, in _readerthread
    buffer.append(fh.read())
                  ~~~~~~~^^
UnicodeDecodeError: 'cp949' codec can't decode byte 0xa4 in position 18: illegal multibyte sequence
Exception in thread Thread-471 (_readerthread):
Traceback (most recent call last):
  File "C:\Users\mrblue\AppData\Local\Programs\Python\Python313\Lib\threading.py", line 1044, in _bootstrap_inner
    self.run()
    ~~~~~~~~^^
  File "C:\Users\mrblue\AppData\Local\Programs\Python\Python313\Lib\threading.py", line 995, in run
    self._target(*self._args, **self._kwargs)
    ~~~~~~~~~~~~^^^^^^^^^^^^^^^^^^^^^^^^^^^^^
  File "C:\Users\mrblue\AppData\Local\Programs\Python\Python313\Lib\subprocess.py", line 1615, in _readerthread
    buffer.append(fh.read())
                  ~~~~~~~^^
UnicodeDecodeError: 'cp949' codec can't decode byte 0xa4 in position 18: illegal multibyte sequence
Exception in thread Thread-473 (_readerthread):
Traceback (most recent call last):
  File "C:\Users\mrblue\AppData\Local\Programs\Python\Python313\Lib\threading.py", line 1044, in _bootstrap_inner
    self.run()
    ~~~~~~~~^^
  File "C:\Users\mrblue\AppData\Local\Programs\Python\Python313\Lib\threading.py", line 995, in run
    self._target(*self._args, **self._kwargs)
    ~~~~~~~~~~~~^^^^^^^^^^^^^^^^^^^^^^^^^^^^^
  File "C:\Users\mrblue\AppData\Local\Programs\Python\Python313\Lib\subprocess.py", line 1615, in _readerthread
    buffer.append(fh.read())
                  ~~~~~~~^^
UnicodeDecodeError: 'cp949' codec can't decode byte 0xa4 in position 18: illegal multibyte sequence
Exception in thread Thread-475 (_readerthread):
Traceback (most recent call last):
  File "C:\Users\mrblue\AppData\Local\Programs\Python\Python313\Lib\threading.py", line 1044, in _bootstrap_inner
    self.run()
    ~~~~~~~~^^
  File "C:\Users\mrblue\AppData\Local\Programs\Python\Python313\Lib\threading.py", line 995, in run
    self._target(*self._args, **self._kwargs)
    ~~~~~~~~~~~~^^^^^^^^^^^^^^^^^^^^^^^^^^^^^
  File "C:\Users\mrblue\AppData\Local\Programs\Python\Python313\Lib\subprocess.py", line 1615, in _readerthread
    buffer.append(fh.read())
                  ~~~~~~~^^
UnicodeDecodeError: 'cp949' codec can't decode byte 0xa4 in position 18: illegal multibyte sequence
Exception in thread Thread-477 (_readerthread):
Traceback (most recent call last):
  File "C:\Users\mrblue\AppData\Local\Programs\Python\Python313\Lib\threading.py", line 1044, in _bootstrap_inner
    self.run()
    ~~~~~~~~^^
  File "C:\Users\mrblue\AppData\Local\Programs\Python\Python313\Lib\threading.py", line 995, in run
    self._target(*self._args, **self._kwargs)
    ~~~~~~~~~~~~^^^^^^^^^^^^^^^^^^^^^^^^^^^^^
  File "C:\Users\mrblue\AppData\Local\Programs\Python\Python313\Lib\subprocess.py", line 1615, in _readerthread
    buffer.append(fh.read())
                  ~~~~~~~^^
UnicodeDecodeError: 'cp949' codec can't decode byte 0xa4 in position 18: illegal multibyte sequence
Exception in thread Thread-479 (_readerthread):
Traceback (most recent call last):
  File "C:\Users\mrblue\AppData\Local\Programs\Python\Python313\Lib\threading.py", line 1044, in _bootstrap_inner
    self.run()
    ~~~~~~~~^^
  File "C:\Users\mrblue\AppData\Local\Programs\Python\Python313\Lib\threading.py", line 995, in run
    self._target(*self._args, **self._kwargs)
    ~~~~~~~~~~~~^^^^^^^^^^^^^^^^^^^^^^^^^^^^^
  File "C:\Users\mrblue\AppData\Local\Programs\Python\Python313\Lib\subprocess.py", line 1615, in _readerthread
    buffer.append(fh.read())
                  ~~~~~~~^^
UnicodeDecodeError: 'cp949' codec can't decode byte 0xa4 in position 18: illegal multibyte sequence
    240/247 — 성공 0 실패 240
Exception in thread Thread-481 (_readerthread):
Traceback (most recent call last):
  File "C:\Users\mrblue\AppData\Local\Programs\Python\Python313\Lib\threading.py", line 1044, in _bootstrap_inner
    self.run()
    ~~~~~~~~^^
  File "C:\Users\mrblue\AppData\Local\Programs\Python\Python313\Lib\threading.py", line 995, in run
    self._target(*self._args, **self._kwargs)
    ~~~~~~~~~~~~^^^^^^^^^^^^^^^^^^^^^^^^^^^^^
  File "C:\Users\mrblue\AppData\Local\Programs\Python\Python313\Lib\subprocess.py", line 1615, in _readerthread
    buffer.append(fh.read())
                  ~~~~~~~^^
UnicodeDecodeError: 'cp949' codec can't decode byte 0xec in position 15: illegal multibyte sequence
Exception in thread Thread-483 (_readerthread):
Traceback (most recent call last):
  File "C:\Users\mrblue\AppData\Local\Programs\Python\Python313\Lib\threading.py", line 1044, in _bootstrap_inner
    self.run()
    ~~~~~~~~^^
  File "C:\Users\mrblue\AppData\Local\Programs\Python\Python313\Lib\threading.py", line 995, in run
    self._target(*self._args, **self._kwargs)
    ~~~~~~~~~~~~^^^^^^^^^^^^^^^^^^^^^^^^^^^^^
  File "C:\Users\mrblue\AppData\Local\Programs\Python\Python313\Lib\subprocess.py", line 1615, in _readerthread
    buffer.append(fh.read())
                  ~~~~~~~^^
UnicodeDecodeError: 'cp949' codec can't decode byte 0xec in position 15: illegal multibyte sequence
Exception in thread Thread-485 (_readerthread):
Traceback (most recent call last):
  File "C:\Users\mrblue\AppData\Local\Programs\Python\Python313\Lib\threading.py", line 1044, in _bootstrap_inner
    self.run()
    ~~~~~~~~^^
  File "C:\Users\mrblue\AppData\Local\Programs\Python\Python313\Lib\threading.py", line 995, in run
    self._target(*self._args, **self._kwargs)
    ~~~~~~~~~~~~^^^^^^^^^^^^^^^^^^^^^^^^^^^^^
  File "C:\Users\mrblue\AppData\Local\Programs\Python\Python313\Lib\subprocess.py", line 1615, in _readerthread
    buffer.append(fh.read())
                  ~~~~~~~^^
UnicodeDecodeError: 'cp949' codec can't decode byte 0xec in position 15: illegal multibyte sequence
Exception in thread Thread-487 (_readerthread):
Traceback (most recent call last):
  File "C:\Users\mrblue\AppData\Local\Programs\Python\Python313\Lib\threading.py", line 1044, in _bootstrap_inner
    self.run()
    ~~~~~~~~^^
  File "C:\Users\mrblue\AppData\Local\Programs\Python\Python313\Lib\threading.py", line 995, in run
    self._target(*self._args, **self._kwargs)
    ~~~~~~~~~~~~^^^^^^^^^^^^^^^^^^^^^^^^^^^^^
  File "C:\Users\mrblue\AppData\Local\Programs\Python\Python313\Lib\subprocess.py", line 1615, in _readerthread
    buffer.append(fh.read())
                  ~~~~~~~^^
UnicodeDecodeError: 'cp949' codec can't decode byte 0xec in position 15: illegal multibyte sequence
Exception in thread Thread-489 (_readerthread):
Traceback (most recent call last):
  File "C:\Users\mrblue\AppData\Local\Programs\Python\Python313\Lib\threading.py", line 1044, in _bootstrap_inner
    self.run()
    ~~~~~~~~^^
  File "C:\Users\mrblue\AppData\Local\Programs\Python\Python313\Lib\threading.py", line 995, in run
    self._target(*self._args, **self._kwargs)
    ~~~~~~~~~~~~^^^^^^^^^^^^^^^^^^^^^^^^^^^^^
  File "C:\Users\mrblue\AppData\Local\Programs\Python\Python313\Lib\subprocess.py", line 1615, in _readerthread
    buffer.append(fh.read())
                  ~~~~~~~^^
UnicodeDecodeError: 'cp949' codec can't decode byte 0xec in position 15: illegal multibyte sequence
Exception in thread Thread-491 (_readerthread):
Traceback (most recent call last):
  File "C:\Users\mrblue\AppData\Local\Programs\Python\Python313\Lib\threading.py", line 1044, in _bootstrap_inner
    self.run()
    ~~~~~~~~^^
  File "C:\Users\mrblue\AppData\Local\Programs\Python\Python313\Lib\threading.py", line 995, in run
    self._target(*self._args, **self._kwargs)
    ~~~~~~~~~~~~^^^^^^^^^^^^^^^^^^^^^^^^^^^^^
  File "C:\Users\mrblue\AppData\Local\Programs\Python\Python313\Lib\subprocess.py", line 1615, in _readerthread
    buffer.append(fh.read())
                  ~~~~~~~^^
UnicodeDecodeError: 'cp949' codec can't decode byte 0xec in position 15: illegal multibyte sequence
Exception in thread Thread-493 (_readerthread):
Traceback (most recent call last):
  File "C:\Users\mrblue\AppData\Local\Programs\Python\Python313\Lib\threading.py", line 1044, in _bootstrap_inner
    self.run()
    ~~~~~~~~^^
  File "C:\Users\mrblue\AppData\Local\Programs\Python\Python313\Lib\threading.py", line 995, in run
    self._target(*self._args, **self._kwargs)
    ~~~~~~~~~~~~^^^^^^^^^^^^^^^^^^^^^^^^^^^^^
  File "C:\Users\mrblue\AppData\Local\Programs\Python\Python313\Lib\subprocess.py", line 1615, in _readerthread
    buffer.append(fh.read())
                  ~~~~~~~^^
UnicodeDecodeError: 'cp949' codec can't decode byte 0xec in position 15: illegal multibyte sequence
  끝 — 총 648일치
