2026-09-03 14:22:31  ===== 종목뉴스 수집 (네이버 금융) · 3종목 · 최대 30쪽 =====
2026-09-03 14:22:33    010660    41건 · 20250910 ~ 20260902
2026-09-03 14:22:34    014160    46건 · 20260209 ~ 20260816
2026-09-03 14:22:35    033830    19건 · 20250919 ~ 20260703
2026-09-03 14:22:35    끝 · 받음 3 · 빈 것 0
2026-09-03 14:22:35    시험 — 최근 제목 3개:
2026-09-03 14:22:35      20260817 [한국경제] [단독] "수주물량 70%가 반도체"…공작기계 공장 '풀가동'
2026-09-03 14:22:35      20260826 [매일신문] 두웰이엔지, 화천기계·코모텍과 잇단 협력…사업 확장 속도전
2026-09-03 14:22:35      20260902 [서울경제] 에프앤가이드, 두 달 만에 각자대표 종료…전민석 단독체제로
2026-09-03 14:23:00    신호가 났던 종목 26개를 받는다
2026-09-03 14:23:00  ===== 종목뉴스 수집 (네이버 금융) · 26종목 · 최대 40쪽 =====
2026-09-03 14:23:01    042110    27건 · 20251014 ~ 20260828
2026-09-03 14:23:06    047920   166건 · 20250926 ~ 20260901
2026-09-03 14:23:07    050960    48건 · 20250909 ~ 20260903
2026-09-03 14:23:09    053350    59건 · 20250910 ~ 20260826
2026-09-03 14:23:10    068790    52건 · 20250911 ~ 20260903
2026-09-03 14:23:11    069510    11건 · 20250904 ~ 20260724
2026-09-03 14:23:14    077360   116건 · 20250917 ~ 20260902
2026-09-03 14:23:16    104040    73건 · 20250910 ~ 20260828
2026-09-03 14:23:17    106190     6건 · 20260320 ~ 20260427
2026-09-03 14:23:18    115310    24건 · 20250908 ~ 20260720
2026-09-03 14:23:23    123420   124건 · 20250903 ~ 20260831
2026-09-03 14:23:25    176750    69건 · 20250904 ~ 20260902
2026-09-03 14:23:29    211270   106건 · 20250912 ~ 20260824
2026-09-03 14:23:30    219130    20건 · 20250915 ~ 20260715
2026-09-03 14:23:31    273640    18건 · 20251001 ~ 20260818
2026-09-03 14:23:32    277070    10건 · 20250914 ~ 20260519
2026-09-03 14:23:33    290740    27건 · 20251112 ~ 20260820
2026-09-03 14:23:33    322310    37건 · 20250911 ~ 20260812
2026-09-03 14:23:37    372910    77건 · 20250909 ~ 20260814
2026-09-03 14:23:40    417970    77건 · 20250904 ~ 20260824
2026-09-03 14:23:45    439090   183건 · 20250908 ~ 20260902
2026-09-03 14:23:46    450950    44건 · 20250917 ~ 20260901
2026-09-03 14:23:47    481070    55건 · 20250908 ~ 20260818
2026-09-03 14:23:47    끝 · 받음 23 · 빈 것 0
2026-09-03 14:27:54    신호가 났던 종목 124개를 받는다
2026-09-03 14:27:54  ===== 종목뉴스 수집 (네이버 금융) · 124종목 · 최대 40쪽 =====
2026-09-03 14:27:55    001780    45건 · 20250910 ~ 20260723
2026-09-03 14:27:57    003310    40건 · 20250926 ~ 20260720
2026-09-03 14:27:59    004090    92건 · 20250917 ~ 20260727
2026-09-03 14:27:59    004250    15건 · 20250930 ~ 20260507
2026-09-03 14:28:01    004560    60건 · 20250904 ~ 20260818
2026-09-03 14:28:02    006910    49건 · 20250903 ~ 20260827
2026-09-03 14:28:03    011500    28건 · 20250929 ~ 20260708
2026-09-03 14:28:04    011560    32건 · 20250910 ~ 20260818
2026-09-03 14:28:05    011700    40건 · 20250922 ~ 20260826
2026-09-03 14:28:07    012690    53건 · 20250912 ~ 20260827
2026-09-03 14:28:08    013990    27건 · 20250904 ~ 20260818
2026-09-03 14:28:09    014940    60건 · 20250904 ~ 20260722
2026-09-03 14:28:10    014970    27건 · 20250908 ~ 20260727
2026-09-03 14:28:10    017370    10건 · 20250913 ~ 20260813
2026-09-03 14:28:11    017550    31건 · 20260120 ~ 20260826
2026-09-03 14:28:12    020710    20건 · 20250923 ~ 20260831
2026-09-03 14:28:13    027050    25건 · 20250908 ~ 20260715
2026-09-03 14:28:14    032940    53건 · 20250916 ~ 20260903
2026-09-03 14:28:25    035510   299건 · 20250903 ~ 20260903
2026-09-03 14:28:28    036220    56건 · 20250904 ~ 20260901
2026-09-03 14:28:28    036890    23건 · 20251023 ~ 20260902
2026-09-03 14:28:30    039440    67건 · 20250919 ~ 20260902
2026-09-03 14:28:32    041440    63건 · 20250916 ~ 20260526
2026-09-03 14:28:33    041460     5건 · 20251208 ~ 20260611
2026-09-03 14:28:37    041920   132건 · 20250908 ~ 20260831
2026-09-03 14:28:38    044990    28건 · 20250929 ~ 20260824
2026-09-03 14:28:40    047770    94건 · 20251001 ~ 20260902
2026-09-03 14:28:43    052260    64건 · 20250916 ~ 20260812
2026-09-03 14:28:45    052420    65건 · 20250903 ~ 20260902
2026-09-03 14:28:46    054540    72건 · 20250904 ~ 20260526
2026-09-03 14:28:47    054620    34건 · 20250909 ~ 20260807
2026-09-03 14:28:50    058430    89건 · 20250903 ~ 20260903
2026-09-03 14:28:56    060570   151건 · 20250903 ~ 20260903
2026-09-03 14:28:57    064820    39건 · 20250904 ~ 20260819
2026-09-03 14:28:57    065680     4건 · 20251117 ~ 20260528
2026-09-03 14:28:58    066310    24건 · 20260119 ~ 20260708
2026-09-03 14:28:59    073010    20건 · 20250904 ~ 20260819
2026-09-03 14:29:00    078350    22건 · 20250912 ~ 20260720
2026-09-03 14:29:02    079370    78건 · 20250906 ~ 20260902
2026-09-03 14:29:03    081150    27건 · 20251010 ~ 20260805
2026-09-03 14:29:04    085670    14건 · 20250909 ~ 20260721
2026-09-03 14:29:06    086960    71건 · 20250904 ~ 20260827
2026-09-03 14:29:07    088390    52건 · 20250911 ~ 20260819
2026-09-03 14:29:08    089890    36건 · 20251001 ~ 20260803
2026-09-03 14:29:09    089980    16건 · 20250923 ~ 20260605
2026-09-03 14:29:09    092300    16건 · 20250903 ~ 20260803
2026-09-03 14:29:10    092870    36건 · 20250929 ~ 20260903
2026-09-03 14:29:12    095500    46건 · 20250924 ~ 20260709
2026-09-03 14:29:18    096250   195건 · 20250903 ~ 20260903
2026-09-03 14:29:20    097520    79건 · 20250910 ~ 20260825
2026-09-03 14:29:21    098120    17건 · 20250908 ~ 20260902
2026-09-03 14:29:23    099430   100건 · 20250905 ~ 20260828
2026-09-03 14:29:24    102120    40건 · 20250909 ~ 20260818
2026-09-03 14:29:25    104460     9건 · 20250930 ~ 20260219
2026-09-03 14:29:27    105840    87건 · 20250903 ~ 20260714
2026-09-03 14:29:27    114450    31건 · 20250909 ~ 20260824
2026-09-03 14:29:30    114840    75건 · 20250903 ~ 20260829
2026-09-03 14:29:31    115440    35건 · 20250930 ~ 20260810
2026-09-03 14:29:33    115500    80건 · 20250916 ~ 20260825
2026-09-03 14:29:35    123690   103건 · 20250910 ~ 20260901
2026-09-03 14:29:36    125020    23건 · 20251014 ~ 20260902
2026-09-03 14:29:37    126730    30건 · 20250903 ~ 20260901
2026-09-03 14:29:37    126880    14건 · 20251001 ~ 20260826
2026-09-03 14:29:38    131030    31건 · 20250923 ~ 20260721
2026-09-03 14:29:38    147830    19건 · 20251106 ~ 20260827
2026-09-03 14:29:45    200670   238건 · 20250908 ~ 20260901
2026-09-03 14:29:46    217190    31건 · 20250924 ~ 20260820
2026-09-03 14:29:47    240550    23건 · 20250922 ~ 20260828
2026-09-03 14:29:47    243840    12건 · 20250916 ~ 20260827
2026-09-03 14:29:48    251120    20건 · 20250924 ~ 20260831
2026-09-03 14:29:49    264660    26건 · 20250904 ~ 20260718
2026-09-03 14:29:51    282880    55건 · 20250903 ~ 20260901
2026-09-03 14:29:54    298830   103건 · 20250903 ~ 20260903
2026-09-03 14:29:56    303810    69건 · 20250903 ~ 20260825
2026-09-03 14:30:00    307930   167건 · 20250903 ~ 20260903
2026-09-03 14:30:01    311320    19건 · 20250923 ~ 20260812
2026-09-03 14:30:04    327260   142건 · 20250907 ~ 20260902
2026-09-03 14:30:05    333430    12건 · 20250908 ~ 20260805
2026-09-03 14:30:05    333620    13건 · 20250903 ~ 20260427
2026-09-03 14:30:07    356860    72건 · 20250910 ~ 20260901
2026-09-03 14:30:08    357550    25건 · 20251021 ~ 20260713
2026-09-03 14:30:09    366030    20건 · 20250926 ~ 20260828
2026-09-03 14:30:09    377450    13건 · 20250928 ~ 20260819
2026-09-03 14:30:10    396470    14건 · 20251112 ~ 20260819
2026-09-03 14:30:10    405100    17건 · 20250915 ~ 20260903
2026-09-03 14:30:12    416180    59건 · 20250904 ~ 20260903
2026-09-03 14:30:14    417840    64건 · 20250915 ~ 20260901
2026-09-03 14:30:14    425040    28건 · 20250911 ~ 20260804
2026-09-03 14:30:15    445180     2건 · 20250917 ~ 20260420
2026-09-03 14:30:16    448280    40건 · 20250903 ~ 20260814
2026-09-03 14:30:17    451250    19건 · 20250918 ~ 20260704
2026-09-03 14:30:17    453860    14건 · 20250930 ~ 20260604
2026-09-03 14:30:18    457550    39건 · 20250911 ~ 20260827
2026-09-03 14:30:19    458650     6건 · 20251113 ~ 20260520
2026-09-03 14:30:21    461300    81건 · 20250903 ~ 20260902
2026-09-03 14:30:22    474170    23건 · 20251002 ~ 20260610
2026-09-03 14:30:24    482630    75건 · 20250911 ~ 20260831
2026-09-03 14:30:26    489500    59건 · 20250912 ~ 20260814
2026-09-03 14:30:26    끝 · 받음 98 · 빈 것 0
2026-09-07 18:46:56    시총 500~2,000억에 한 번이라도 든 종목 2700개를 받는다
2026-09-07 18:46:56  ===== 종목뉴스 수집 (네이버 금융) · 2700종목 · 최대 12쪽 =====
2026-09-07 18:47:01    000020   200건 · 20260101 ~ 20260906
2026-09-07 18:47:03    000040    37건 · 20250915 ~ 20260907
2026-09-07 18:47:05    000050    59건 · 20250918 ~ 20260813
2026-09-07 18:47:06    000105     1건 · 20260724 ~ 20260724
2026-09-07 18:47:08    000140    31건 · 20250910 ~ 20260820
2026-09-07 18:47:10    000155    60건 · 20250908 ~ 20260901
2026-09-07 18:47:11    000157    26건 · 20250908 ~ 20260831
2026-09-07 18:47:12    000180    16건 · 20250918 ~ 20260713
2026-09-07 18:47:15    0001A0   119건 · 20250915 ~ 20260907
2026-09-07 18:47:16    000215     4건 · 20251028 ~ 20260320
2026-09-07 18:47:21    000220   140건 · 20250913 ~ 20260907
2026-09-07 18:47:24    000230    72건 · 20250908 ~ 20260513
2026-09-07 18:47:29    000250   207건 · 20260721 ~ 20260907
2026-09-07 18:47:30    000300    15건 · 20251031 ~ 20260504
2026-09-07 18:47:31    000320    37건 · 20250908 ~ 20260720
2026-09-07 18:47:31    000360  뉴스 없음
2026-09-07 18:47:36    000370   202건 · 20260525 ~ 20260907
2026-09-07 18:47:41    000390   214건 · 20260311 ~ 20260907
2026-09-07 18:47:45    000400   203건 · 20260604 ~ 20260907
2026-09-07 18:47:46    000420  뉴스 없음
2026-09-07 18:47:48    000430    38건 · 20250916 ~ 20260907
2026-09-07 18:47:52    000440   189건 · 20250917 ~ 20260902
2026-09-07 18:47:53    000470  뉴스 없음
2026-09-07 18:47:54    000480    19건 · 20250925 ~ 20260814
2026-09-07 18:47:58    000490   208건 · 20250910 ~ 20260907
2026-09-07 18:48:01    0004V0    65건 · 20250915 ~ 20260907
2026-09-07 18:48:05    000500   212건 · 20260618 ~ 20260907
2026-09-07 18:48:08    000520    92건 · 20250926 ~ 20260901
2026-09-07 18:48:13    000540   202건 · 20260223 ~ 20260907
2026-09-07 18:48:14    000590     6건 · 20260202 ~ 20260819
2026-09-07 18:48:14    000610  뉴스 없음
2026-09-07 18:48:19    000650   194건 · 20251118 ~ 20260720
2026-09-07 18:48:21    000680    47건 · 20250910 ~ 20260901
2026-09-07 18:48:21    000700     9건 · 20260120 ~ 20260421
2026-09-07 18:48:22    000725    11건 · 20251027 ~ 20260804
2026-09-07 18:48:24    000760    35건 · 20251128 ~ 20260805
2026-09-07 18:48:29    0007C0   149건 · 20250910 ~ 20260904
2026-09-07 18:48:33    0007J0   186건 · 20251002 ~ 20260903
2026-09-07 18:48:34    000800  뉴스 없음
2026-09-07 18:48:34    000835  뉴스 없음
2026-09-07 18:48:35    000850    16건 · 20251014 ~ 20260630
2026-09-07 18:48:38    000860    70건 · 20250912 ~ 20260824
2026-09-07 18:48:41    000890    86건 · 20250916 ~ 20260903
2026-09-07 18:48:44    0008Z0    59건 · 20250909 ~ 20260901
2026-09-07 18:48:45    000910    48건 · 20251010 ~ 20260828
2026-09-07 18:48:50    000950   180건 · 20250910 ~ 20260907
2026-09-07 18:48:51    000970     5건 · 20250925 ~ 20260224
2026-09-07 18:48:55    000990   200건 · 20260413 ~ 20260907
2026-09-07 18:48:57    001000    20건 · 20251106 ~ 20260820
2026-09-07 18:48:58    001020    40건 · 20250930 ~ 20260901
2026-09-07 18:48:59    001045     3건 · 20250929 ~ 20260115
2026-09-07 18:49:00    00104K     1건 · 20260518 ~ 20260518
2026-09-07 18:49:05    001060   200건 · 20260423 ~ 20260907
2026-09-07 18:49:06    001070    43건 · 20250916 ~ 20260907
2026-09-07 18:49:10    001080    86건 · 20250909 ~ 20260907
2026-09-07 18:49:11    0010F0    35건 · 20250917 ~ 20260825
2026-09-07 18:49:12    0010V0    38건 · 20250908 ~ 20260828
2026-09-07 18:49:17    001130   203건 · 20260221 ~ 20260902
2026-09-07 18:49:18    001140    16건 · 20260123 ~ 20260619
2026-09-07 18:49:23    0011A0   187건 · 20250919 ~ 20260827
2026-09-07 18:49:28    0011T0   202건 · 20260225 ~ 20260904
2026-09-07 18:49:32    001200   204건 · 20260819 ~ 20260907
2026-09-07 18:49:36    001210   110건 · 20250926 ~ 20260907
2026-09-07 18:49:40    001230   215건 · 20260402 ~ 20260903
2026-09-07 18:49:45    001250   168건 · 20250908 ~ 20260907
2026-09-07 18:49:50    001260   200건 · 20250910 ~ 20260907
2026-09-07 18:49:55    001270   202건 · 20260121 ~ 20260831
2026-09-07 18:49:56    001275    20건 · 20250928 ~ 20260312
2026-09-07 18:50:00    001290   201건 · 20260714 ~ 20260907
2026-09-07 18:50:01    001310  뉴스 없음
2026-09-07 18:50:02    001340    18건 · 20250923 ~ 20260814
2026-09-07 18:50:04    001360    62건 · 20251003 ~ 20260831
2026-09-07 18:50:05    001380    12건 · 20251012 ~ 20260512
2026-09-07 18:50:09    001390    92건 · 20250910 ~ 20260902
2026-09-07 18:50:14    0013V0   201건 · 20251201 ~ 20260906
2026-09-07 18:50:15    001420    23건 · 20251023 ~ 20260902
2026-09-07 18:50:20    001440   211건 · 20260611 ~ 20260907
2026-09-07 18:50:21    001460    58건 · 20250912 ~ 20260824
2026-09-07 18:50:22    001465     3건 · 20250928 ~ 20260205
2026-09-07 18:50:26    001470   142건 · 20250908 ~ 20260831
2026-09-07 18:50:31    001500   199건 · 20260806 ~ 20260907
2026-09-07 18:50:34    001520    85건 · 20250917 ~ 20260907
2026-09-07 18:50:39    001530   133건 · 20250912 ~ 20260906
2026-09-07 18:50:41    001540    90건 · 20250909 ~ 20260904
2026-09-07 18:50:44    001550    76건 · 20250910 ~ 20260907
2026-09-07 18:50:45    001560    19건 · 20250918 ~ 20260413
2026-09-07 18:50:49    001570   111건 · 20250911 ~ 20260904
2026-09-07 18:50:54    0015G0   201건 · 20251001 ~ 20260904
2026-09-07 18:50:59    0015N0   200건 · 20251113 ~ 20260907
2026-09-07 18:51:03    0015S0   146건 · 20250911 ~ 20260903
2026-09-07 18:51:05    001620    30건 · 20250911 ~ 20260722
2026-09-07 18:51:09    001630   118건 · 20250910 ~ 20260831
2026-09-07 18:51:10    001725  뉴스 없음
2026-09-07 18:51:14    001750   201건 · 20260617 ~ 20260904
2026-09-07 18:51:15    001770    12건 · 20260107 ~ 20260907
2026-09-07 18:51:20    001790   198건 · 20251119 ~ 20260904
2026-09-07 18:51:22    0017J0    54건 · 20251117 ~ 20260901
2026-09-07 18:51:25    001810    49건 · 20251113 ~ 20260818
2026-09-07 18:51:29    001820   144건 · 20250909 ~ 20260902
2026-09-07 18:51:30    001840    29건 · 20250929 ~ 20260615
2026-09-07 18:51:35    001880   137건 · 20250915 ~ 20260904
2026-09-07 18:51:36    001940    27건 · 20250912 ~ 20260830
2026-09-07 18:51:37    002000  뉴스 없음
2026-09-07 18:51:41    002020   201건 · 20260318 ~ 20260904
2026-09-07 18:51:42    002025    12건 · 20250910 ~ 20260721
2026-09-07 18:51:43    002030    17건 · 20250909 ~ 20260708
2026-09-07 18:51:45    002070    49건 · 20250930 ~ 20260831
2026-09-07 18:51:46    002100    23건 · 20250910 ~ 20260907
2026-09-07 18:51:49    002140    29건 · 20251015 ~ 20260902
2026-09-07 18:51:50    002150    49건 · 20250910 ~ 20260819
2026-09-07 18:51:52    002170    42건 · 20250921 ~ 20260828
2026-09-07 18:51:54    002200    20건 · 20251113 ~ 20260526
2026-09-07 18:51:58    002210   202건 · 20251015 ~ 20260907
2026-09-07 18:51:59    002220    12건 · 20250923 ~ 20260803
2026-09-07 18:52:01    002230    37건 · 20250917 ~ 20260831
2026-09-07 18:52:01    002250  뉴스 없음
2026-09-07 18:52:02    002290     4건 · 20251203 ~ 20251203
2026-09-07 18:52:03    002300  뉴스 없음
2026-09-07 18:52:04    002310    48건 · 20250909 ~ 20260816
2026-09-07 18:52:09    002320   205건 · 20260407 ~ 20260907
2026-09-07 18:52:10    002355  뉴스 없음
2026-09-07 18:52:11    002360    37건 · 20260212 ~ 20260813
2026-09-07 18:52:14    002390   101건 · 20250909 ~ 20260907
2026-09-07 18:52:16    002410    49건 · 20250924 ~ 20260905
2026-09-07 18:52:17    002420    20건 · 20251105 ~ 20260831
2026-09-07 18:52:19    002450    25건 · 20251029 ~ 20260830
2026-09-07 18:52:23    002460   179건 · 20250908 ~ 20260907
2026-09-07 18:52:24    002530  뉴스 없음
2026-09-07 18:52:25    002600     5건 · 20251209 ~ 20260702
2026-09-07 18:52:26    002620    26건 · 20250924 ~ 20260903
2026-09-07 18:52:29    002630    60건 · 20250925 ~ 20260901
2026-09-07 18:52:29    002670  뉴스 없음
2026-09-07 18:52:32    002680    73건 · 20250915 ~ 20260820
2026-09-07 18:52:33    002690    19건 · 20250912 ~ 20260629
2026-09-07 18:52:37    002700   177건 · 20250917 ~ 20260818
2026-09-07 18:52:41    002710    75건 · 20250912 ~ 20260904
2026-09-07 18:52:43    002720    35건 · 20251021 ~ 20260825
2026-09-07 18:52:43    002760    15건 · 20251208 ~ 20260506
2026-09-07 18:52:47    002780   147건 · 20250925 ~ 20260814
2026-09-07 18:52:48    002795     8건 · 20251107 ~ 20260209
2026-09-07 18:52:49    002797  뉴스 없음
2026-09-07 18:52:50    00279K     5건 · 20251107 ~ 20260209
2026-09-07 18:52:52    002800    58건 · 20250917 ~ 20260906
2026-09-07 18:52:53    002810     6건 · 20250922 ~ 20260527
2026-09-07 18:52:54    002820    33건 · 20251112 ~ 20260907
2026-09-07 18:52:55    002840    19건 · 20251209 ~ 20260730
2026-09-07 18:52:56    002870     7건 · 20251106 ~ 20260709
2026-09-07 18:52:57    002880    37건 · 20251001 ~ 20260818
2026-09-07 18:53:02    002900   138건 · 20250918 ~ 20260904
2026-09-07 18:53:03    002920     1건 · 20251129 ~ 20251129
2026-09-07 18:53:04    002960    20건 · 20250908 ~ 20260907
2026-09-07 18:53:08    002990   200건 · 20260630 ~ 20260907
2026-09-07 18:53:10    003010    31건 · 20250911 ~ 20260907
2026-09-07 18:53:15    003030   161건 · 20250908 ~ 20260903
2026-09-07 18:53:16    003060    71건 · 20250908 ~ 20260904
2026-09-07 18:53:21    003070   202건 · 20260416 ~ 20260907
2026-09-07 18:53:22    003080    20건 · 20251020 ~ 20260824
2026-09-07 18:53:24    003090    39건 · 20250918 ~ 20260729
2026-09-07 18:53:25    003100    20건 · 20250925 ~ 20260710
2026-09-07 18:53:28    003120    60건 · 20250907 ~ 20260812
2026-09-07 18:53:30    003160   105건 · 20250917 ~ 20260902
2026-09-07 18:53:31    003190  뉴스 없음
2026-09-07 18:53:35    003200   188건 · 20250917 ~ 20260907
2026-09-07 18:53:40    003220   200건 · 20260128 ~ 20260905
2026-09-07 18:53:45    003230   204건 · 20260731 ~ 20260907
2026-09-07 18:53:50    003280   202건 · 20260303 ~ 20260907
2026-09-07 18:53:52    003300    45건 · 20250911 ~ 20260709
2026-09-07 18:53:53    003350    22건 · 20251002 ~ 20260812
2026-09-07 18:53:53    003415  뉴스 없음
2026-09-07 18:53:54    00341A  뉴스 없음
2026-09-07 18:53:56    003460    56건 · 20250911 ~ 20260907
2026-09-07 18:53:57    003465    20건 · 20251209 ~ 20260903
2026-09-07 18:53:58    003475     3건 · 20260219 ~ 20260507
2026-09-07 18:53:59    003480     8건 · 20250911 ~ 20260812
2026-09-07 18:53:59    003495    10건 · 20251105 ~ 20260821
2026-09-07 18:54:01    003520    25건 · 20251002 ~ 20260831
2026-09-07 18:54:05    003530   203건 · 20260820 ~ 20260907
2026-09-07 18:54:07    003535    28건 · 20250929 ~ 20260526
2026-09-07 18:54:08    003545     3건 · 20260213 ~ 20260327
2026-09-07 18:54:08    003547     5건 · 20260213 ~ 20260223
2026-09-07 18:54:10    003555    21건 · 20251205 ~ 20260624
2026-09-07 18:54:10    003560    13건 · 20251104 ~ 20260709
2026-09-07 18:54:15    003570   121건 · 20250908 ~ 20260907
2026-09-07 18:54:19    003580   149건 · 20250915 ~ 20260906
2026-09-07 18:54:20    003605  뉴스 없음
2026-09-07 18:54:21    003610    18건 · 20250909 ~ 20260621
2026-09-07 18:54:25    003620   200건 · 20260715 ~ 20260907
2026-09-07 18:54:26    003640  뉴스 없음
2026-09-07 18:54:27    003650    10건 · 20260106 ~ 20260901
2026-09-07 18:54:32    003680   166건 · 20250917 ~ 20260907
2026-09-07 18:54:34    003720    49건 · 20250908 ~ 20260831
2026-09-07 18:54:35    003780    28건 · 20260112 ~ 20260722
2026-09-07 18:54:40    003800   203건 · 20260130 ~ 20260907
2026-09-07 18:54:42    003830    55건 · 20250910 ~ 20260906
2026-09-07 18:54:47    003850   203건 · 20250911 ~ 20260904
2026-09-07 18:54:52    003920   202건 · 20260601 ~ 20260907
2026-09-07 18:54:53    003925    12건 · 20250915 ~ 20260316
2026-09-07 18:54:53    003940  뉴스 없음
2026-09-07 18:54:59    003960   171건 · 20250907 ~ 20260907
2026-09-07 18:55:02    0039P0    97건 · 20250922 ~ 20260907
2026-09-07 18:55:03    004060    44건 · 20251010 ~ 20260414
2026-09-07 18:55:05    004080    37건 · 20250915 ~ 20260824
2026-09-07 18:55:06    004100    23건 · 20250930 ~ 20260723
2026-09-07 18:55:06    004130  뉴스 없음
2026-09-07 18:55:08    004140    45건 · 20250926 ~ 20260907
2026-09-07 18:55:11    004150    63건 · 20250908 ~ 20260904
2026-09-07 18:55:11    004200  뉴스 없음
2026-09-07 18:55:13    004270    31건 · 20250916 ~ 20260813
2026-09-07 18:55:17    004310   206건 · 20251206 ~ 20260907
2026-09-07 18:55:18    004320  뉴스 없음
2026-09-07 18:55:19    004360    38건 · 20250909 ~ 20260828
2026-09-07 18:55:20    004367  뉴스 없음
2026-09-07 18:55:21    004380    29건 · 20250921 ~ 20260707
2026-09-07 18:55:23    004410    69건 · 20250912 ~ 20260818
2026-09-07 18:55:24    004430     6건 · 20251031 ~ 20260821
2026-09-07 18:55:26    004440    41건 · 20250918 ~ 20260709
2026-09-07 18:55:27    004450    15건 · 20250930 ~ 20260616
2026-09-07 18:55:31    004540   212건 · 20260305 ~ 20260907
2026-09-07 18:55:32    004550  뉴스 없음
2026-09-07 18:55:33    004590    20건 · 20250928 ~ 20260824
2026-09-07 18:55:34    004620  뉴스 없음
2026-09-07 18:55:35    004650    20건 · 20260106 ~ 20260825
2026-09-07 18:55:36    004700    17건 · 20250909 ~ 20260223
2026-09-07 18:55:40    004710   121건 · 20250924 ~ 20260904
2026-09-07 18:55:42    004720    58건 · 20250915 ~ 20260818
2026-09-07 18:55:42    004740  뉴스 없음
2026-09-07 18:55:43    004770    12건 · 20260603 ~ 20260907
2026-09-07 18:55:44    004780     3건 · 20251229 ~ 20260715
2026-09-07 18:55:45    004790  뉴스 없음
2026-09-07 18:55:45    004830    10건 · 20251106 ~ 20260715
2026-09-07 18:55:46    004835    15건 · 20251001 ~ 20260604
2026-09-07 18:55:47    004840    26건 · 20250908 ~ 20260901
2026-09-07 18:55:50    004870   106건 · 20250919 ~ 20260904
2026-09-07 18:55:52    004890    43건 · 20250916 ~ 20260818
2026-09-07 18:55:55    004910    74건 · 20250908 ~ 20260907
2026-09-07 18:55:56    004920    45건 · 20250918 ~ 20260903
2026-09-07 18:56:01    004960   201건 · 20251031 ~ 20260831
2026-09-07 18:56:02    004970    10건 · 20251110 ~ 20260904
2026-09-07 18:56:05    004980    76건 · 20250908 ~ 20260831
2026-09-07 18:56:06    00499K     4건 · 20250930 ~ 20260831
2026-09-07 18:56:08    005010    48건 · 20250915 ~ 20260903
2026-09-07 18:56:09    005030    20건 · 20250908 ~ 20260706
2026-09-07 18:56:12    005070    90건 · 20250917 ~ 20260907
2026-09-07 18:56:17    005090   130건 · 20250923 ~ 20260906
2026-09-07 18:56:18    005110    45건 · 20250912 ~ 20260820
2026-09-07 18:56:19    005160    16건 · 20250908 ~ 20260730
2026-09-07 18:56:20    005190  뉴스 없음
2026-09-07 18:56:20    005255  뉴스 없음
2026-09-07 18:56:21    005257    10건 · 20250928 ~ 20260825
2026-09-07 18:56:26    005290   201건 · 20251001 ~ 20260904
2026-09-07 18:56:27    005305     1건 · 20251211 ~ 20251211
2026-09-07 18:56:29    005320    39건 · 20251023 ~ 20260902
2026-09-07 18:56:33    005360   201건 · 20250912 ~ 20260906
2026-09-07 18:56:35    005389    30건 · 20251017 ~ 20260904
2026-09-07 18:56:39    005390   170건 · 20250910 ~ 20260907
2026-09-07 18:56:41    005420    33건 · 20250917 ~ 20260907
2026-09-07 18:56:42    005430    21건 · 20250909 ~ 20260902
2026-09-07 18:56:43    005450  뉴스 없음
2026-09-07 18:56:47    005500   202건 · 20251119 ~ 20260907
2026-09-07 18:56:48    005560  뉴스 없음
2026-09-07 18:56:53    005610   202건 · 20260310 ~ 20260907
2026-09-07 18:56:53    005620  뉴스 없음
2026-09-07 18:56:54    005670    18건 · 20251215 ~ 20260509
2026-09-07 18:56:55    005680    31건 · 20251021 ~ 20260805
2026-09-07 18:56:59    005690   121건 · 20250911 ~ 20260824
2026-09-07 18:57:00    005710    37건 · 20250914 ~ 20260903
2026-09-07 18:57:01    005720    15건 · 20250911 ~ 20260709
2026-09-07 18:57:02    005740    14건 · 20251104 ~ 20260828
2026-09-07 18:57:04    005750    44건 · 20250912 ~ 20260907
2026-09-07 18:57:05    005800    22건 · 20251001 ~ 20260902
2026-09-07 18:57:08    005810    71건 · 20250916 ~ 20260904
2026-09-07 18:57:09    005820     8건 · 20260223 ~ 20260907
2026-09-07 18:57:10    005860    31건 · 20251015 ~ 20260902
2026-09-07 18:57:12    005870    57건 · 20250924 ~ 20260729
2026-09-07 18:57:17    005880   201건 · 20251211 ~ 20260907
2026-09-07 18:57:17    005900  뉴스 없음
2026-09-07 18:57:18    005945    12건 · 20260122 ~ 20260819
2026-09-07 18:57:21    005950    95건 · 20251022 ~ 20260824
2026-09-07 18:57:26    005960   200건 · 20260407 ~ 20260907
2026-09-07 18:57:26    005980  뉴스 없음
2026-09-07 18:57:28    005990    34건 · 20250915 ~ 20260819
2026-09-07 18:57:28    006050    17건 · 20251015 ~ 20260812
2026-09-07 18:57:30    006060    25건 · 20251111 ~ 20260728
2026-09-07 18:57:31    006090    20건 · 20250923 ~ 20260904
2026-09-07 18:57:34    006110   103건 · 20250917 ~ 20260902
2026-09-07 18:57:34    006125  뉴스 없음
2026-09-07 18:57:35    006140     5건 · 20260106 ~ 20260317
2026-09-07 18:57:36    006200    30건 · 20250923 ~ 20260817
2026-09-07 18:57:41    006220   203건 · 20260403 ~ 20260907
2026-09-07 18:57:46    006340   226건 · 20250923 ~ 20260907
2026-09-07 18:57:48    006370    72건 · 20250907 ~ 20260904
2026-09-07 18:57:49    006380    15건 · 20251029 ~ 20260907
2026-09-07 18:57:50    006390    20건 · 20250908 ~ 20260710
2026-09-07 18:57:51    006405     9건 · 20251024 ~ 20260622
2026-09-07 18:57:51    006440  뉴스 없음
2026-09-07 18:57:54    006490   109건 · 20250909 ~ 20260715
2026-09-07 18:57:56    006570    52건 · 20250911 ~ 20260831
2026-09-07 18:57:57    006580     2건 · 20260401 ~ 20260807
2026-09-07 18:58:01    006620    94건 · 20250915 ~ 20260907
2026-09-07 18:58:02    006660    29건 · 20250924 ~ 20260721
2026-09-07 18:58:05    006740    91건 · 20251002 ~ 20260904
2026-09-07 18:58:06    006805    48건 · 20250909 ~ 20260724
2026-09-07 18:58:11    006840   143건 · 20250907 ~ 20260821
2026-09-07 18:58:12    006880    14건 · 20251015 ~ 20260731
2026-09-07 18:58:13    006890    15건 · 20251024 ~ 20260727
2026-09-07 18:58:13    006920    14건 · 20251212 ~ 20260730
2026-09-07 18:58:14    006980    13건 · 20250929 ~ 20260907
2026-09-07 18:58:17    007110    70건 · 20250922 ~ 20260826
2026-09-07 18:58:19    007120    46건 · 20251105 ~ 20260814
2026-09-07 18:58:19    007150  뉴스 없음
2026-09-07 18:58:20    007160    32건 · 20250909 ~ 20260904
2026-09-07 18:58:21    007190  뉴스 없음
2026-09-07 18:58:21    007200  뉴스 없음
2026-09-07 18:58:22    007210    20건 · 20251022 ~ 20260702
2026-09-07 18:58:23    007280    13건 · 20251022 ~ 20260827
2026-09-07 18:58:25    007330    40건 · 20250909 ~ 20260807
2026-09-07 18:58:27    007340    69건 · 20250909 ~ 20260823
2026-09-07 18:58:28    007370    20건 · 20251002 ~ 20260713
2026-09-07 18:58:31    007390    98건 · 20250908 ~ 20260828
2026-09-07 18:58:36    007460   131건 · 20250908 ~ 20260904
2026-09-07 18:58:36    007480  뉴스 없음
2026-09-07 18:58:36    007530  뉴스 없음
2026-09-07 18:58:38    007540    38건 · 20250922 ~ 20260824
2026-09-07 18:58:42    007570   132건 · 20250910 ~ 20260907
2026-09-07 18:58:43    007575    13건 · 20250928 ~ 20260429
2026-09-07 18:58:44    007590    13건 · 20251029 ~ 20260708
2026-09-07 18:58:45    007610    43건 · 20250925 ~ 20260827
2026-09-07 18:58:46    007630  뉴스 없음
2026-09-07 18:58:50    007660   201건 · 20260409 ~ 20260906
2026-09-07 18:58:54    007680   109건 · 20250909 ~ 20260831
2026-09-07 18:58:55    007690    38건 · 20250907 ~ 20260821
2026-09-07 18:59:00    007700   141건 · 20250911 ~ 20260907
2026-09-07 18:59:02    007720    77건 · 20250922 ~ 20260907
2026-09-07 18:59:03    007770     6건 · 20260210 ~ 20260604
2026-09-07 18:59:04    007800  뉴스 없음
2026-09-07 18:59:08    007810   192건 · 20250909 ~ 20260904
2026-09-07 18:59:09    007815    26건 · 20250909 ~ 20260728
2026-09-07 18:59:11    007820    52건 · 20250908 ~ 20260819
2026-09-07 18:59:12    007860    10건 · 20251016 ~ 20260803
2026-09-07 18:59:14    007980    38건 · 20250919 ~ 20260828
2026-09-07 18:59:14    008020  뉴스 없음
2026-09-07 18:59:19    008040   199건 · 20260206 ~ 20260904
2026-09-07 18:59:22    008060    75건 · 20250915 ~ 20260812
2026-09-07 18:59:22    008080  뉴스 없음
2026-09-07 18:59:23    008110    15건 · 20250919 ~ 20260904
2026-09-07 18:59:24    008250    20건 · 20250913 ~ 20260825
2026-09-07 18:59:25    008260    11건 · 20251116 ~ 20260902
2026-09-07 18:59:27    008290    48건 · 20251105 ~ 20260907
2026-09-07 18:59:32    0082N0   202건 · 20260119 ~ 20260907
2026-09-07 18:59:32    008320  뉴스 없음
2026-09-07 18:59:36    008350   124건 · 20250908 ~ 20260903
2026-09-07 18:59:37    008370     7건 · 20250909 ~ 20260304
2026-09-07 18:59:38    008420    34건 · 20251106 ~ 20260903
2026-09-07 18:59:39    008470    14건 · 20251020 ~ 20260813
2026-09-07 18:59:40    008490    14건 · 20250909 ~ 20260810
2026-09-07 18:59:40    008540  뉴스 없음
2026-09-07 18:59:42    008600    37건 · 20250909 ~ 20260423
2026-09-07 18:59:43    008700    20건 · 20251223 ~ 20260805
2026-09-07 18:59:46    008730    75건 · 20250909 ~ 20260817
2026-09-07 18:59:46    008775     8건 · 20250919 ~ 20260622
2026-09-07 18:59:47    008800  뉴스 없음
2026-09-07 18:59:51    008830    91건 · 20250923 ~ 20260810
2026-09-07 18:59:51    008870    11건 · 20251017 ~ 20260226
2026-09-07 18:59:54    0088M0    96건 · 20250919 ~ 20260903
2026-09-07 18:59:55    008900  뉴스 없음
2026-09-07 19:00:00    008930   200건 · 20260521 ~ 20260907
2026-09-07 19:00:03    008970    89건 · 20250911 ~ 20260903
2026-09-07 19:00:03    009010  뉴스 없음
2026-09-07 19:00:05    009070    26건 · 20250930 ~ 20260814
2026-09-07 19:00:05    009140     7건 · 20250909 ~ 20260907
2026-09-07 19:00:08    009155    75건 · 20260126 ~ 20260905
2026-09-07 19:00:09    009160    20건 · 20250922 ~ 20260710
2026-09-07 19:00:11    009180    55건 · 20250916 ~ 20260907
2026-09-07 19:00:12    009190    21건 · 20251029 ~ 20260901
2026-09-07 19:00:17    009200   124건 · 20250911 ~ 20260903
2026-09-07 19:00:19    009270    62건 · 20250909 ~ 20260903
2026-09-07 19:00:20    009280  뉴스 없음
2026-09-07 19:00:25    009290   202건 · 20260212 ~ 20260907
2026-09-07 19:00:25    009300    12건 · 20251002 ~ 20260901
2026-09-07 19:00:27    009310    22건 · 20251015 ~ 20260905
2026-09-07 19:00:27    009320     9건 · 20251210 ~ 20260712
2026-09-07 19:00:28    009380  뉴스 없음
2026-09-07 19:00:33    009410   200건 · 20260225 ~ 20260907
2026-09-07 19:00:35    009415    65건 · 20250917 ~ 20260622
2026-09-07 19:00:39    009420   202건 · 20251201 ~ 20260904
2026-09-07 19:00:41    009440    32건 · 20251128 ~ 20260903
2026-09-07 19:00:46    009450   210건 · 20260325 ~ 20260907
2026-09-07 19:00:48    009460    61건 · 20250913 ~ 20260907
2026-09-07 19:00:49    009470    41건 · 20250911 ~ 20260708
2026-09-07 19:00:53    009520    83건 · 20250924 ~ 20260825
2026-09-07 19:00:58    009580   108건 · 20250909 ~ 20260906
2026-09-07 19:00:59    009620    24건 · 20251001 ~ 20260819
2026-09-07 19:01:00    009680    12건 · 20250925 ~ 20260616
2026-09-07 19:01:01    009730    27건 · 20251117 ~ 20260814
2026-09-07 19:01:02    009770    10건 · 20251105 ~ 20260410
2026-09-07 19:01:03    009780    24건 · 20250907 ~ 20260719
2026-09-07 19:01:04    009810    12건 · 20250915 ~ 20260826
2026-09-07 19:01:05    009835     8건 · 20260204 ~ 20260807
2026-09-07 19:01:06    010040     6건 · 20251024 ~ 20260317
2026-09-07 19:01:07    010050    59건 · 20250929 ~ 20260904
2026-09-07 19:01:09    010100    23건 · 20250911 ~ 20260907
2026-09-07 19:01:10    010145     9건 · 20250928 ~ 20251206
2026-09-07 19:01:15    010170   214건 · 20260312 ~ 20260907
2026-09-07 19:01:15    010240     6건 · 20251209 ~ 20260715
2026-09-07 19:01:20    010280   129건 · 20250908 ~ 20260901
2026-09-07 19:01:21    010400    35건 · 20250908 ~ 20260814
2026-09-07 19:01:22    010420    14건 · 20250908 ~ 20260904
2026-09-07 19:01:23    010460  뉴스 없음
2026-09-07 19:01:24    010470    20건 · 20250921 ~ 20260819
2026-09-07 19:01:27    010580    78건 · 20250918 ~ 20260907
2026-09-07 19:01:30    010600    69건 · 20250911 ~ 20260731
2026-09-07 19:01:31    010640    37건 · 20250908 ~ 20260828
2026-09-07 19:01:32    010670  뉴스 없음
2026-09-07 19:01:33    010690    58건 · 20250924 ~ 20260821
2026-09-07 19:01:34    010770    11건 · 20260114 ~ 20260824
2026-09-07 19:01:39    010780   200건 · 20260114 ~ 20260907
2026-09-07 19:01:41    010820    73건 · 20250911 ~ 20260903
2026-09-07 19:01:42    010955     8건 · 20250924 ~ 20260306
2026-09-07 19:01:43    010960    26건 · 20250912 ~ 20260903
2026-09-07 19:01:46    011000   113건 · 20250918 ~ 20260907
2026-09-07 19:01:49    011040    72건 · 20250910 ~ 20260903
2026-09-07 19:01:53    011080   136건 · 20250922 ~ 20260904
2026-09-07 19:01:58    011090   154건 · 20250909 ~ 20260904
2026-09-07 19:01:59    011150    34건 · 20250907 ~ 20260821
2026-09-07 19:01:59    011160  뉴스 없음
2026-09-07 19:02:01    011230    63건 · 20250909 ~ 20260727
2026-09-07 19:02:04    011280    75건 · 20250916 ~ 20260907
2026-09-07 19:02:06    011300    72건 · 20250924 ~ 20260901
2026-09-07 19:02:07    011320    11건 · 20251002 ~ 20260728
2026-09-07 19:02:10    011330    77건 · 20250908 ~ 20260824
2026-09-07 19:02:15    011370   202건 · 20260422 ~ 20260907
2026-09-07 19:02:17    011390    61건 · 20250916 ~ 20260902
2026-09-07 19:02:17    011400  뉴스 없음
2026-09-07 19:02:19    011420    33건 · 20250923 ~ 20260814
2026-09-07 19:02:22    011690    95건 · 20250910 ~ 20260824
2026-09-07 19:02:22    011720  뉴스 없음
2026-09-07 19:02:25    011760   100건 · 20251002 ~ 20260907
2026-09-07 19:02:26    011785     1건 · 20260112 ~ 20260112
2026-09-07 19:02:31    0117P0   177건 · 20251117 ~ 20260903
2026-09-07 19:02:32    011800  뉴스 없음
2026-09-07 19:02:34    011810    65건 · 20250910 ~ 20260906
2026-09-07 19:02:39    011930   200건 · 20260105 ~ 20260903
2026-09-07 19:02:44    012030   202건 · 20260117 ~ 20260907
2026-09-07 19:02:44    012090  뉴스 없음
2026-09-07 19:02:45    012160    19건 · 20250925 ~ 20260811
2026-09-07 19:02:47    012170    59건 · 20250917 ~ 20260903
2026-09-07 19:02:50    012200   116건 · 20250908 ~ 20260907
2026-09-07 19:02:52    012210    72건 · 20250909 ~ 20260907
2026-09-07 19:02:53    012280    13건 · 20251211 ~ 20260827
2026-09-07 19:02:54    012320    16건 · 20260128 ~ 20260728
2026-09-07 19:02:56    012340    60건 · 20251203 ~ 20260813
2026-09-07 19:02:56    012410  뉴스 없음
2026-09-07 19:02:57    012420  뉴스 없음
2026-09-07 19:03:02    012510   162건 · 20250916 ~ 20260810
2026-09-07 19:03:03    012600    17건 · 20251214 ~ 20260619
2026-09-07 19:03:04    012610    29건 · 20251201 ~ 20260602
2026-09-07 19:03:05    012620     9건 · 20251110 ~ 20260409
2026-09-07 19:03:05    012650  뉴스 없음
2026-09-07 19:03:07    012700    45건 · 20250917 ~ 20260827
2026-09-07 19:03:07    012790  뉴스 없음
2026-09-07 19:03:09    012800    42건 · 20250925 ~ 20260826
2026-09-07 19:03:12    012860    88건 · 20250908 ~ 20260903
2026-09-07 19:03:13    013000     4건 · 20251027 ~ 20260605
2026-09-07 19:03:14    013030    36건 · 20250908 ~ 20260903
2026-09-07 19:03:19    013120   200건 · 20251001 ~ 20260907
2026-09-07 19:03:19    013240  뉴스 없음
2026-09-07 19:03:21    013310    60건 · 20250909 ~ 20260827
2026-09-07 19:03:22    013340  뉴스 없음
2026-09-07 19:03:25    013360   132건 · 20250908 ~ 20260907
2026-09-07 19:03:25    013450  뉴스 없음
2026-09-07 19:03:27    013520    38건 · 20250908 ~ 20260901
2026-09-07 19:03:28    013570    16건 · 20251002 ~ 20260813
2026-09-07 19:03:33    013580   201건 · 20260119 ~ 20260901
2026-09-07 19:03:35    013700    36건 · 20250930 ~ 20260901
2026-09-07 19:03:36    013720    28건 · 20250919 ~ 20260821
2026-09-07 19:03:37    013810    10건 · 20250911 ~ 20260722
2026-09-07 19:03:38    013870    20건 · 20251016 ~ 20260421
2026-09-07 19:03:42    013890   111건 · 20250922 ~ 20260827
2026-09-07 19:03:44    014100    60건 · 20250918 ~ 20260902
2026-09-07 19:03:45    014130    30건 · 20250920 ~ 20260903
2026-09-07 19:03:46    014190    20건 · 20251001 ~ 20260901
2026-09-07 19:03:47    014200    12건 · 20250930 ~ 20260605
2026-09-07 19:03:49    014280    46건 · 20250908 ~ 20260604
2026-09-07 19:03:49    014300  뉴스 없음
2026-09-07 19:03:50    014440     2건 · 20260121 ~ 20260121
2026-09-07 19:03:51    014470    13건 · 20251116 ~ 20260902
2026-09-07 19:03:55    014530   150건 · 20250917 ~ 20260902
2026-09-07 19:03:56    014570    20건 · 20260105 ~ 20260816
2026-09-07 19:03:57    014580    20건 · 20251023 ~ 20260529
2026-09-07 19:03:58    014590  뉴스 없음
2026-09-07 19:04:01    014620    85건 · 20250912 ~ 20260903
2026-09-07 19:04:06    014680   164건 · 20250912 ~ 20260907
2026-09-07 19:04:07    014710    45건 · 20250909 ~ 20260904
2026-09-07 19:04:12    014790   184건 · 20250908 ~ 20260826
2026-09-07 19:04:17    014820   179건 · 20250923 ~ 20260904
2026-09-07 19:04:18    014910    54건 · 20251230 ~ 20260903
2026-09-07 19:04:21    014950    86건 · 20250915 ~ 20260907
2026-09-07 19:04:24    014990    79건 · 20250918 ~ 20260907
2026-09-07 19:04:25    015020    20건 · 20250908 ~ 20260526
2026-09-07 19:04:25    015200  뉴스 없음
2026-09-07 19:04:26    015230     3건 · 20260317 ~ 20260323
2026-09-07 19:04:28    015260    57건 · 20250924 ~ 20260907
2026-09-07 19:04:29    015350  뉴스 없음
2026-09-07 19:04:32    015360    77건 · 20250910 ~ 20260903
2026-09-07 19:04:32    015390  뉴스 없음
2026-09-07 19:04:33    015540  뉴스 없음
2026-09-07 19:04:34    015590    20건 · 20251112 ~ 20260630
2026-09-07 19:04:35    0155E0    20건 · 20260626 ~ 20260907
2026-09-07 19:04:38    0156T0   100건 · 20260406 ~ 20260907
2026-09-07 19:04:39    015710     9건 · 20251217 ~ 20260831
2026-09-07 19:04:44    015750   113건 · 20250909 ~ 20260902
2026-09-07 19:04:45    015860    40건 · 20250911 ~ 20260824
2026-09-07 19:04:46    015890     3건 · 20251202 ~ 20260806
2026-09-07 19:04:47    016090     6건 · 20251216 ~ 20260819
2026-09-07 19:04:48    016100    22건 · 20251010 ~ 20260812
2026-09-07 19:04:49    016170  뉴스 없음
2026-09-07 19:04:50    016250    37건 · 20251027 ~ 20260902
2026-09-07 19:04:55    016380   206건 · 20251016 ~ 20260907
2026-09-07 19:04:58    016450    75건 · 20250907 ~ 20260821
2026-09-07 19:04:58    016510  뉴스 없음
2026-09-07 19:04:59    016560  뉴스 없음
2026-09-07 19:04:59    016570  뉴스 없음
2026-09-07 19:05:01    016580    47건 · 20250908 ~ 20260831
2026-09-07 19:05:03    016590    43건 · 20251103 ~ 20260816
2026-09-07 19:05:05    016600    93건 · 20250908 ~ 20260906
2026-09-07 19:05:10    016610   203건 · 20260803 ~ 20260907
2026-09-07 19:05:10    016670    15건 · 20250915 ~ 20260521
2026-09-07 19:05:11    016710    20건 · 20250923 ~ 20260826
2026-09-07 19:05:13    016740    33건 · 20250922 ~ 20260814
2026-09-07 19:05:14    016790    24건 · 20250923 ~ 20260904
2026-09-07 19:05:17    016880    98건 · 20250908 ~ 20260903
2026-09-07 19:05:19    016920    49건 · 20250915 ~ 20260724
2026-09-07 19:05:21    017000    43건 · 20250908 ~ 20260706
2026-09-07 19:05:22    017040    56건 · 20250923 ~ 20260814
2026-09-07 19:05:23    017180    13건 · 20250913 ~ 20260902
2026-09-07 19:05:24    017250     4건 · 20251223 ~ 20260518
2026-09-07 19:05:25    017300  뉴스 없음
2026-09-07 19:05:25    017480    17건 · 20251229 ~ 20260604
2026-09-07 19:05:27    017510    28건 · 20250915 ~ 20260827
2026-09-07 19:05:28    017650    16건 · 20251208 ~ 20260816
2026-09-07 19:05:28    017680  뉴스 없음
2026-09-07 19:05:33    017810   201건 · 20260723 ~ 20260907
2026-09-07 19:05:37    017860    94건 · 20250908 ~ 20260902
2026-09-07 19:05:38    017890    20건 · 20251202 ~ 20260825
2026-09-07 19:05:40    017900    68건 · 20250924 ~ 20260903
2026-09-07 19:05:45    017940   115건 · 20250907 ~ 20260905
2026-09-07 19:05:50    017960   147건 · 20250908 ~ 20260828
2026-09-07 19:05:53    018000    87건 · 20250908 ~ 20260901
2026-09-07 19:05:54    018120     9건 · 20260224 ~ 20260825
2026-09-07 19:05:56    018290    80건 · 20250908 ~ 20260907
2026-09-07 19:05:58    018310    36건 · 20250907 ~ 20260628
2026-09-07 19:06:00    018470    75건 · 20251111 ~ 20260823
2026-09-07 19:06:01    018500    17건 · 20250910 ~ 20260824
2026-09-07 19:06:03    018620    42건 · 20250923 ~ 20260827
2026-09-07 19:06:03    018680     5건 · 20260118 ~ 20260617
2026-09-07 19:06:05    018700    41건 · 20250912 ~ 20260802
2026-09-07 19:06:06    019010    20건 · 20251014 ~ 20260904
2026-09-07 19:06:10    019170   118건 · 20250910 ~ 20260907
2026-09-07 19:06:10    019175    18건 · 20251028 ~ 20260828
2026-09-07 19:06:12    019180    62건 · 20250909 ~ 20260827
2026-09-07 19:06:14    019210    28건 · 20251002 ~ 20260904
2026-09-07 19:06:14    019260  뉴스 없음
2026-09-07 19:06:15    019300  뉴스 없음
2026-09-07 19:06:16    019440    27건 · 20251030 ~ 20260610
2026-09-07 19:06:18    019490    55건 · 20250910 ~ 20260831
2026-09-07 19:06:18    019540    19건 · 20251028 ~ 20260831
2026-09-07 19:06:23    019550   145건 · 20250909 ~ 20260903
2026-09-07 19:06:24    019570    48건 · 20250911 ~ 20260812
2026-09-07 19:06:25    019590     6건 · 20250927 ~ 20251105
2026-09-07 19:06:26    019660    20건 · 20251013 ~ 20260818
2026-09-07 19:06:31    019680   200건 · 20250909 ~ 20260906
2026-09-07 19:06:32    019685     3건 · 20250924 ~ 20260811
2026-09-07 19:06:33    019770     7건 · 20251121 ~ 20260713
2026-09-07 19:06:34    019990    34건 · 20250924 ~ 20260904
2026-09-07 19:06:37    020120    60건 · 20250915 ~ 20260907
2026-09-07 19:06:38    020180    48건 · 20250916 ~ 20260828
2026-09-07 19:06:39    020760     5건 · 20251206 ~ 20260730
2026-09-07 19:06:40    021040    14건 · 20250929 ~ 20260812
2026-09-07 19:06:41    021050    18건 · 20251210 ~ 20260814
2026-09-07 19:06:46    021080   200건 · 20251113 ~ 20260903
2026-09-07 19:06:50    021320   202건 · 20250909 ~ 20260901
2026-09-07 19:06:52    021650    20건 · 20250913 ~ 20260423
2026-09-07 19:06:52    021820     9건 · 20251110 ~ 20260414
2026-09-07 19:06:54    021880    38건 · 20251014 ~ 20260827
2026-09-07 19:06:55    0218L0    21건 · 20260105 ~ 20260827
2026-09-07 19:06:56    021960  뉴스 없음
2026-09-07 19:06:57    0220WL     1건 · 20260903 ~ 20260903
2026-09-07 19:06:59    022220    36건 · 20251119 ~ 20260831
2026-09-07 19:06:59    022520  뉴스 없음
2026-09-07 19:07:00    023000    17건 · 20251120 ~ 20260531
2026-09-07 19:07:00    023020  뉴스 없음
2026-09-07 19:07:01    023150    11건 · 20260204 ~ 20260825
2026-09-07 19:07:03    023160    42건 · 20250910 ~ 20260903
2026-09-07 19:07:04    023350    16건 · 20250916 ~ 20260512
2026-09-07 19:07:08    023410   143건 · 20250908 ~ 20260907
2026-09-07 19:07:09    023430  뉴스 없음
2026-09-07 19:07:11    023440    46건 · 20250915 ~ 20260714
2026-09-07 19:07:12    023450     7건 · 20250915 ~ 20260504
2026-09-07 19:07:12    023460     5건 · 20251208 ~ 20260702
2026-09-07 19:07:13    023600     6건 · 20260206 ~ 20260531
2026-09-07 19:07:15    023760    43건 · 20250909 ~ 20260821
2026-09-07 19:07:18    023770    89건 · 20250908 ~ 20260903
2026-09-07 19:07:20    023790    83건 · 20250908 ~ 20260907
2026-09-07 19:07:21    023800    28건 · 20250907 ~ 20260821
2026-09-07 19:07:23    023810    23건 · 20250928 ~ 20260716
2026-09-07 19:07:23    023890  뉴스 없음
2026-09-07 19:07:24    023900    13건 · 20260223 ~ 20260825
2026-09-07 19:07:26    023910    20건 · 20251212 ~ 20260907
2026-09-07 19:07:28    023960    40건 · 20250915 ~ 20260827
2026-09-07 19:07:33    024060   209건 · 20260304 ~ 20260904
2026-09-07 19:07:33    024070     1건 · 20251105 ~ 20251105
2026-09-07 19:07:36    024090    63건 · 20250918 ~ 20260828
2026-09-07 19:07:36    024100  뉴스 없음
2026-09-07 19:07:37    024120    15건 · 20250923 ~ 20260527
2026-09-07 19:07:37    024660  뉴스 없음
2026-09-07 19:07:42    024720   202건 · 20251023 ~ 20260907
2026-09-07 19:07:43    024740    40건 · 20251208 ~ 20260616
2026-09-07 19:07:45    024800    20건 · 20251001 ~ 20260830
2026-09-07 19:07:47    024810    52건 · 20250908 ~ 20260904
2026-09-07 19:07:48    024830     5건 · 20251015 ~ 20260806
2026-09-07 19:07:50    024840   108건 · 20250911 ~ 20260904
2026-09-07 19:07:55    024850   203건 · 20251104 ~ 20260903
2026-09-07 19:07:57    024880    58건 · 20250917 ~ 20260728
2026-09-07 19:07:59    024890    36건 · 20251013 ~ 20260903
2026-09-07 19:08:00    024900    16건 · 20250910 ~ 20260816
2026-09-07 19:08:01    024910    41건 · 20250917 ~ 20260824
2026-09-07 19:08:02    024940     7건 · 20250918 ~ 20260720
2026-09-07 19:08:05    024950    77건 · 20250929 ~ 20260826
2026-09-07 19:08:06    025000    20건 · 20251105 ~ 20260706
2026-09-07 19:08:06    025270  뉴스 없음
2026-09-07 19:08:09    025320    82건 · 20250908 ~ 20260826
2026-09-07 19:08:11    025440    41건 · 20251023 ~ 20260706
2026-09-07 19:08:12    025530     4건 · 20260616 ~ 20260716
2026-09-07 19:08:13    025540    45건 · 20250918 ~ 20260901
2026-09-07 19:08:15    025550    20건 · 20250911 ~ 20260601
2026-09-07 19:08:19    025560   200건 · 20251021 ~ 20260903
2026-09-07 19:08:20    025610  뉴스 없음
2026-09-07 19:08:24    025620    88건 · 20250908 ~ 20260902
2026-09-07 19:08:27    025750    61건 · 20250909 ~ 20260907
2026-09-07 19:08:31    025770   132건 · 20250915 ~ 20260821
2026-09-07 19:08:32    025820    20건 · 20250925 ~ 20260824
2026-09-07 19:08:33    025850  뉴스 없음
2026-09-07 19:08:34    025870    31건 · 20250916 ~ 20260907
2026-09-07 19:08:35    025880     4건 · 20250925 ~ 20260714
2026-09-07 19:08:36    025890    30건 · 20250909 ~ 20260812
2026-09-07 19:08:38    025900    52건 · 20250917 ~ 20260903
2026-09-07 19:08:41    025950    89건 · 20250908 ~ 20260812
2026-09-07 19:08:41    025970  뉴스 없음
2026-09-07 19:08:44    025980    90건 · 20250911 ~ 20260904
2026-09-07 19:08:48    026040   121건 · 20250911 ~ 20260905
2026-09-07 19:08:50    026150    20건 · 20251205 ~ 20260825
2026-09-07 19:08:50    026180  뉴스 없음
2026-09-07 19:08:51    026220  뉴스 없음
2026-09-07 19:08:51    026250  뉴스 없음
2026-09-07 19:08:51    026260  뉴스 없음
2026-09-07 19:08:56    026890   205건 · 20260212 ~ 20260907
2026-09-07 19:08:58    026940    40건 · 20260121 ~ 20260903
2026-09-07 19:08:59    027040    40건 · 20251107 ~ 20260901
2026-09-07 19:09:04    027360   200건 · 20260225 ~ 20260907
2026-09-07 19:09:05    027390  뉴스 없음
2026-09-07 19:09:06    027580    21건 · 20251013 ~ 20260527
2026-09-07 19:09:08    027710    47건 · 20250912 ~ 20260804
2026-09-07 19:09:11    027740    71건 · 20250909 ~ 20260903
2026-09-07 19:09:13    027830    57건 · 20250909 ~ 20260907
2026-09-07 19:09:13    027840  뉴스 없음
2026-09-07 19:09:16    027970    78건 · 20250912 ~ 20260906
2026-09-07 19:09:17    028040  뉴스 없음
2026-09-07 19:09:18    028080    37건 · 20250916 ~ 20260903
2026-09-07 19:09:19    028090  뉴스 없음
2026-09-07 19:09:20    028100    40건 · 20250912 ~ 20260819
2026-09-07 19:09:21    02826K    11건 · 20251002 ~ 20260811
2026-09-07 19:09:26    028300   205건 · 20260805 ~ 20260907
2026-09-07 19:09:31    028670   201건 · 20260415 ~ 20260907
2026-09-07 19:09:32    029460    21건 · 20250915 ~ 20260826
2026-09-07 19:09:34    029480    35건 · 20251001 ~ 20260814
2026-09-07 19:09:35    029960    10건 · 20251119 ~ 20260226
2026-09-07 19:09:40    030190   200건 · 20260205 ~ 20260903
2026-09-07 19:09:45    030210   201건 · 20260727 ~ 20260907
2026-09-07 19:09:45    030270  뉴스 없음
2026-09-07 19:09:48    030350    73건 · 20250915 ~ 20260905
2026-09-07 19:09:52    030520   207건 · 20260513 ~ 20260906
2026-09-07 19:09:57    030530   203건 · 20251211 ~ 20260907
2026-09-07 19:10:02    030610   200건 · 20260804 ~ 20260907
2026-09-07 19:10:04    030720    35건 · 20250924 ~ 20260903
2026-09-07 19:10:05    030790     1건 · 20251012 ~ 20251012
2026-09-07 19:10:06    030960    12건 · 20251105 ~ 20260707
2026-09-07 19:10:08    031310    63건 · 20250922 ~ 20260828
2026-09-07 19:10:09    031330    24건 · 20250908 ~ 20260902
2026-09-07 19:10:10    031390  뉴스 없음
2026-09-07 19:10:15    031440   200건 · 20251109 ~ 20260907
2026-09-07 19:10:15    031510    10건 · 20260223 ~ 20260821
2026-09-07 19:10:18    031820    53건 · 20250917 ~ 20260901
2026-09-07 19:10:20    031860    49건 · 20250908 ~ 20260904
2026-09-07 19:10:20    031950  뉴스 없음
2026-09-07 19:10:25    031980   158건 · 20250918 ~ 20260907
2026-09-07 19:10:25    032040  뉴스 없음
2026-09-07 19:10:26    032080     9건 · 20251209 ~ 20260724
2026-09-07 19:10:29    032190    86건 · 20250908 ~ 20260906
2026-09-07 19:10:30    032280    27건 · 20250916 ~ 20260803
2026-09-07 19:10:31    032290  뉴스 없음
2026-09-07 19:10:32    032300    27건 · 20251003 ~ 20260907
2026-09-07 19:10:37    032350   200건 · 20260324 ~ 20260905
2026-09-07 19:10:37    032380  뉴스 없음
2026-09-07 19:10:38    032420  뉴스 없음
2026-09-07 19:10:41    032500    95건 · 20250908 ~ 20260905
2026-09-07 19:10:43    032540    56건 · 20250916 ~ 20260828
2026-09-07 19:10:44    032560     2건 · 20250922 ~ 20260421
2026-09-07 19:10:45    032580    26건 · 20250917 ~ 20260827
2026-09-07 19:10:48    032620    84건 · 20250916 ~ 20260907
2026-09-07 19:10:50    032680    27건 · 20251106 ~ 20260608
2026-09-07 19:10:51    032750    16건 · 20250924 ~ 20260827
2026-09-07 19:10:53    032790    60건 · 20250916 ~ 20260818
2026-09-07 19:10:57    032800   107건 · 20250911 ~ 20260813
2026-09-07 19:11:02    032820   200건 · 20260120 ~ 20260901
2026-09-07 19:11:03    032850    44건 · 20250928 ~ 20260903
2026-09-07 19:11:04    032860     7건 · 20251202 ~ 20260901
2026-09-07 19:11:05    032930  뉴스 없음
2026-09-07 19:11:05    032960    16건 · 20250908 ~ 20260702
2026-09-07 19:11:06    032980    12건 · 20251217 ~ 20260630
2026-09-07 19:11:08    033050    38건 · 20260219 ~ 20260826
2026-09-07 19:11:10    033100    70건 · 20250910 ~ 20260831
2026-09-07 19:11:10    033110  뉴스 없음
2026-09-07 19:11:12    033130    38건 · 20250911 ~ 20260811
2026-09-07 19:11:15    033160   115건 · 20250910 ~ 20260904
2026-09-07 19:11:16    033170    23건 · 20251002 ~ 20260826
2026-09-07 19:11:17    033180    20건 · 20251105 ~ 20260907
2026-09-07 19:11:18    033200     8건 · 20250925 ~ 20260512
2026-09-07 19:11:19    033230    40건 · 20250917 ~ 20260825
2026-09-07 19:11:21    033240    38건 · 20251015 ~ 20260819
2026-09-07 19:11:22    033250    15건 · 20250923 ~ 20260907
2026-09-07 19:11:26    033270   128건 · 20250907 ~ 20260904
2026-09-07 19:11:27    033290    20건 · 20250922 ~ 20260519
2026-09-07 19:11:28    033310    12건 · 20251013 ~ 20260827
2026-09-07 19:11:29    033320     4건 · 20251001 ~ 20260310
2026-09-07 19:11:31    033340    86건 · 20250908 ~ 20260907
2026-09-07 19:11:32    033430  뉴스 없음
2026-09-07 19:11:35    033500    82건 · 20250908 ~ 20260723
2026-09-07 19:11:38    033530    66건 · 20250909 ~ 20260904
2026-09-07 19:11:40    033540    39건 · 20250929 ~ 20260811
2026-09-07 19:11:41    033560     1건 · 20251205 ~ 20251205
2026-09-07 19:11:41    033600  뉴스 없음
2026-09-07 19:11:43    033640    59건 · 20250908 ~ 20260902
2026-09-07 19:11:45    033790    57건 · 20251013 ~ 20260907
2026-09-07 19:11:47    033920    57건 · 20250908 ~ 20260905
2026-09-07 19:11:50    034300    94건 · 20250924 ~ 20260907
2026-09-07 19:11:55    034310   202건 · 20260417 ~ 20260907
2026-09-07 19:11:56    034590    30건 · 20251019 ~ 20260408
2026-09-07 19:11:57    034600  뉴스 없음
2026-09-07 19:11:58    03473K    20건 · 20250909 ~ 20260811
2026-09-07 19:11:58    034810    20건 · 20251121 ~ 20260826
2026-09-07 19:12:03    034830   201건 · 20260324 ~ 20260907
2026-09-07 19:12:06    034940    94건 · 20250911 ~ 20260830
2026-09-07 19:12:11    034950   201건 · 20260329 ~ 20260906
2026-09-07 19:12:14    035000    56건 · 20250907 ~ 20260821
2026-09-07 19:12:17    035080    98건 · 20250923 ~ 20260901
2026-09-07 19:12:18    035150    17건 · 20250915 ~ 20260623
2026-09-07 19:12:19    035200     8건 · 20251217 ~ 20260719
2026-09-07 19:12:19    035210  뉴스 없음
2026-09-07 19:12:22    035290    71건 · 20251013 ~ 20260907
2026-09-07 19:12:23    035450  뉴스 없음
2026-09-07 19:12:24    035460    11건 · 20260213 ~ 20260809
2026-09-07 19:12:24    035480  뉴스 없음
2026-09-07 19:12:29    035600   195건 · 20250908 ~ 20260905
2026-09-07 19:12:30    035610    26건 · 20250925 ~ 20260731
2026-09-07 19:12:32    035620    31건 · 20251015 ~ 20260902
2026-09-07 19:12:32    035710  뉴스 없음
2026-09-07 19:12:34    035810    44건 · 20251023 ~ 20260828
2026-09-07 19:12:39    035890   199건 · 20250907 ~ 20260907
2026-09-07 19:12:44    035900   201건 · 20260421 ~ 20260906
2026-09-07 19:12:45    036000    27건 · 20250919 ~ 20260826
2026-09-07 19:12:46    036010    11건 · 20251002 ~ 20260508
2026-09-07 19:12:47    036030    35건 · 20250915 ~ 20260812
2026-09-07 19:12:48    036090    35건 · 20260316 ~ 20260904
2026-09-07 19:12:51    036120    93건 · 20250916 ~ 20260904
2026-09-07 19:12:53    036170    45건 · 20250925 ~ 20260622
2026-09-07 19:12:54    036180    12건 · 20250924 ~ 20260316
2026-09-07 19:12:55    036190    26건 · 20251010 ~ 20260806
2026-09-07 19:12:57    036200    32건 · 20250913 ~ 20260830
2026-09-07 19:12:57    036210  뉴스 없음
2026-09-07 19:12:57    036260  뉴스 없음
2026-09-07 19:13:02    036420   200건 · 20260616 ~ 20260904
2026-09-07 19:13:03    036480    20건 · 20250914 ~ 20260818
2026-09-07 19:13:04    036500  뉴스 없음
2026-09-07 19:13:08    036530    98건 · 20250908 ~ 20260906
2026-09-07 19:13:11    036540    91건 · 20250919 ~ 20260907
2026-09-07 19:13:16    036560   118건 · 20250908 ~ 20260902
2026-09-07 19:13:17    036580    35건 · 20250909 ~ 20260902
2026-09-07 19:13:20    036620    94건 · 20250912 ~ 20260907
2026-09-07 19:13:22    036630    63건 · 20250912 ~ 20260818
2026-09-07 19:13:23    036640     9건 · 20251224 ~ 20260628
2026-09-07 19:13:25    036670    32건 · 20250930 ~ 20260714
2026-09-07 19:13:26    036690    39건 · 20251113 ~ 20260830
2026-09-07 19:13:27    036710    28건 · 20250922 ~ 20260827
2026-09-07 19:13:31    036800    76건 · 20250908 ~ 20260807
2026-09-07 19:13:33    036810    60건 · 20250910 ~ 20260826
2026-09-07 19:13:33    036840  뉴스 없음
2026-09-07 19:13:34    036850  뉴스 없음
2026-09-07 19:13:39    036930   224건 · 20260826 ~ 20260907
2026-09-07 19:13:40    037030    19건 · 20251001 ~ 20260708
2026-09-07 19:13:42    037070    68건 · 20251109 ~ 20260902
2026-09-07 19:13:44    037230    49건 · 20250908 ~ 20260724
2026-09-07 19:13:45    037270    51건 · 20250916 ~ 20260906
2026-09-07 19:13:46    037320  뉴스 없음
2026-09-07 19:13:47    037330    23건 · 20250907 ~ 20260820
2026-09-07 19:13:48    037340  뉴스 없음
2026-09-07 19:13:49    037350    20건 · 20250926 ~ 20260822
2026-09-07 19:13:50    037370    17건 · 20251013 ~ 20260312
2026-09-07 19:13:50    037380  뉴스 없음
2026-09-07 19:13:52    037400    39건 · 20250910 ~ 20260906
2026-09-07 19:13:57    037440   137건 · 20250908 ~ 20260907
2026-09-07 19:13:58    037460    40건 · 20251026 ~ 20260819
2026-09-07 19:14:03    037560   209건 · 20260507 ~ 20260904
2026-09-07 19:14:04    037630  뉴스 없음
2026-09-07 19:14:04    037700  뉴스 없음
2026-09-07 19:14:07    037710    91건 · 20250916 ~ 20260907
2026-09-07 19:14:08    037760     8건 · 20250915 ~ 20260520
2026-09-07 19:14:09    037950    13건 · 20251013 ~ 20260829
2026-09-07 19:14:09    038010     9건 · 20250911 ~ 20260808
2026-09-07 19:14:11    038060    24건 · 20251110 ~ 20260902
2026-09-07 19:14:12    038070    32건 · 20251005 ~ 20260826
2026-09-07 19:14:14    038110    60건 · 20250924 ~ 20260724
2026-09-07 19:14:14    038120  뉴스 없음
2026-09-07 19:14:15    038160  뉴스 없음
2026-09-07 19:14:18    038290    83건 · 20250907 ~ 20260907
2026-09-07 19:14:19    038340    45건 · 20250909 ~ 20260826
2026-09-07 19:14:21    038390    40건 · 20251022 ~ 20260806
2026-09-07 19:14:22    038460    20건 · 20250908 ~ 20260901
2026-09-07 19:14:27    038500   199건 · 20251127 ~ 20260902
2026-09-07 19:14:29    038530    69건 · 20250912 ~ 20260907
2026-09-07 19:14:33    038540   125건 · 20250908 ~ 20260903
2026-09-07 19:14:34    038620    11건 · 20260108 ~ 20260714
2026-09-07 19:14:37    038680    69건 · 20250908 ~ 20260826
2026-09-07 19:14:38    038710  뉴스 없음
2026-09-07 19:14:40    038870    71건 · 20250914 ~ 20260907
2026-09-07 19:14:43    038880    87건 · 20250907 ~ 20260907
2026-09-07 19:14:44    038950    11건 · 20250919 ~ 20260701
2026-09-07 19:14:44    038990  뉴스 없음
2026-09-07 19:14:45    039010    20건 · 20251120 ~ 20260716
2026-09-07 19:14:47    039020    40건 · 20251014 ~ 20260819
2026-09-07 19:14:52    039030   225건 · 20260825 ~ 20260907
2026-09-07 19:14:57    039200   201건 · 20260313 ~ 20260907
2026-09-07 19:14:57    039230  뉴스 없음
2026-09-07 19:14:58    039240    13건 · 20250908 ~ 20260824
2026-09-07 19:15:01    039290    94건 · 20250922 ~ 20260824
2026-09-07 19:15:02    039310    10건 · 20260318 ~ 20260428
2026-09-07 19:15:06    039340   215건 · 20260720 ~ 20260907
2026-09-07 19:15:07    039420     7건 · 20250925 ~ 20260410
2026-09-07 19:15:08    039530  뉴스 없음
2026-09-07 19:15:10    039560    78건 · 20250907 ~ 20260826
2026-09-07 19:15:15    039570   176건 · 20250911 ~ 20260824
2026-09-07 19:15:17    039610    49건 · 20250916 ~ 20260814
2026-09-07 19:15:17    039670  뉴스 없음
2026-09-07 19:15:19    039740    59건 · 20250910 ~ 20260827
2026-09-07 19:15:20    039790  뉴스 없음
2026-09-07 19:15:22    039830    66건 · 20251001 ~ 20260901
2026-09-07 19:15:25    039840    83건 · 20250915 ~ 20260819
2026-09-07 19:15:26    039850  뉴스 없음
2026-09-07 19:15:28    039860    66건 · 20250910 ~ 20260901
2026-09-07 19:15:30    039980    43건 · 20250923 ~ 20260824
2026-09-07 19:15:32    040160    38건 · 20250930 ~ 20260819
2026-09-07 19:15:36    040300   200건 · 20260707 ~ 20260907
2026-09-07 19:15:38    040350    40건 · 20250922 ~ 20260820
2026-09-07 19:15:39    040420    19건 · 20250926 ~ 20260824
2026-09-07 19:15:40    040610     4건 · 20260322 ~ 20260520
2026-09-07 19:15:40    040670  뉴스 없음
2026-09-07 19:15:41    040740  뉴스 없음
2026-09-07 19:15:42    040910    20건 · 20251010 ~ 20260713
2026-09-07 19:15:47    041020   131건 · 20250911 ~ 20260829
2026-09-07 19:15:47    041060  뉴스 없음
2026-09-07 19:15:48    041140     5건 · 20250930 ~ 20260828
2026-09-07 19:15:53    041190   170건 · 20250917 ~ 20260907
2026-09-07 19:15:58    041510   202건 · 20260618 ~ 20260907
2026-09-07 19:15:59    041520     3건 · 20251120 ~ 20260716
2026-09-07 19:15:59    041590     7건 · 20250919 ~ 20260520
2026-09-07 19:16:00    041630  뉴스 없음
2026-09-07 19:16:01    041650    16건 · 20250908 ~ 20260825
2026-09-07 19:16:05    041830   117건 · 20250912 ~ 20260907
2026-09-07 19:16:08    041910    67건 · 20250923 ~ 20260827
2026-09-07 19:16:09    041930    29건 · 20251016 ~ 20260907
2026-09-07 19:16:14    042000   201건 · 20260407 ~ 20260907
2026-09-07 19:16:16    042040    37건 · 20251203 ~ 20260807
2026-09-07 19:16:16    042340  뉴스 없음
2026-09-07 19:16:18    042370    55건 · 20250922 ~ 20260813
2026-09-07 19:16:20    042420    52건 · 20250912 ~ 20260907
2026-09-07 19:16:23    042500    57건 · 20250917 ~ 20260904
2026-09-07 19:16:28    042510   212건 · 20260417 ~ 20260903
2026-09-07 19:16:32    042520   156건 · 20250909 ~ 20260904
2026-09-07 19:16:33    042600    20건 · 20250922 ~ 20260630
2026-09-07 19:16:38    042700   201건 · 20260724 ~ 20260907
2026-09-07 19:16:38    042870  뉴스 없음
2026-09-07 19:16:41    042940    86건 · 20250908 ~ 20260901
2026-09-07 19:16:43    043090    36건 · 20251028 ~ 20260807
2026-09-07 19:16:45    043100    40건 · 20250916 ~ 20260831
2026-09-07 19:16:46    043150    34건 · 20250918 ~ 20260813
2026-09-07 19:16:47    043200    21건 · 20250922 ~ 20260826
2026-09-07 19:16:48    043220    19건 · 20250923 ~ 20260629
2026-09-07 19:16:53    043260   201건 · 20260303 ~ 20260907
2026-09-07 19:16:53    043290  뉴스 없음
2026-09-07 19:16:55    043340    40건 · 20251204 ~ 20260825
2026-09-07 19:16:56    043370    29건 · 20250921 ~ 20260824
2026-09-07 19:16:57    043580  뉴스 없음
2026-09-07 19:16:57    043590    16건 · 20260206 ~ 20260721
2026-09-07 19:17:02    043610   203건 · 20250908 ~ 20260907
2026-09-07 19:17:03    043630  뉴스 없음
2026-09-07 19:17:08    043650   167건 · 20250908 ~ 20260907
2026-09-07 19:17:09    043710    20건 · 20251028 ~ 20260702
2026-09-07 19:17:10    043910    23건 · 20250908 ~ 20260827
2026-09-07 19:17:11    044060     2건 · 20251017 ~ 20251028
2026-09-07 19:17:13    044180    50건 · 20250908 ~ 20260609
2026-09-07 19:17:18    044340   200건 · 20251002 ~ 20260831
2026-09-07 19:17:19    044380    52건 · 20250929 ~ 20260907
2026-09-07 19:17:22    044450    81건 · 20250929 ~ 20260824
2026-09-07 19:17:24    044480    52건 · 20250908 ~ 20260814
2026-09-07 19:17:26    044490    82건 · 20250908 ~ 20260904
2026-09-07 19:17:27    044640  뉴스 없음
2026-09-07 19:17:28    044780    51건 · 20250910 ~ 20260903
2026-09-07 19:17:33    044820   142건 · 20250916 ~ 20260907
2026-09-07 19:17:34    044960    19건 · 20250914 ~ 20260807
2026-09-07 19:17:35    045050  뉴스 없음
2026-09-07 19:17:35    045060    10건 · 20251112 ~ 20260406
2026-09-07 19:17:38    045100    66건 · 20250912 ~ 20260907
2026-09-07 19:17:38    045260  뉴스 없음
2026-09-07 19:17:39    045300     2건 · 20251124 ~ 20260415
2026-09-07 19:17:40    045340    10건 · 20251002 ~ 20260831
2026-09-07 19:17:41    045390    14건 · 20250923 ~ 20260902
2026-09-07 19:17:41    045470  뉴스 없음
2026-09-07 19:17:42    045510    29건 · 20250911 ~ 20260903
2026-09-07 19:17:44    045520    20건 · 20251217 ~ 20260907
2026-09-07 19:17:45    045660     8건 · 20251023 ~ 20260907
2026-09-07 19:17:45    045890  뉴스 없음
2026-09-07 19:17:46    045970    13건 · 20251114 ~ 20260809
2026-09-07 19:17:47    046070    20건 · 20250907 ~ 20260903
2026-09-07 19:17:48    046110     8건 · 20251016 ~ 20260730
2026-09-07 19:17:51    046120   112건 · 20250908 ~ 20260804
2026-09-07 19:17:52    046140     7건 · 20251208 ~ 20260905
2026-09-07 19:17:57    046210   128건 · 20250930 ~ 20260904
2026-09-07 19:17:57    046310     6건 · 20260106 ~ 20260710
2026-09-07 19:17:59    046390    20건 · 20250917 ~ 20260901
2026-09-07 19:17:59    046400  뉴스 없음
2026-09-07 19:18:00    046430  뉴스 없음
2026-09-07 19:18:04    046440   107건 · 20250922 ~ 20260902
2026-09-07 19:18:05    046840  뉴스 없음
2026-09-07 19:18:06    046940    31건 · 20251027 ~ 20260825
2026-09-07 19:18:09    046970   104건 · 20250930 ~ 20260903
2026-09-07 19:18:11    047080    45건 · 20250908 ~ 20260814
2026-09-07 19:18:12    047310    14건 · 20250929 ~ 20260825
2026-09-07 19:18:15    047400    92건 · 20251010 ~ 20260828
2026-09-07 19:18:15    047440  뉴스 없음
2026-09-07 19:18:20    047560   199건 · 20260103 ~ 20260907
2026-09-07 19:18:20    047710  뉴스 없음
2026-09-07 19:18:21    047730  뉴스 없음
2026-09-07 19:18:22    047820    31건 · 20250909 ~ 20260814
2026-09-07 19:18:24    048260    39건 · 20250908 ~ 20260817
2026-09-07 19:18:29    048410   136건 · 20250907 ~ 20260904
2026-09-07 19:18:29    048430     4건 · 20260310 ~ 20260828
2026-09-07 19:18:30    048460  뉴스 없음
2026-09-07 19:18:32    048470    20건 · 20250922 ~ 20260904
2026-09-07 19:18:33    048530    37건 · 20250923 ~ 20260904
2026-09-07 19:18:36    048550    66건 · 20250919 ~ 20260906
2026-09-07 19:18:37    048770    44건 · 20250915 ~ 20260907
2026-09-07 19:18:38    048830    15건 · 20251027 ~ 20260811
2026-09-07 19:18:40    048870    37건 · 20250926 ~ 20260714
2026-09-07 19:18:45    048910   124건 · 20250911 ~ 20260905
2026-09-07 19:18:46    049000  뉴스 없음
2026-09-07 19:18:49    049070    92건 · 20250908 ~ 20260901
2026-09-07 19:18:52    049080   103건 · 20250915 ~ 20260828
2026-09-07 19:18:53    049120    24건 · 20250908 ~ 20260907
2026-09-07 19:18:57    049180   108건 · 20250908 ~ 20260822
2026-09-07 19:18:58    049430    19건 · 20251126 ~ 20260904
2026-09-07 19:19:02    049470   148건 · 20250908 ~ 20260907
2026-09-07 19:19:04    049480    40건 · 20250917 ~ 20260905
2026-09-07 19:19:04    049520    18건 · 20250909 ~ 20260715
2026-09-07 19:19:05    049550     5건 · 20251126 ~ 20260628
2026-09-07 19:19:09    049630   104건 · 20250916 ~ 20260821
2026-09-07 19:19:09    049690  뉴스 없음
2026-09-07 19:19:10    049720    15건 · 20251027 ~ 20260730
2026-09-07 19:19:11    049770    14건 · 20250916 ~ 20260609
2026-09-07 19:19:12    049800    25건 · 20250921 ~ 20260422
2026-09-07 19:19:13    049830  뉴스 없음
2026-09-07 19:19:14    049950    34건 · 20251021 ~ 20260903
2026-09-07 19:19:17    049960    72건 · 20250909 ~ 20260901
2026-09-07 19:19:17    050050  뉴스 없음
2026-09-07 19:19:19    050090    34건 · 20251017 ~ 20260904
2026-09-07 19:19:21    050110    63건 · 20250929 ~ 20260825
2026-09-07 19:19:22    050120     5건 · 20260106 ~ 20260612
2026-09-07 19:19:22    050320  뉴스 없음
2026-09-07 19:19:23    050470  뉴스 없음
2026-09-07 19:19:24    050540    11건 · 20251111 ~ 20260902
2026-09-07 19:19:24    050640  뉴스 없음
2026-09-07 19:19:25    050760    27건 · 20260223 ~ 20260814
2026-09-07 19:19:27    050860    25건 · 20250912 ~ 20260903
2026-09-07 19:19:30    050890   129건 · 20250918 ~ 20260901
2026-09-07 19:19:32    051160    45건 · 20250910 ~ 20260903
2026-09-07 19:19:33    051170  뉴스 없음
2026-09-07 19:19:34    051310     5건 · 20251129 ~ 20260522
2026-09-07 19:19:36    051360    63건 · 20250908 ~ 20260820
2026-09-07 19:19:37    051370    20건 · 20251021 ~ 20260903
2026-09-07 19:19:38    051380    14건 · 20250919 ~ 20260824
2026-09-07 19:19:39    051390     2건 · 20260311 ~ 20260402
2026-09-07 19:19:40    051490     1건 · 20260210 ~ 20260210
2026-09-07 19:19:45    051500   203건 · 20260331 ~ 20260907
2026-09-07 19:19:46    051630    38건 · 20251017 ~ 20260903
2026-09-07 19:19:47    051710  뉴스 없음
2026-09-07 19:19:49    051780    60건 · 20250917 ~ 20260901
2026-09-07 19:19:49    051820  뉴스 없음
2026-09-07 19:19:50    051905     3건 · 20260223 ~ 20260730
2026-09-07 19:19:52    051980    70건 · 20250919 ~ 20260902
2026-09-07 19:19:54    052020    58건 · 20250907 ~ 20260903
2026-09-07 19:19:55    052190     2건 · 20260511 ~ 20260512
2026-09-07 19:19:56    052220     9건 · 20251014 ~ 20260904
2026-09-07 19:19:57    052270  뉴스 없음
2026-09-07 19:19:57    052290  뉴스 없음
2026-09-07 19:19:58    052300    26건 · 20250918 ~ 20260819
2026-09-07 19:19:59    052330     9건 · 20251021 ~ 20260508
2026-09-07 19:20:00    052350  뉴스 없음
2026-09-07 19:20:04    052400   153건 · 20250909 ~ 20260907
2026-09-07 19:20:06    052460    51건 · 20251110 ~ 20260901
2026-09-07 19:20:07    052600     2건 · 20251119 ~ 20260404
2026-09-07 19:20:08    052650  뉴스 없음
2026-09-07 19:20:09    052670    20건 · 20260112 ~ 20260427
2026-09-07 19:20:11    052710    72건 · 20250908 ~ 20260903
2026-09-07 19:20:14    052770    86건 · 20250908 ~ 20260814
2026-09-07 19:20:18    052790    92건 · 20250920 ~ 20260906
2026-09-07 19:20:19    052860    20건 · 20251110 ~ 20260827
2026-09-07 19:20:20    052900    29건 · 20251002 ~ 20260820
2026-09-07 19:20:23    053030    78건 · 20250907 ~ 20260907
2026-09-07 19:20:24    053050    40건 · 20260121 ~ 20260907
2026-09-07 19:20:25    053080    17건 · 20250922 ~ 20260906
2026-09-07 19:20:26    053110  뉴스 없음
2026-09-07 19:20:27    053160    15건 · 20251229 ~ 20260616
2026-09-07 19:20:31    053210   207건 · 20251204 ~ 20260903
2026-09-07 19:20:33    053260    30건 · 20250925 ~ 20260903
2026-09-07 19:20:34    053270    25건 · 20251028 ~ 20260817
2026-09-07 19:20:39    053280   202건 · 20260210 ~ 20260907
2026-09-07 19:20:41    053290    43건 · 20250909 ~ 20260831
2026-09-07 19:20:43    053300    66건 · 20250911 ~ 20260820
2026-09-07 19:20:43    053320  뉴스 없음
2026-09-07 19:20:44    053330  뉴스 없음
2026-09-07 19:20:45    053450    20건 · 20250911 ~ 20260819
2026-09-07 19:20:50    053580   202건 · 20250910 ~ 20260901
2026-09-07 19:20:50    053590  뉴스 없음
2026-09-07 19:20:51    053610    20건 · 20250914 ~ 20260709
2026-09-07 19:20:52    053620     2건 · 20250917 ~ 20260129
2026-09-07 19:20:53    053660  뉴스 없음
2026-09-07 19:20:57    053690   206건 · 20251123 ~ 20260907
2026-09-07 19:21:00    053700   110건 · 20250908 ~ 20260821
2026-09-07 19:21:01    053740  뉴스 없음
2026-09-07 19:21:06    053800   211건 · 20260212 ~ 20260906
2026-09-07 19:21:06    053810  뉴스 없음
2026-09-07 19:21:10    053950   101건 · 20250908 ~ 20260904
2026-09-07 19:21:10    053980     6건 · 20260203 ~ 20260330
2026-09-07 19:21:11    054040     1건 · 20250912 ~ 20250912
2026-09-07 19:21:13    054050    58건 · 20250909 ~ 20260831
2026-09-07 19:21:14    054090    26건 · 20260212 ~ 20260826
2026-09-07 19:21:15    054120  뉴스 없음
2026-09-07 19:21:16    054180    30건 · 20250923 ~ 20260814
2026-09-07 19:21:18    054210    20건 · 20250916 ~ 20260804
2026-09-07 19:21:19    054220    37건 · 20251009 ~ 20260907
2026-09-07 19:21:21    054300    36건 · 20250922 ~ 20260903
2026-09-07 19:21:21    054340  뉴스 없음
2026-09-07 19:21:22    054410    11건 · 20251117 ~ 20260806
2026-09-07 19:21:25    054450    85건 · 20250911 ~ 20260902
2026-09-07 19:21:26    054630     6건 · 20251218 ~ 20260517
2026-09-07 19:21:27    054670    14건 · 20250908 ~ 20260720
2026-09-07 19:21:29    054780    53건 · 20250919 ~ 20260812
2026-09-07 19:21:30    054800     3건 · 20260213 ~ 20260421
2026-09-07 19:21:35    054920   166건 · 20250908 ~ 20260903
2026-09-07 19:21:36    054930    20건 · 20250910 ~ 20260826
2026-09-07 19:21:37    054940    40건 · 20250923 ~ 20260831
2026-09-07 19:21:41    054950    74건 · 20250917 ~ 20260907
2026-09-07 19:21:42    055250  뉴스 없음
2026-09-07 19:21:43    055490    20건 · 20251103 ~ 20260901
2026-09-07 19:21:43    056000  뉴스 없음
2026-09-07 19:21:44    056010  뉴스 없음
2026-09-07 19:21:48    056080   125건 · 20250909 ~ 20260903
2026-09-07 19:21:51    056090    86건 · 20250911 ~ 20260903
2026-09-07 19:21:51    056200  뉴스 없음
2026-09-07 19:21:53    056360    40건 · 20250907 ~ 20260903
2026-09-07 19:21:53    056700  뉴스 없음
2026-09-07 19:21:54    056710  뉴스 없음
2026-09-07 19:21:55    056730     5건 · 20251211 ~ 20260708
2026-09-07 19:21:56    057030    38건 · 20250912 ~ 20260821
2026-09-07 19:21:57    057500  뉴스 없음
2026-09-07 19:21:58    057540    27건 · 20251105 ~ 20260813
2026-09-07 19:22:00    057680    54건 · 20250916 ~ 20260904
2026-09-07 19:22:01    057880    11건 · 20251001 ~ 20260622
2026-09-07 19:22:02    058110    16건 · 20251104 ~ 20260907
2026-09-07 19:22:02    058220  뉴스 없음
2026-09-07 19:22:03    058370  뉴스 없음
2026-09-07 19:22:04    058400    19건 · 20250910 ~ 20260722
2026-09-07 19:22:04    058420  뉴스 없음
2026-09-07 19:22:06    058450    42건 · 20250923 ~ 20260820
2026-09-07 19:22:10    058470   226건 · 20260821 ~ 20260907
2026-09-07 19:22:11    058530  뉴스 없음
2026-09-07 19:22:16    058610   200건 · 20251222 ~ 20260907
2026-09-07 19:22:21    058630   150건 · 20250909 ~ 20260904
2026-09-07 19:22:24    058650    81건 · 20250918 ~ 20260821
2026-09-07 19:22:26    058730    59건 · 20250916 ~ 20260907
2026-09-07 19:22:29    058820    86건 · 20250911 ~ 20260903
2026-09-07 19:22:33    058850    73건 · 20250909 ~ 20260827
2026-09-07 19:22:34    058860    21건 · 20251124 ~ 20260826
2026-09-07 19:22:37    058970    64건 · 20250907 ~ 20260907
2026-09-07 19:22:40    059090    70건 · 20250915 ~ 20260907
2026-09-07 19:22:41    059100    15건 · 20260204 ~ 20260811
2026-09-07 19:22:42    059120    23건 · 20251128 ~ 20260814
2026-09-07 19:22:44    059210    59건 · 20250908 ~ 20260824
2026-09-07 19:22:46    059270    55건 · 20250915 ~ 20260907
2026-09-07 19:22:47    060150    15건 · 20251030 ~ 20260626
2026-09-07 19:22:50    060230    83건 · 20250912 ~ 20260826
2026-09-07 19:22:51    060240    26건 · 20250917 ~ 20260723
2026-09-07 19:22:55    060250   101건 · 20250916 ~ 20260904
2026-09-07 19:22:57    060260    41건 · 20260106 ~ 20260907
2026-09-07 19:22:59    060280    83건 · 20250912 ~ 20260901
2026-09-07 19:23:00    060300     1건 · 20260601 ~ 20260601
2026-09-07 19:23:01    060310     3건 · 20251215 ~ 20260527
2026-09-07 19:23:06    060370   216건 · 20251114 ~ 20260906
2026-09-07 19:23:07    060380     8건 · 20250911 ~ 20260220
2026-09-07 19:23:08    060480    20건 · 20260330 ~ 20260828
2026-09-07 19:23:09    060540     8건 · 20250911 ~ 20260601
2026-09-07 19:23:10    060560     8건 · 20251002 ~ 20260820
2026-09-07 19:23:11    060590    36건 · 20250923 ~ 20260826
2026-09-07 19:23:13    060720    51건 · 20250908 ~ 20260722
2026-09-07 19:23:14    060750  뉴스 없음
2026-09-07 19:23:19    060850   198건 · 20250911 ~ 20260907
2026-09-07 19:23:23    060900   201건 · 20260506 ~ 20260907
2026-09-07 19:23:25    061040    40건 · 20250910 ~ 20260903
2026-09-07 19:23:25    061050  뉴스 없음
2026-09-07 19:23:30    061090   200건 · 20251001 ~ 20260905
2026-09-07 19:23:31    061140  뉴스 없음
2026-09-07 19:23:32    061250    29건 · 20250908 ~ 20260819
2026-09-07 19:23:32    061460  뉴스 없음
2026-09-07 19:23:34    061970    47건 · 20250918 ~ 20260906
2026-09-07 19:23:35    062860     1건 · 20260331 ~ 20260331
2026-09-07 19:23:40    062970   166건 · 20250915 ~ 20260907
2026-09-07 19:23:44    063080   206건 · 20260528 ~ 20260904
2026-09-07 19:23:47    063160    78건 · 20250909 ~ 20260831
2026-09-07 19:23:50    063170    71건 · 20250918 ~ 20260828
2026-09-07 19:23:51    063440    19건 · 20251104 ~ 20260804
2026-09-07 19:23:53    063570    25건 · 20251019 ~ 20260803
2026-09-07 19:23:53    063760     5건 · 20251117 ~ 20260508
2026-09-07 19:23:55    064090    57건 · 20250911 ~ 20260703
2026-09-07 19:23:56    064240    17건 · 20251117 ~ 20260730
2026-09-07 19:24:01    064260   186건 · 20250908 ~ 20260904
2026-09-07 19:24:03    064290    63건 · 20250919 ~ 20260902
2026-09-07 19:24:04    064480    11건 · 20260126 ~ 20260611
2026-09-07 19:24:04    064510  뉴스 없음
2026-09-07 19:24:05    064520     5건 · 20251202 ~ 20260810
2026-09-07 19:24:09    064550   137건 · 20250911 ~ 20260907
2026-09-07 19:24:11    064760    35건 · 20250912 ~ 20260907
2026-09-07 19:24:13    064800    55건 · 20250921 ~ 20260831
2026-09-07 19:24:18    064850   200건 · 20260811 ~ 20260907
2026-09-07 19:24:19    065060    12건 · 20250917 ~ 20260901
2026-09-07 19:24:21    065130    43건 · 20250907 ~ 20260827
2026-09-07 19:24:22    065150     8건 · 20251019 ~ 20260602
2026-09-07 19:24:22    065160  뉴스 없음
2026-09-07 19:24:24    065170    90건 · 20251020 ~ 20260814
2026-09-07 19:24:25    065270  뉴스 없음
2026-09-07 19:24:27    065350    53건 · 20250919 ~ 20260805
2026-09-07 19:24:30    065370    79건 · 20250908 ~ 20260901
2026-09-07 19:24:31    065420    33건 · 20251029 ~ 20260727
2026-09-07 19:24:33    065440    39건 · 20250908 ~ 20260410
2026-09-07 19:24:35    065450    48건 · 20250912 ~ 20260724
2026-09-07 19:24:36    065500    20건 · 20250908 ~ 20260901
2026-09-07 19:24:37    065510    39건 · 20250910 ~ 20260714
2026-09-07 19:24:38    065530    12건 · 20250922 ~ 20260824
2026-09-07 19:24:39    065560  뉴스 없음
2026-09-07 19:24:40    065570    35건 · 20250924 ~ 20260810
2026-09-07 19:24:41    065610  뉴스 없음
2026-09-07 19:24:41    065620  뉴스 없음
2026-09-07 19:24:43    065650    50건 · 20250915 ~ 20260827
2026-09-07 19:24:45    065660    41건 · 20251026 ~ 20260721
2026-09-07 19:24:46    065690    13건 · 20251204 ~ 20260903
2026-09-07 19:24:46    065710     8건 · 20250912 ~ 20260812
2026-09-07 19:24:48    065770    37건 · 20251001 ~ 20260821
2026-09-07 19:24:48    065940  뉴스 없음
2026-09-07 19:24:50    065950    39건 · 20250919 ~ 20260903
2026-09-07 19:24:50    066060  뉴스 없음
2026-09-07 19:24:51    066110  뉴스 없음
2026-09-07 19:24:53    066130    47건 · 20250911 ~ 20260907
2026-09-07 19:24:53    066270  뉴스 없음
2026-09-07 19:24:54    066340  뉴스 없음
2026-09-07 19:24:54    066350  뉴스 없음
2026-09-07 19:24:56    066360    38건 · 20251031 ~ 20260813
2026-09-07 19:24:57    066410    42건 · 20251015 ~ 20260825
2026-09-07 19:25:00    066430    74건 · 20250909 ~ 20260907
2026-09-07 19:25:01    066590    20건 · 20250917 ~ 20260723
2026-09-07 19:25:02    066620     7건 · 20250925 ~ 20260805
2026-09-07 19:25:03    066670     3건 · 20260125 ~ 20260818
2026-09-07 19:25:04    066700    14건 · 20250910 ~ 20260821
2026-09-07 19:25:05    066790    34건 · 20250912 ~ 20260903
2026-09-07 19:25:06    066900    16건 · 20250909 ~ 20260904
2026-09-07 19:25:08    066910    59건 · 20250915 ~ 20260906
2026-09-07 19:25:13    066970   201건 · 20260402 ~ 20260907
2026-09-07 19:25:15    066980    67건 · 20251105 ~ 20260828
2026-09-07 19:25:20    067000   209건 · 20251218 ~ 20260907
2026-09-07 19:25:21    067010    20건 · 20251027 ~ 20260819
2026-09-07 19:25:23    067080    67건 · 20250919 ~ 20260907
2026-09-07 19:25:24    067130  뉴스 없음
2026-09-07 19:25:29    067160   201건 · 20260331 ~ 20260907
2026-09-07 19:25:30    067170    39건 · 20250908 ~ 20260902
2026-09-07 19:25:33    067280    74건 · 20250909 ~ 20260831
2026-09-07 19:25:37    067290   128건 · 20250925 ~ 20260907
2026-09-07 19:25:41    067310   200건 · 20260107 ~ 20260907
2026-09-07 19:25:42    067370    17건 · 20251105 ~ 20260820
2026-09-07 19:25:44    067390    43건 · 20250923 ~ 20260904
2026-09-07 19:25:45    067570    20건 · 20250909 ~ 20260821
2026-09-07 19:25:50    067630   162건 · 20250911 ~ 20260904
2026-09-07 19:25:51    067730     2건 · 20260202 ~ 20260220
2026-09-07 19:25:52    067770    20건 · 20260209 ~ 20260819
2026-09-07 19:25:53    067830     5건 · 20251211 ~ 20260831
2026-09-07 19:25:54    067900    11건 · 20251106 ~ 20260305
2026-09-07 19:25:59    067920   127건 · 20250919 ~ 20260904
2026-09-07 19:26:03    067990   201건 · 20250910 ~ 20260831
2026-09-07 19:26:04    068050    18건 · 20250925 ~ 20260903
2026-09-07 19:26:05    068060  뉴스 없음
2026-09-07 19:26:07    068100    59건 · 20250916 ~ 20260902
2026-09-07 19:26:08    068150  뉴스 없음
2026-09-07 19:26:13    068240   201건 · 20251014 ~ 20260904
2026-09-07 19:26:14    068290    29건 · 20250909 ~ 20260604
2026-09-07 19:26:15    068330    20건 · 20251013 ~ 20260816
2026-09-07 19:26:20    068400   202건 · 20260126 ~ 20260904
2026-09-07 19:26:20    068630  뉴스 없음
2026-09-07 19:26:25    068760   209건 · 20250917 ~ 20260902
2026-09-07 19:26:28    068930    65건 · 20250922 ~ 20260828
2026-09-07 19:26:29    068940    19건 · 20250907 ~ 20260713
2026-09-07 19:26:34    069080   216건 · 20260211 ~ 20260907
2026-09-07 19:26:35    069110     2건 · 20251014 ~ 20251027
2026-09-07 19:26:36    069140    24건 · 20250912 ~ 20260901
2026-09-07 19:26:37    069330    20건 · 20250925 ~ 20260813
2026-09-07 19:26:38    069410    35건 · 20250922 ~ 20260814
2026-09-07 19:26:41    069460    63건 · 20250929 ~ 20260825
2026-09-07 19:26:44    069540   154건 · 20250930 ~ 20260907
2026-09-07 19:26:49    069640   138건 · 20250908 ~ 20260831
2026-09-07 19:26:49    069730     9건 · 20250909 ~ 20260818
2026-09-07 19:26:51    069920    60건 · 20250917 ~ 20260907
2026-09-07 19:26:52    070080  뉴스 없음
2026-09-07 19:26:54    070300    51건 · 20250909 ~ 20260824
2026-09-07 19:26:55    070480  뉴스 없음
2026-09-07 19:26:56    070590    21건 · 20250908 ~ 20260820
2026-09-07 19:27:00    070960   134건 · 20250909 ~ 20260907
2026-09-07 19:27:02    071055    31건 · 20250916 ~ 20260819
2026-09-07 19:27:02    071057  뉴스 없음
2026-09-07 19:27:04    071090    37건 · 20250910 ~ 20260903
2026-09-07 19:27:05    071200    40건 · 20251014 ~ 20260804
2026-09-07 19:27:06    071280     6건 · 20251002 ~ 20260723
2026-09-07 19:27:07    071460    30건 · 20250910 ~ 20260828
2026-09-07 19:27:08    071660  뉴스 없음
2026-09-07 19:27:09    071670    17건 · 20251104 ~ 20260622
2026-09-07 19:27:14    071840   204건 · 20260624 ~ 20260904
2026-09-07 19:27:15    071850    10건 · 20251016 ~ 20260703
2026-09-07 19:27:15    071930  뉴스 없음
2026-09-07 19:27:18    071950   123건 · 20250908 ~ 20260828
2026-09-07 19:27:23    071970   209건 · 20251103 ~ 20260903
2026-09-07 19:27:25    072020    35건 · 20250914 ~ 20260818
2026-09-07 19:27:26    072130    16건 · 20250929 ~ 20260819
2026-09-07 19:27:27    072470     5건 · 20251022 ~ 20260519
2026-09-07 19:27:27    072520     9건 · 20250930 ~ 20260728
2026-09-07 19:27:29    072770    34건 · 20250911 ~ 20260827
2026-09-07 19:27:31    072870    77건 · 20250915 ~ 20260828
2026-09-07 19:27:32    072950    20건 · 20251014 ~ 20260827
2026-09-07 19:27:34    072990    63건 · 20250910 ~ 20260826
2026-09-07 19:27:35    073070  뉴스 없음
2026-09-07 19:27:35    073110    15건 · 20250925 ~ 20260729
2026-09-07 19:27:36    073130  뉴스 없음
2026-09-07 19:27:38    073190    40건 · 20260323 ~ 20260904
2026-09-07 19:27:42    073240   203건 · 20260513 ~ 20260907
2026-09-07 19:27:45    073490    94건 · 20250910 ~ 20260905
2026-09-07 19:27:47    073540    20건 · 20260303 ~ 20260814
2026-09-07 19:27:48    073560    15건 · 20250909 ~ 20260605
2026-09-07 19:27:52    073570   211건 · 20260301 ~ 20260904
2026-09-07 19:27:54    073640    33건 · 20250909 ~ 20260805
2026-09-07 19:27:54    074000  뉴스 없음
2026-09-07 19:27:55    074130  뉴스 없음
2026-09-07 19:27:55    074150  뉴스 없음
2026-09-07 19:27:56    074430    11건 · 20250926 ~ 20260723
2026-09-07 19:28:00    074600   118건 · 20250912 ~ 20260907
2026-09-07 19:28:02    074610    30건 · 20251026 ~ 20260825
2026-09-07 19:28:04    075130    58건 · 20250908 ~ 20260901
2026-09-07 19:28:05    075180     4건 · 20251230 ~ 20260704
2026-09-07 19:28:08    075580    87건 · 20250908 ~ 20260901
2026-09-07 19:28:10    075970    41건 · 20251010 ~ 20260513
2026-09-07 19:28:11    076080    33건 · 20250930 ~ 20260903
2026-09-07 19:28:13    076610    80건 · 20250909 ~ 20260819
2026-09-07 19:28:14    077280  뉴스 없음
2026-09-07 19:28:15    077500    18건 · 20250909 ~ 20260813
2026-09-07 19:28:20    077970   202건 · 20250909 ~ 20260903
2026-09-07 19:28:20    078000    17건 · 20250909 ~ 20260520
2026-09-07 19:28:25    078020   204건 · 20260818 ~ 20260907
2026-09-07 19:28:26    078070    14건 · 20251202 ~ 20260826
2026-09-07 19:28:28    078130    46건 · 20251009 ~ 20260907
2026-09-07 19:28:29    078140    40건 · 20251002 ~ 20260907
2026-09-07 19:28:31    078150    29건 · 20250923 ~ 20260819
2026-09-07 19:28:35    078160   169건 · 20250911 ~ 20260907
2026-09-07 19:28:40    078340   204건 · 20260807 ~ 20260907
2026-09-07 19:28:45    078520   175건 · 20250908 ~ 20260907
2026-09-07 19:28:47    078590    72건 · 20250915 ~ 20260902
2026-09-07 19:28:52    078600   137건 · 20250909 ~ 20260904
2026-09-07 19:28:52    078650  뉴스 없음
2026-09-07 19:28:53    078780  뉴스 없음
2026-09-07 19:28:54    078860    44건 · 20250908 ~ 20260810
2026-09-07 19:28:57    078890    86건 · 20250908 ~ 20260827
2026-09-07 19:28:58    078935     2건 · 20260115 ~ 20260225
2026-09-07 19:28:59    078940     5건 · 20250919 ~ 20260414
2026-09-07 19:29:00    079000    15건 · 20250912 ~ 20260416
2026-09-07 19:29:01    079170     2건 · 20260813 ~ 20260813
2026-09-07 19:29:03    079190    49건 · 20251014 ~ 20260820
2026-09-07 19:29:08    079430   204건 · 20260209 ~ 20260907
2026-09-07 19:29:09    079650    53건 · 20251117 ~ 20260907
2026-09-07 19:29:10    079660  뉴스 없음
2026-09-07 19:29:11    079810    21건 · 20251031 ~ 20260904
2026-09-07 19:29:16    079940   202건 · 20260205 ~ 20260907
2026-09-07 19:29:17    079950    51건 · 20250910 ~ 20260826
2026-09-07 19:29:19    079960    41건 · 20250916 ~ 20260808
2026-09-07 19:29:21    079970    54건 · 20250918 ~ 20260901
2026-09-07 19:29:23    079980    48건 · 20251016 ~ 20260813
2026-09-07 19:29:24    080000     8건 · 20251127 ~ 20260827
2026-09-07 19:29:25    080010    12건 · 20251221 ~ 20260626
2026-09-07 19:29:28    080160    82건 · 20250908 ~ 20260821
2026-09-07 19:29:33    080220   202건 · 20260209 ~ 20260906
2026-09-07 19:29:34    080420    11건 · 20251209 ~ 20260722
2026-09-07 19:29:34    080440  뉴스 없음
2026-09-07 19:29:35    080470    10건 · 20251218 ~ 20260806
2026-09-07 19:29:36    080520    20건 · 20250912 ~ 20260706
2026-09-07 19:29:37    080530    20건 · 20260210 ~ 20260818
2026-09-07 19:29:39    080580    64건 · 20250911 ~ 20260828
2026-09-07 19:29:43    080720    96건 · 20250909 ~ 20260902
2026-09-07 19:29:45    081000    23건 · 20251013 ~ 20260527
2026-09-07 19:29:45    081090  뉴스 없음
2026-09-07 19:29:46    081180    31건 · 20250916 ~ 20260825
2026-09-07 19:29:47    081220  뉴스 없음
2026-09-07 19:29:48    081580    10건 · 20251105 ~ 20260320
2026-09-07 19:29:48    081970  뉴스 없음
2026-09-07 19:29:50    082210    43건 · 20250908 ~ 20260814
2026-09-07 19:29:54    082270   131건 · 20250908 ~ 20260827
2026-09-07 19:29:55    082390  뉴스 없음
2026-09-07 19:29:56    082660    15건 · 20251010 ~ 20260427
2026-09-07 19:30:01    082740   200건 · 20260330 ~ 20260907
2026-09-07 19:30:05    082800   111건 · 20250908 ~ 20260901
2026-09-07 19:30:06    082850    20건 · 20250930 ~ 20260907
2026-09-07 19:30:10    082920   127건 · 20250909 ~ 20260904
2026-09-07 19:30:10    082930  뉴스 없음
2026-09-07 19:30:11    083310    20건 · 20250911 ~ 20260818
2026-09-07 19:30:14    083420    57건 · 20250912 ~ 20260814
2026-09-07 19:30:16    083450    46건 · 20250914 ~ 20260907
2026-09-07 19:30:19    083470    66건 · 20250912 ~ 20260813
2026-09-07 19:30:20    083500    32건 · 20250925 ~ 20260729
2026-09-07 19:30:21    083550    13건 · 20250926 ~ 20260827
2026-09-07 19:30:22    083640    31건 · 20260119 ~ 20260904
2026-09-07 19:30:27    083650   200건 · 20251121 ~ 20260907
2026-09-07 19:30:29    083660    54건 · 20251015 ~ 20260828
2026-09-07 19:30:31    083790    62건 · 20250908 ~ 20260829
2026-09-07 19:30:33    083930    40건 · 20250915 ~ 20260827
2026-09-07 19:30:36    084010   113건 · 20250912 ~ 20260827
2026-09-07 19:30:41    084110   178건 · 20250908 ~ 20260902
2026-09-07 19:30:45    084180   133건 · 20250912 ~ 20260907
2026-09-07 19:30:48    084370   100건 · 20250912 ~ 20260907
2026-09-07 19:30:48    084450  뉴스 없음
2026-09-07 19:30:51    084650    82건 · 20251001 ~ 20260828
2026-09-07 19:30:56    084670   202건 · 20251110 ~ 20260720
2026-09-07 19:30:57    084680    32건 · 20250907 ~ 20260905
2026-09-07 19:31:02    084690   134건 · 20250909 ~ 20260907
2026-09-07 19:31:05    084730    74건 · 20250915 ~ 20260906
2026-09-07 19:31:08    084850    59건 · 20250908 ~ 20260819
2026-09-07 19:31:10    084870    51건 · 20251208 ~ 20260827
2026-09-07 19:31:12    084990    54건 · 20250911 ~ 20260901
2026-09-07 19:31:14    085310    42건 · 20250911 ~ 20260819
2026-09-07 19:31:14    085370     9건 · 20250929 ~ 20260309
2026-09-07 19:31:15    08537M  뉴스 없음
2026-09-07 19:31:16    085810    34건 · 20250909 ~ 20260706
2026-09-07 19:31:18    085910    53건 · 20250924 ~ 20260827
2026-09-07 19:31:20    086040    34건 · 20250907 ~ 20260819
2026-09-07 19:31:21    086060     7건 · 20250914 ~ 20260319
2026-09-07 19:31:21    086200  뉴스 없음
2026-09-07 19:31:22    086250  뉴스 없음
2026-09-07 19:31:23    086390    31건 · 20250908 ~ 20260903
2026-09-07 19:31:28    086450   203건 · 20260524 ~ 20260907
2026-09-07 19:31:32    086520   206건 · 20260831 ~ 20260907
2026-09-07 19:31:34    086670    39건 · 20250908 ~ 20260824
2026-09-07 19:31:36    086710    40건 · 20250907 ~ 20260906
2026-09-07 19:31:36    086720  뉴스 없음
2026-09-07 19:31:41    086820   145건 · 20250911 ~ 20260907
2026-09-07 19:31:41    086830  뉴스 없음
2026-09-07 19:31:43    086890    52건 · 20250922 ~ 20260824
2026-09-07 19:31:48    086900   200건 · 20251230 ~ 20260907
2026-09-07 19:31:49    086980    47건 · 20250911 ~ 20260902
2026-09-07 19:31:54    087010   209건 · 20260730 ~ 20260907
2026-09-07 19:31:55    087220  뉴스 없음
2026-09-07 19:31:57    087260    60건 · 20251008 ~ 20260818
2026-09-07 19:31:58    087600    15건 · 20250923 ~ 20260906
2026-09-07 19:31:58    087730  뉴스 없음
2026-09-07 19:31:59    088130    20건 · 20250916 ~ 20260813
2026-09-07 19:32:01    088260    30건 · 20250916 ~ 20260901
2026-09-07 19:32:02    088280    18건 · 20260204 ~ 20260827
2026-09-07 19:32:03    088290    28건 · 20251106 ~ 20260814
2026-09-07 19:32:05    088340    53건 · 20250908 ~ 20260901
2026-09-07 19:32:06    088700  뉴스 없음
2026-09-07 19:32:07    088790    35건 · 20250909 ~ 20260820
2026-09-07 19:32:09    088800    62건 · 20250930 ~ 20260902
2026-09-07 19:32:11    088910    23건 · 20251031 ~ 20260820
2026-09-07 19:32:13    089010    69건 · 20250914 ~ 20260904
2026-09-07 19:32:17    089030   200건 · 20251002 ~ 20260903
2026-09-07 19:32:19    089140    50건 · 20250908 ~ 20260902
2026-09-07 19:32:20    089150     5건 · 20250908 ~ 20260421
2026-09-07 19:32:22    089230    46건 · 20250910 ~ 20260810
2026-09-07 19:32:24    089470    39건 · 20250925 ~ 20260417
2026-09-07 19:32:25    089480  뉴스 없음
2026-09-07 19:32:25    089530     1건 · 20251121 ~ 20251121
2026-09-07 19:32:30    089600    95건 · 20250930 ~ 20260907
2026-09-07 19:32:31    089790    13건 · 20250922 ~ 20260702
2026-09-07 19:32:32    089850    15건 · 20251013 ~ 20260903
2026-09-07 19:32:34    089970    83건 · 20250918 ~ 20260902
2026-09-07 19:32:35    090080    23건 · 20250921 ~ 20260826
2026-09-07 19:32:36    090120  뉴스 없음
2026-09-07 19:32:36    090150    20건 · 20250909 ~ 20260819
2026-09-07 19:32:41    090350   203건 · 20250908 ~ 20260906
2026-09-07 19:32:46    090360   202건 · 20251105 ~ 20260904
2026-09-07 19:32:49    090370    79건 · 20250924 ~ 20260907
2026-09-07 19:32:50    090410    29건 · 20260211 ~ 20260901
2026-09-07 19:32:52    090460    80건 · 20250910 ~ 20260907
2026-09-07 19:32:54    090470    35건 · 20251118 ~ 20260902
2026-09-07 19:32:54    090540  뉴스 없음
2026-09-07 19:32:59    090710   200건 · 20251117 ~ 20260825
2026-09-07 19:33:00    090730  뉴스 없음
2026-09-07 19:33:00    090740  뉴스 없음
2026-09-07 19:33:04    090850    84건 · 20250916 ~ 20260907
2026-09-07 19:33:05    091090    20건 · 20251016 ~ 20260513
2026-09-07 19:33:06    091120    17건 · 20250922 ~ 20260825
2026-09-07 19:33:07    091340    20건 · 20251104 ~ 20260907
2026-09-07 19:33:09    091440    45건 · 20250916 ~ 20260904
2026-09-07 19:33:10    091580    27건 · 20250922 ~ 20260827
2026-09-07 19:33:12    091590    76건 · 20251002 ~ 20260902
2026-09-07 19:33:13    091690  뉴스 없음
2026-09-07 19:33:18    091810   205건 · 20260716 ~ 20260907
2026-09-07 19:33:20    091970    53건 · 20251002 ~ 20260902
2026-09-07 19:33:23    092040    83건 · 20250907 ~ 20260907
2026-09-07 19:33:24    092070    10건 · 20250922 ~ 20260818
2026-09-07 19:33:27    092130    68건 · 20250909 ~ 20260819
2026-09-07 19:33:28    092190    30건 · 20251016 ~ 20260907
2026-09-07 19:33:30    092200    57건 · 20250910 ~ 20260803
2026-09-07 19:33:32    092220    51건 · 20251010 ~ 20260712
2026-09-07 19:33:32    092230    13건 · 20251202 ~ 20260703
2026-09-07 19:33:33    092440  뉴스 없음
2026-09-07 19:33:37    092460    75건 · 20250908 ~ 20260824
2026-09-07 19:33:38    092600    40건 · 20250908 ~ 20260814
2026-09-07 19:33:40    092730    33건 · 20250910 ~ 20260904
2026-09-07 19:33:41    092780    40건 · 20251023 ~ 20260904
2026-09-07 19:33:43    092790    53건 · 20250919 ~ 20260903
2026-09-07 19:33:44    093190     8건 · 20251022 ~ 20260204
2026-09-07 19:33:45    093230    22건 · 20250908 ~ 20260810
2026-09-07 19:33:50    093240   200건 · 20251216 ~ 20260904
2026-09-07 19:33:52    093320    58건 · 20250910 ~ 20260907
2026-09-07 19:33:56    093370   127건 · 20250915 ~ 20260907
2026-09-07 19:33:56    093380     2건 · 20251110 ~ 20260310
2026-09-07 19:33:58    093520    22건 · 20250909 ~ 20260901
2026-09-07 19:34:00    093640    73건 · 20250912 ~ 20260901
2026-09-07 19:34:00    093820  뉴스 없음
2026-09-07 19:34:01    093920     4건 · 20260204 ~ 20260204
2026-09-07 19:34:04    094170    77건 · 20250923 ~ 20260907
2026-09-07 19:34:04    094190  뉴스 없음
2026-09-07 19:34:07    094280    49건 · 20250915 ~ 20260813
2026-09-07 19:34:10    094360    81건 · 20250912 ~ 20260903
2026-09-07 19:34:15    094480   132건 · 20250916 ~ 20260907
2026-09-07 19:34:15    094520  뉴스 없음
2026-09-07 19:34:16    094700  뉴스 없음
2026-09-07 19:34:17    094820    16건 · 20251219 ~ 20260826
2026-09-07 19:34:18    094840    25건 · 20250922 ~ 20260819
2026-09-07 19:34:21    094850   105건 · 20250910 ~ 20260829
2026-09-07 19:34:23    094860    40건 · 20250917 ~ 20260601
2026-09-07 19:34:24    094940    20건 · 20250916 ~ 20260825
2026-09-07 19:34:25    094970     4건 · 20260226 ~ 20260820
2026-09-07 19:34:26    095190    22건 · 20250925 ~ 20260904
2026-09-07 19:34:28    095270    48건 · 20250910 ~ 20260825
2026-09-07 19:34:29    095300  뉴스 없음
2026-09-07 19:34:33    095340   172건 · 20250910 ~ 20260907
2026-09-07 19:34:35    095570    74건 · 20250908 ~ 20260905
2026-09-07 19:34:40    095610   201건 · 20260519 ~ 20260907
2026-09-07 19:34:43    095700    75건 · 20250912 ~ 20260905
2026-09-07 19:34:47    095720   182건 · 20250909 ~ 20260903
2026-09-07 19:34:50    095910    79건 · 20251128 ~ 20260825
2026-09-07 19:34:51    096040    20건 · 20250908 ~ 20260529
2026-09-07 19:34:55    096240    85건 · 20250907 ~ 20260901
2026-09-07 19:34:56    096300     5건 · 20250909 ~ 20260904
2026-09-07 19:34:58    096350    54건 · 20250907 ~ 20260831
2026-09-07 19:35:02    096530   106건 · 20250910 ~ 20260903
2026-09-07 19:35:03    096610    32건 · 20251001 ~ 20260902
2026-09-07 19:35:04    096630    28건 · 20250917 ~ 20260707
2026-09-07 19:35:05    096640  뉴스 없음
2026-09-07 19:35:08    096690    49건 · 20251021 ~ 20260904
2026-09-07 19:35:10    096760    60건 · 20250922 ~ 20260902
2026-09-07 19:35:11    096775     3건 · 20260622 ~ 20260826
2026-09-07 19:35:16    097230   203건 · 20260605 ~ 20260907
2026-09-07 19:35:17    097780    22건 · 20250908 ~ 20260821
2026-09-07 19:35:18    097800    21건 · 20250909 ~ 20260818
2026-09-07 19:35:19    097870    30건 · 20250910 ~ 20260714
2026-09-07 19:35:20    097955  뉴스 없음
2026-09-07 19:35:20    097959  뉴스 없음
2026-09-07 19:35:21    098400  뉴스 없음
2026-09-07 19:35:25    098460   138건 · 20250923 ~ 20260907
2026-09-07 19:35:26    099220    22건 · 20250929 ~ 20260818
2026-09-07 19:35:31    099320   202건 · 20260108 ~ 20260904
2026-09-07 19:35:31    099340  뉴스 없음
2026-09-07 19:35:32    099390    20건 · 20250915 ~ 20260721
2026-09-07 19:35:33    099410     6건 · 20250909 ~ 20260511
2026-09-07 19:35:38    099440   124건 · 20250908 ~ 20260907
2026-09-07 19:35:39    099520     6건 · 20251017 ~ 20260423
2026-09-07 19:35:39    099660  뉴스 없음
2026-09-07 19:35:42    099750    70건 · 20250921 ~ 20260904
2026-09-07 19:35:42    099830  뉴스 없음
2026-09-07 19:35:43    100030     6건 · 20251031 ~ 20260803
2026-09-07 19:35:48    100090   200건 · 20260120 ~ 20260907
2026-09-07 19:35:50    100120    49건 · 20250910 ~ 20260821
2026-09-07 19:35:51    100130    25건 · 20251028 ~ 20260827
2026-09-07 19:35:53    100220    98건 · 20250909 ~ 20260903
2026-09-07 19:35:55    100250    28건 · 20251206 ~ 20260722
2026-09-07 19:35:57    100590    60건 · 20250925 ~ 20260819
2026-09-07 19:35:57    100660    12건 · 20250909 ~ 20260630
2026-09-07 19:35:58    100700     2건 · 20260226 ~ 20260409
2026-09-07 19:36:03    100790   201건 · 20260421 ~ 20260907
2026-09-07 19:36:06    100840    70건 · 20250908 ~ 20260907
2026-09-07 19:36:07    101000    49건 · 20250909 ~ 20260907
2026-09-07 19:36:09    101140    40건 · 20251017 ~ 20260803
2026-09-07 19:36:11    101160    62건 · 20251030 ~ 20260903
2026-09-07 19:36:13    101170    45건 · 20251010 ~ 20260707
2026-09-07 19:36:14    101240    11건 · 20250915 ~ 20260413
2026-09-07 19:36:15    101330    20건 · 20260108 ~ 20260903
2026-09-07 19:36:17    101360    62건 · 20250910 ~ 20260902
2026-09-07 19:36:18    101390     3건 · 20260317 ~ 20260727
2026-09-07 19:36:20    101400    43건 · 20251001 ~ 20260818
2026-09-07 19:36:22    101490    82건 · 20250909 ~ 20260901
2026-09-07 19:36:27    101530   201건 · 20260113 ~ 20260907
2026-09-07 19:36:29    101670    78건 · 20250910 ~ 20260904
2026-09-07 19:36:31    101680    20건 · 20250911 ~ 20260806
2026-09-07 19:36:36    101730   200건 · 20260209 ~ 20260901
2026-09-07 19:36:36    101930    16건 · 20250909 ~ 20260624
2026-09-07 19:36:38    101970    20건 · 20250910 ~ 20260727
2026-09-07 19:36:38    101990  뉴스 없음
2026-09-07 19:36:39    102210  뉴스 없음
2026-09-07 19:36:42    102260    73건 · 20250910 ~ 20260906
2026-09-07 19:36:43    102280    28건 · 20250917 ~ 20260818
2026-09-07 19:36:45    102370    47건 · 20250912 ~ 20260822
2026-09-07 19:36:46    102460    40건 · 20250908 ~ 20260907
2026-09-07 19:36:48    102710    35건 · 20250910 ~ 20260831
2026-09-07 19:36:52    102940   207건 · 20250929 ~ 20260827
2026-09-07 19:36:53    103130  뉴스 없음
2026-09-07 19:36:54    103230    20건 · 20250911 ~ 20260828
2026-09-07 19:36:59    103590   201건 · 20260212 ~ 20260907
2026-09-07 19:37:00    103840     4건 · 20250912 ~ 20251117
2026-09-07 19:37:00    104110  뉴스 없음
2026-09-07 19:37:01    104120  뉴스 없음
2026-09-07 19:37:04    104200    81건 · 20250923 ~ 20260820
2026-09-07 19:37:05    104480    33건 · 20251021 ~ 20260728
2026-09-07 19:37:06    104540    12건 · 20251114 ~ 20260724
2026-09-07 19:37:11    104620   201건 · 20251220 ~ 20260906
2026-09-07 19:37:12    104700    29건 · 20250908 ~ 20260826
2026-09-07 19:37:15    104830    71건 · 20250912 ~ 20260901
2026-09-07 19:37:15    105070  뉴스 없음
2026-09-07 19:37:16    105330     8건 · 20251024 ~ 20260507
2026-09-07 19:37:18    105550    41건 · 20250917 ~ 20260830
2026-09-07 19:37:22    105630   188건 · 20250907 ~ 20260830
2026-09-07 19:37:24    105740    28건 · 20250909 ~ 20260722
2026-09-07 19:37:25    105760    23건 · 20250916 ~ 20260811
2026-09-07 19:37:26    106080    48건 · 20250910 ~ 20260831
2026-09-07 19:37:28    106240    47건 · 20251001 ~ 20260806
2026-09-07 19:37:29    106520    21건 · 20250914 ~ 20260715
2026-09-07 19:37:30    107590    20건 · 20250915 ~ 20260504
2026-09-07 19:37:31    107600    15건 · 20251013 ~ 20260814
2026-09-07 19:37:34    107640    82건 · 20250910 ~ 20260828
2026-09-07 19:37:35    108230    15건 · 20251023 ~ 20260904
2026-09-07 19:37:37    108380    62건 · 20250908 ~ 20260901
2026-09-07 19:37:42    108490   200건 · 20260803 ~ 20260907
2026-09-07 19:37:43    108675  뉴스 없음
2026-09-07 19:37:43    108790  뉴스 없음
2026-09-07 19:37:48    108860   172건 · 20250911 ~ 20260904
2026-09-07 19:37:49    109070    32건 · 20250922 ~ 20260831
2026-09-07 19:37:50    109080    13건 · 20260325 ~ 20260712
2026-09-07 19:37:51    109610     5건 · 20250919 ~ 20260709
2026-09-07 19:37:52    109670    15건 · 20250925 ~ 20260823
2026-09-07 19:37:52    109740     9건 · 20250908 ~ 20251201
2026-09-07 19:37:54    109820    42건 · 20250917 ~ 20260828
2026-09-07 19:37:55    109860     4건 · 20250923 ~ 20260904
2026-09-07 19:37:56    109960    13건 · 20250916 ~ 20260819
2026-09-07 19:37:57    110020    11건 · 20250929 ~ 20260722
2026-09-07 19:37:57    110310  뉴스 없음
2026-09-07 19:37:58    110500  뉴스 없음
2026-09-07 19:37:58    110570  뉴스 없음
2026-09-07 19:37:59    110790    24건 · 20250929 ~ 20260812
2026-09-07 19:38:01    110990    51건 · 20250922 ~ 20260615
2026-09-07 19:38:02    111110    26건 · 20250911 ~ 20260818
2026-09-07 19:38:03    111380    23건 · 20251024 ~ 20260709
2026-09-07 19:38:04    111610  뉴스 없음
2026-09-07 19:38:05    111710    23건 · 20260324 ~ 20260712
2026-09-07 19:38:05    111820  뉴스 없음
2026-09-07 19:38:06    111870    16건 · 20251019 ~ 20260709
2026-09-07 19:38:07    112240  뉴스 없음
2026-09-07 19:38:08    112290    52건 · 20250911 ~ 20260831
2026-09-07 19:38:09    113810    18건 · 20251022 ~ 20260819
2026-09-07 19:38:10    114120     2건 · 20251211 ~ 20251211
2026-09-07 19:38:12    114190    67건 · 20250924 ~ 20260828
2026-09-07 19:38:13    114570  뉴스 없음
2026-09-07 19:38:14    114630    20건 · 20251027 ~ 20260818
2026-09-07 19:38:16    114810    52건 · 20250924 ~ 20260901
2026-09-07 19:38:18    115160    36건 · 20260104 ~ 20260903
2026-09-07 19:38:22    115180   205건 · 20250919 ~ 20260907
2026-09-07 19:38:27    115450   143건 · 20250928 ~ 20260904
2026-09-07 19:38:29    115480    49건 · 20251031 ~ 20260907
2026-09-07 19:38:30    115530    37건 · 20251112 ~ 20260902
2026-09-07 19:38:31    115570     8건 · 20251229 ~ 20260902
2026-09-07 19:38:33    115610    38건 · 20250917 ~ 20260813
2026-09-07 19:38:34    115960    13건 · 20251013 ~ 20260828
2026-09-07 19:38:37    117580   117건 · 20250917 ~ 20260731
2026-09-07 19:38:38    117670    40건 · 20250908 ~ 20260901
2026-09-07 19:38:43    117730   200건 · 20250916 ~ 20260906
2026-09-07 19:38:44    117930  뉴스 없음
2026-09-07 19:38:45    118000    36건 · 20250922 ~ 20260827
2026-09-07 19:38:48    118990    71건 · 20250915 ~ 20260902
2026-09-07 19:38:48    119250  뉴스 없음
2026-09-07 19:38:49    119500    20건 · 20251126 ~ 20260607
2026-09-07 19:38:52    119610    65건 · 20250916 ~ 20260828
2026-09-07 19:38:53    119650    32건 · 20251231 ~ 20260722
2026-09-07 19:38:54    119830    17건 · 20250909 ~ 20260819
2026-09-07 19:38:56    119850    61건 · 20250908 ~ 20260903
2026-09-07 19:39:01    119860   126건 · 20250910 ~ 20260907
2026-09-07 19:39:02    120030    20건 · 20250908 ~ 20260824
2026-09-07 19:39:03    120115  뉴스 없음
2026-09-07 19:39:04    120240     2건 · 20260224 ~ 20260224
2026-09-07 19:39:06    121440    52건 · 20250910 ~ 20260907
2026-09-07 19:39:06    121550  뉴스 없음
2026-09-07 19:39:08    121600    57건 · 20250910 ~ 20260831
2026-09-07 19:39:09    121800    20건 · 20251024 ~ 20260803
2026-09-07 19:39:11    121850    40건 · 20250916 ~ 20260907
2026-09-07 19:39:11    121890     2건 · 20250923 ~ 20260828
2026-09-07 19:39:12    121910  뉴스 없음
2026-09-07 19:39:12    122290  뉴스 없음
2026-09-07 19:39:14    122310    40건 · 20250908 ~ 20260722
2026-09-07 19:39:16    122350    82건 · 20250920 ~ 20260903
2026-09-07 19:39:17    122450    17건 · 20251024 ~ 20260903
2026-09-07 19:39:20    122640   106건 · 20250916 ~ 20260902
2026-09-07 19:39:21    122690    30건 · 20251112 ~ 20260702
2026-09-07 19:39:22    122800  뉴스 없음
2026-09-07 19:39:23    122990    11건 · 20251022 ~ 20260623
2026-09-07 19:39:25    123010    71건 · 20250918 ~ 20260821
2026-09-07 19:39:26    123040    12건 · 20250925 ~ 20260819
2026-09-07 19:39:26    123100  뉴스 없음
2026-09-07 19:39:26    123260  뉴스 없음
2026-09-07 19:39:28    123330    21건 · 20250918 ~ 20260907
2026-09-07 19:39:29    123410    32건 · 20250909 ~ 20260825
2026-09-07 19:39:30    123570    20건 · 20250915 ~ 20260907
2026-09-07 19:39:31    123700     4건 · 20251027 ~ 20260827
2026-09-07 19:39:33    123750    35건 · 20251024 ~ 20260826
2026-09-07 19:39:34    123840    24건 · 20251023 ~ 20260731
2026-09-07 19:39:35    123860    15건 · 20250908 ~ 20260708
2026-09-07 19:39:39    123890   125건 · 20250912 ~ 20260904
2026-09-07 19:39:44    124500   201건 · 20250923 ~ 20260903
2026-09-07 19:39:47    124560    69건 · 20250915 ~ 20260904
2026-09-07 19:39:47    125210    16건 · 20251015 ~ 20260722
2026-09-07 19:39:51    125490   131건 · 20250909 ~ 20260907
2026-09-07 19:39:52    126340    49건 · 20250910 ~ 20260907
2026-09-07 19:39:56    126560    89건 · 20250916 ~ 20260907
2026-09-07 19:39:57    126600    14건 · 20251106 ~ 20260819
2026-09-07 19:39:59    126640    50건 · 20250908 ~ 20260902
2026-09-07 19:40:00    126700    29건 · 20250909 ~ 20260617
2026-09-07 19:40:00    126870  뉴스 없음
2026-09-07 19:40:02    127120    73건 · 20250908 ~ 20260907
2026-09-07 19:40:03    127160  뉴스 없음
2026-09-07 19:40:06    127710   116건 · 20250909 ~ 20260903
2026-09-07 19:40:07    127980     2건 · 20260215 ~ 20260323
2026-09-07 19:40:07    128540     5건 · 20260113 ~ 20260115
2026-09-07 19:40:08    128660     9건 · 20260116 ~ 20260811
2026-09-07 19:40:10    128820    67건 · 20250911 ~ 20260730
2026-09-07 19:40:12    129260    37건 · 20250922 ~ 20260727
2026-09-07 19:40:14    129890    42건 · 20250908 ~ 20260818
2026-09-07 19:40:17    129920    97건 · 20250909 ~ 20260819
2026-09-07 19:40:18    130500     9건 · 20260313 ~ 20260821
2026-09-07 19:40:21    130580    77건 · 20250909 ~ 20260907
2026-09-07 19:40:25    130660   135건 · 20250920 ~ 20260826
2026-09-07 19:40:26    130740    20건 · 20250915 ~ 20260602
2026-09-07 19:40:27    130960  뉴스 없음
2026-09-07 19:40:28    131090    11건 · 20251002 ~ 20260629
2026-09-07 19:40:29    131100     7건 · 20250908 ~ 20260727
2026-09-07 19:40:30    131180    23건 · 20250915 ~ 20260812
2026-09-07 19:40:31    131220    38건 · 20251020 ~ 20260907
2026-09-07 19:40:33    131290    40건 · 20250915 ~ 20260903
2026-09-07 19:40:34    131370    43건 · 20250911 ~ 20260907
2026-09-07 19:40:35    131390     3건 · 20260310 ~ 20260821
2026-09-07 19:40:39    131400   120건 · 20250908 ~ 20260904
2026-09-07 19:40:41    131760    46건 · 20250929 ~ 20260810
2026-09-07 19:40:46    131970   201건 · 20251015 ~ 20260907
2026-09-07 19:40:46    133750     4건 · 20260312 ~ 20260325
2026-09-07 19:40:48    133820    35건 · 20250909 ~ 20260824
2026-09-07 19:40:48    134060    14건 · 20251117 ~ 20260819
2026-09-07 19:40:50    134380    20건 · 20251022 ~ 20260421
2026-09-07 19:40:51    134580    35건 · 20250916 ~ 20260902
2026-09-07 19:40:52    134780  뉴스 없음
2026-09-07 19:40:52    134790     2건 · 20260103 ~ 20260724
2026-09-07 19:40:54    136150    29건 · 20250917 ~ 20260818
2026-09-07 19:40:55    136410    21건 · 20250916 ~ 20260814
2026-09-07 19:41:00    136480   201건 · 20250916 ~ 20260906
2026-09-07 19:41:02    136490    44건 · 20250914 ~ 20260902
2026-09-07 19:41:02    136510    13건 · 20260203 ~ 20260517
2026-09-07 19:41:04    136540    44건 · 20250919 ~ 20260903
2026-09-07 19:41:06    137080    29건 · 20250911 ~ 20260818
2026-09-07 19:41:10    137400   123건 · 20250909 ~ 20260907
2026-09-07 19:41:11    137940    20건 · 20251030 ~ 20260818
2026-09-07 19:41:13    137950    36건 · 20251015 ~ 20260901
2026-09-07 19:41:18    138040   204건 · 20260731 ~ 20260907
2026-09-07 19:41:18    138070     2건 · 20260215 ~ 20260615
2026-09-07 19:41:23    138080   133건 · 20250911 ~ 20260905
2026-09-07 19:41:28    138250   210건 · 20260421 ~ 20260903
2026-09-07 19:41:31    138360   118건 · 20250919 ~ 20260824
2026-09-07 19:41:36    138490   117건 · 20251009 ~ 20260903
2026-09-07 19:41:37    138580     2건 · 20251226 ~ 20260627
2026-09-07 19:41:39    138610    95건 · 20250909 ~ 20260907
2026-09-07 19:41:40    138690     4건 · 20251113 ~ 20260427
2026-09-07 19:41:41    139050    20건 · 20251016 ~ 20260901
2026-09-07 19:41:42    139200  뉴스 없음
2026-09-07 19:41:43    139670    30건 · 20250924 ~ 20260826
2026-09-07 19:41:45    139990    58건 · 20251003 ~ 20260805
2026-09-07 19:41:47    140070    48건 · 20250910 ~ 20260903
2026-09-07 19:41:52    140410   184건 · 20250908 ~ 20260907
2026-09-07 19:41:54    140430    58건 · 20251028 ~ 20260903
2026-09-07 19:41:55    140520     2건 · 20260226 ~ 20260519
2026-09-07 19:41:57    140670    71건 · 20250912 ~ 20260826
2026-09-07 19:42:02    140860   122건 · 20250911 ~ 20260907
2026-09-07 19:42:03    140910    10건 · 20260212 ~ 20260529
2026-09-07 19:42:04    141000    27건 · 20250916 ~ 20260716
2026-09-07 19:42:05    141020     3건 · 20260415 ~ 20260529
2026-09-07 19:42:05    141070  뉴스 없음
2026-09-07 19:42:10    141080   200건 · 20260801 ~ 20260907
2026-09-07 19:42:11    142210    18건 · 20251030 ~ 20260821
2026-09-07 19:42:14    142280    62건 · 20250919 ~ 20260903
2026-09-07 19:42:18    142760   147건 · 20250907 ~ 20260907
2026-09-07 19:42:20    143160    20건 · 20251030 ~ 20260702
2026-09-07 19:42:21    143210    31건 · 20251020 ~ 20260709
2026-09-07 19:42:25    143240   132건 · 20250911 ~ 20260827
2026-09-07 19:42:27    143540    35건 · 20250924 ~ 20260820
2026-09-07 19:42:28    144620  뉴스 없음
2026-09-07 19:42:29    144960    22건 · 20250926 ~ 20260904
2026-09-07 19:42:30    145170    10건 · 20251002 ~ 20260729
2026-09-07 19:42:32    145210    72건 · 20250917 ~ 20260902
2026-09-07 19:42:33    145270     6건 · 20251117 ~ 20260901
2026-09-07 19:42:38    145990   211건 · 20260427 ~ 20260903
2026-09-07 19:42:39    146060    20건 · 20250929 ~ 20260814
2026-09-07 19:42:40    146320    29건 · 20250919 ~ 20260903
2026-09-07 19:42:41    147760    25건 · 20250923 ~ 20260709
2026-09-07 19:42:42    148140     1건 · 20260306 ~ 20260306
2026-09-07 19:42:43    148150    10건 · 20250918 ~ 20260904
2026-09-07 19:42:45    148250    50건 · 20250915 ~ 20260825
2026-09-07 19:42:46    148780    51건 · 20250930 ~ 20260904
2026-09-07 19:42:47    148930    11건 · 20260209 ~ 20260819
2026-09-07 19:42:48    149940  뉴스 없음
2026-09-07 19:42:49    149950    29건 · 20250916 ~ 20260826
2026-09-07 19:42:51    149980    53건 · 20251010 ~ 20260906
2026-09-07 19:42:52    150840    20건 · 20251014 ~ 20260827
2026-09-07 19:42:58    150900   150건 · 20250910 ~ 20260905
2026-09-07 19:43:01    151860    70건 · 20250915 ~ 20260902
2026-09-07 19:43:02    151910    20건 · 20251023 ~ 20260605
2026-09-07 19:43:03    152330  뉴스 없음
2026-09-07 19:43:06    152550   127건 · 20250917 ~ 20260502
2026-09-07 19:43:07    153360  뉴스 없음
2026-09-07 19:43:08    153460    40건 · 20251029 ~ 20260824
2026-09-07 19:43:09    153490    27건 · 20251001 ~ 20260907
2026-09-07 19:43:11    153710    20건 · 20250910 ~ 20260810
2026-09-07 19:43:13    153890    78건 · 20251016 ~ 20260813
2026-09-07 19:43:14    154030    12건 · 20250922 ~ 20260826
2026-09-07 19:43:15    154040    15건 · 20250926 ~ 20260812
2026-09-07 19:43:16    155650    20건 · 20251022 ~ 20260805
2026-09-07 19:43:18    155660    60건 · 20251014 ~ 20260907
2026-09-07 19:43:19    155900  뉴스 없음
2026-09-07 19:43:19    155960  뉴스 없음
2026-09-07 19:43:22    156100    70건 · 20250908 ~ 20260831
2026-09-07 19:43:23    158310     5건 · 20251027 ~ 20260819
2026-09-07 19:43:23    158380  뉴스 없음
2026-09-07 19:43:28    158430   116건 · 20250910 ~ 20260902
2026-09-07 19:43:29    159010    14건 · 20250922 ~ 20260825
2026-09-07 19:43:30    159580    37건 · 20251017 ~ 20260824
2026-09-07 19:43:31    159650  뉴스 없음
2026-09-07 19:43:36    159910   201건 · 20260129 ~ 20260906
2026-09-07 19:43:36    160550    18건 · 20251114 ~ 20260720
2026-09-07 19:43:37    160600     3건 · 20250910 ~ 20260821
2026-09-07 19:43:39    160980    20건 · 20250908 ~ 20260817
2026-09-07 19:43:43    161000   210건 · 20250910 ~ 20260907
2026-09-07 19:43:44    161570  뉴스 없음
2026-09-07 19:43:47    161580    80건 · 20250915 ~ 20260907
2026-09-07 19:43:48    162300    21건 · 20251212 ~ 20260907
2026-09-07 19:43:50    163280    48건 · 20250918 ~ 20260830
2026-09-07 19:43:51    163560    26건 · 20250921 ~ 20260826
2026-09-07 19:43:53    163730    74건 · 20250910 ~ 20260907
2026-09-07 19:43:54    164060     5건 · 20251025 ~ 20260225
2026-09-07 19:43:57    166090   107건 · 20250908 ~ 20260903
2026-09-07 19:44:00    166480    72건 · 20250911 ~ 20260818
2026-09-07 19:44:00    168330     9건 · 20251205 ~ 20260903
2026-09-07 19:44:02    168360    25건 · 20250909 ~ 20260817
2026-09-07 19:44:02    168490  뉴스 없음
2026-09-07 19:44:07    169330   209건 · 20260311 ~ 20260907
2026-09-07 19:44:08    170030    23건 · 20251016 ~ 20260901
2026-09-07 19:44:13    170790   139건 · 20250917 ~ 20260903
2026-09-07 19:44:15    170920    49건 · 20250915 ~ 20260807
2026-09-07 19:44:15    171010    14건 · 20251106 ~ 20260814
2026-09-07 19:44:20    171090   134건 · 20250924 ~ 20260824
2026-09-07 19:44:21    171120     7건 · 20251117 ~ 20260521
2026-09-07 19:44:21    172580  뉴스 없음
2026-09-07 19:44:22    172670    26건 · 20250909 ~ 20260812
2026-09-07 19:44:23    173130     3건 · 20260209 ~ 20260227
2026-09-07 19:44:26    173940    88건 · 20250918 ~ 20260830
2026-09-07 19:44:27    174880    10건 · 20251230 ~ 20260203
2026-09-07 19:44:31    174900   100건 · 20250916 ~ 20260830
2026-09-07 19:44:32    175140    52건 · 20250911 ~ 20260901
2026-09-07 19:44:34    175250    60건 · 20250911 ~ 20260904
2026-09-07 19:44:35    176440     3건 · 20251020 ~ 20260525
2026-09-07 19:44:36    177350    25건 · 20250908 ~ 20260708
2026-09-07 19:44:37    177830    11건 · 20250908 ~ 20260721
2026-09-07 19:44:39    177900    33건 · 20250910 ~ 20260828
2026-09-07 19:44:44    178320   201건 · 20260310 ~ 20260907
2026-09-07 19:44:44    178780     7건 · 20251215 ~ 20260828
2026-09-07 19:44:46    179290    41건 · 20250924 ~ 20260821
2026-09-07 19:44:49    179530    86건 · 20250909 ~ 20260831
2026-09-07 19:44:52    179900    65건 · 20250910 ~ 20260903
2026-09-07 19:44:54    180400    85건 · 20250912 ~ 20260830
2026-09-07 19:44:55    181340     3건 · 20251028 ~ 20251112
2026-09-07 19:44:58    182360    96건 · 20250908 ~ 20260813
2026-09-07 19:45:00    182400    48건 · 20250917 ~ 20260720
2026-09-07 19:45:00    182690  뉴스 없음
2026-09-07 19:45:05    183190   144건 · 20250908 ~ 20260903
2026-09-07 19:45:06    183300    51건 · 20250912 ~ 20260824
2026-09-07 19:45:08    183490    42건 · 20250917 ~ 20260822
2026-09-07 19:45:12    184230   133건 · 20250907 ~ 20260907
2026-09-07 19:45:14    185490    57건 · 20250912 ~ 20260904
2026-09-07 19:45:15    186230    25건 · 20250923 ~ 20260818
2026-09-07 19:45:17    187220    57건 · 20250908 ~ 20260825
2026-09-07 19:45:18    187270     3건 · 20250916 ~ 20260814
2026-09-07 19:45:22    187420   128건 · 20250917 ~ 20260906
2026-09-07 19:45:27    187660   161건 · 20250915 ~ 20260907
2026-09-07 19:45:28    187790    31건 · 20250912 ~ 20260819
2026-09-07 19:45:33    187870   205건 · 20260901 ~ 20260907
2026-09-07 19:45:35    188040    32건 · 20250922 ~ 20260902
2026-09-07 19:45:39    189300   198건 · 20250917 ~ 20260902
2026-09-07 19:45:43    189330    79건 · 20250912 ~ 20260828
2026-09-07 19:45:46    189690    88건 · 20250909 ~ 20260904
2026-09-07 19:45:47    189860    30건 · 20251119 ~ 20260826
2026-09-07 19:45:49    189980    39건 · 20250911 ~ 20260903
2026-09-07 19:45:51    190510    62건 · 20250929 ~ 20260907
2026-09-07 19:45:54    190650    83건 · 20250911 ~ 20260907
2026-09-07 19:45:56    191410    36건 · 20250910 ~ 20260813
2026-09-07 19:45:57    191420    20건 · 20251026 ~ 20260814
2026-09-07 19:45:59    192250    40건 · 20250919 ~ 20260825
2026-09-07 19:46:00    192390    20건 · 20260323 ~ 20260819
2026-09-07 19:46:03    192410    75건 · 20250908 ~ 20260901
2026-09-07 19:46:04    192440    34건 · 20251205 ~ 20260826
2026-09-07 19:46:06    193250    28건 · 20251030 ~ 20260821
2026-09-07 19:46:07    194370    38건 · 20250923 ~ 20260827
2026-09-07 19:46:12    194480   208건 · 20260402 ~ 20260907
2026-09-07 19:46:12    194510  뉴스 없음
2026-09-07 19:46:14    194700    66건 · 20250912 ~ 20260903
2026-09-07 19:46:15    195440  뉴스 없음
2026-09-07 19:46:16    195500    32건 · 20250914 ~ 20260827
2026-09-07 19:46:19    195870   110건 · 20250922 ~ 20260907
2026-09-07 19:46:21    195990    66건 · 20250925 ~ 20260720
2026-09-07 19:46:26    196170   203건 · 20260901 ~ 20260907
2026-09-07 19:46:29    196300   103건 · 20250911 ~ 20260904
2026-09-07 19:46:31    196450    35건 · 20251113 ~ 20260825
2026-09-07 19:46:32    196490    20건 · 20251113 ~ 20260814
2026-09-07 19:46:33    196700    11건 · 20251119 ~ 20260825
2026-09-07 19:46:34    197140     7건 · 20251031 ~ 20260831
2026-09-07 19:46:34    197210  뉴스 없음
2026-09-07 19:46:35    198080     9건 · 20251024 ~ 20260818
2026-09-07 19:46:36    198440    36건 · 20250908 ~ 20260903
2026-09-07 19:46:38    198940    20건 · 20251112 ~ 20260814
2026-09-07 19:46:41    199430    91건 · 20250908 ~ 20260907
2026-09-07 19:46:43    199480    44건 · 20250908 ~ 20260901
2026-09-07 19:46:45    199550    53건 · 20250919 ~ 20260814
2026-09-07 19:46:46    199730     6건 · 20260129 ~ 20260802
2026-09-07 19:46:47    199820    40건 · 20250923 ~ 20260827
2026-09-07 19:46:52    200130   210건 · 20251023 ~ 20260907
2026-09-07 19:46:54    200230    36건 · 20250911 ~ 20260728
2026-09-07 19:46:55    200350    32건 · 20250924 ~ 20260826
2026-09-07 19:46:57    200470    68건 · 20250908 ~ 20260906
2026-09-07 19:47:00    200710    86건 · 20250909 ~ 20260830
2026-09-07 19:47:01    200780    28건 · 20251121 ~ 20260902
2026-09-07 19:47:04    200880    66건 · 20251016 ~ 20260906
2026-09-07 19:47:05    201490    42건 · 20250908 ~ 20260813
2026-09-07 19:47:09    203400   127건 · 20250909 ~ 20260903
2026-09-07 19:47:12    203450    65건 · 20250908 ~ 20260903
2026-09-07 19:47:16    203650   149건 · 20250919 ~ 20260825
2026-09-07 19:47:17    203690    20건 · 20251230 ~ 20260827
2026-09-07 19:47:18    204020     4건 · 20260312 ~ 20260615
2026-09-07 19:47:19    204210    20건 · 20250913 ~ 20260602
2026-09-07 19:47:21    204610    47건 · 20251010 ~ 20260827
2026-09-07 19:47:23    204620    56건 · 20250909 ~ 20260820
2026-09-07 19:47:24    204630     9건 · 20250929 ~ 20260610
2026-09-07 19:47:26    204840    49건 · 20250908 ~ 20260904
2026-09-07 19:47:26    204990  뉴스 없음
2026-09-07 19:47:29    205100    73건 · 20250911 ~ 20260904
2026-09-07 19:47:31    205470    47건 · 20260112 ~ 20260827
2026-09-07 19:47:36    205500   213건 · 20260304 ~ 20260907
2026-09-07 19:47:37    206400    33건 · 20250908 ~ 20260816
2026-09-07 19:47:38    206560    19건 · 20250911 ~ 20260821
2026-09-07 19:47:41    206640   107건 · 20250908 ~ 20260907
2026-09-07 19:47:46    206650   150건 · 20250910 ~ 20260907
2026-09-07 19:47:48    207760    40건 · 20250910 ~ 20260903
2026-09-07 19:47:49    208140    21건 · 20251028 ~ 20260626
2026-09-07 19:47:50    208340    20건 · 20251028 ~ 20260827
2026-09-07 19:47:52    208350    61건 · 20250908 ~ 20260907
2026-09-07 19:47:54    208370    53건 · 20250911 ~ 20260907
2026-09-07 19:47:56    208640    45건 · 20250912 ~ 20260828
2026-09-07 19:47:58    208710    55건 · 20250908 ~ 20260826
2026-09-07 19:47:59    208860    21건 · 20250926 ~ 20260904
2026-09-07 19:48:01    209640    47건 · 20250922 ~ 20260716
2026-09-07 19:48:02    210120    46건 · 20250908 ~ 20260828
2026-09-07 19:48:03    210540     4건 · 20260104 ~ 20260813
2026-09-07 19:48:08    210980   201건 · 20251003 ~ 20260906
2026-09-07 19:48:10    211050    91건 · 20250918 ~ 20260903
2026-09-07 19:48:11    212560    19건 · 20251028 ~ 20260907
2026-09-07 19:48:14    212710    77건 · 20250911 ~ 20260817
2026-09-07 19:48:15    213090  뉴스 없음
2026-09-07 19:48:17    213420    75건 · 20250909 ~ 20260901
2026-09-07 19:48:22    213500   207건 · 20260108 ~ 20260906
2026-09-07 19:48:27    214180   173건 · 20250908 ~ 20260903
2026-09-07 19:48:28    214260    48건 · 20250916 ~ 20260821
2026-09-07 19:48:32    214270    65건 · 20250911 ~ 20260901
2026-09-07 19:48:33    214310     8건 · 20250929 ~ 20260622
2026-09-07 19:48:33    214330    18건 · 20250908 ~ 20260907
2026-09-07 19:48:37    214390    99건 · 20250910 ~ 20260902
2026-09-07 19:48:42    214420   202건 · 20251024 ~ 20260907
2026-09-07 19:48:45    214430    65건 · 20250912 ~ 20260825
2026-09-07 19:48:47    214610    80건 · 20250907 ~ 20260904
2026-09-07 19:48:49    214680    35건 · 20250911 ~ 20260815
2026-09-07 19:48:49    214870     5건 · 20250930 ~ 20260707
2026-09-07 19:48:51    215090    24건 · 20250910 ~ 20260820
2026-09-07 19:48:52    215100    48건 · 20250911 ~ 20260602
2026-09-07 19:48:57    215200   200건 · 20251029 ~ 20260907
2026-09-07 19:48:59    215360    46건 · 20250922 ~ 20260807
2026-09-07 19:49:01    215380    76건 · 20250915 ~ 20260818
2026-09-07 19:49:03    215480    29건 · 20260109 ~ 20260819
2026-09-07 19:49:05    215790    86건 · 20251016 ~ 20260826
2026-09-07 19:49:08    216050    80건 · 20250922 ~ 20260904
2026-09-07 19:49:11    216080    72건 · 20250930 ~ 20260907
2026-09-07 19:49:15    217270   143건 · 20250909 ~ 20260902
2026-09-07 19:49:17    217330    40건 · 20250908 ~ 20260813
2026-09-07 19:49:18    217480    34건 · 20251118 ~ 20260904
2026-09-07 19:49:19    217500    27건 · 20250922 ~ 20260814
2026-09-07 19:49:20    217600  뉴스 없음
2026-09-07 19:49:21    217620    37건 · 20250925 ~ 20260728
2026-09-07 19:49:24    217730    95건 · 20250919 ~ 20260831
2026-09-07 19:49:25    217820    11건 · 20251028 ~ 20260819
2026-09-07 19:49:27    218150    37건 · 20250919 ~ 20260902
2026-09-07 19:49:30    218410   116건 · 20250907 ~ 20260905
2026-09-07 19:49:31    219420     4건 · 20260114 ~ 20260729
2026-09-07 19:49:32    219550    32건 · 20250911 ~ 20260716
2026-09-07 19:49:33    219750    18건 · 20251120 ~ 20260721
2026-09-07 19:49:36    220100   109건 · 20250907 ~ 20260907
2026-09-07 19:49:40    220180    85건 · 20250909 ~ 20260831
2026-09-07 19:49:41    220260    24건 · 20251023 ~ 20260827
2026-09-07 19:49:46    220630   201건 · 20260605 ~ 20260907
2026-09-07 19:49:47    221610  뉴스 없음
2026-09-07 19:49:49    221800    80건 · 20251029 ~ 20260831
2026-09-07 19:49:50    221840    27건 · 20250921 ~ 20260903
2026-09-07 19:49:51    221980     1건 · 20260310 ~ 20260310
2026-09-07 19:49:54    222040    64건 · 20250907 ~ 20260907
2026-09-07 19:49:57    222080    98건 · 20250911 ~ 20260907
2026-09-07 19:49:59    222110    40건 · 20250925 ~ 20260819
2026-09-07 19:49:59    222160    15건 · 20251123 ~ 20260827
2026-09-07 19:50:01    222420    43건 · 20251010 ~ 20260812
2026-09-07 19:50:06    222800   209건 · 20260427 ~ 20260907
2026-09-07 19:50:07    222810     7건 · 20260212 ~ 20260326
2026-09-07 19:50:08    222980    20건 · 20250930 ~ 20260814
2026-09-07 19:50:09    223250    51건 · 20250921 ~ 20260902
2026-09-07 19:50:14    223310   200건 · 20260622 ~ 20260907
2026-09-07 19:50:15    224060    21건 · 20250917 ~ 20260907
2026-09-07 19:50:16    224110    14건 · 20251103 ~ 20260701
2026-09-07 19:50:19    225190    89건 · 20250911 ~ 20260902
2026-09-07 19:50:22    225220    70건 · 20250911 ~ 20260826
2026-09-07 19:50:23    225330     1건 · 20260818 ~ 20260818
2026-09-07 19:50:26    225430   103건 · 20250930 ~ 20260907
2026-09-07 19:50:27    225530     8건 · 20251119 ~ 20260820
2026-09-07 19:50:32    225570   200건 · 20251110 ~ 20260904
2026-09-07 19:50:36    225590   131건 · 20250912 ~ 20260907
2026-09-07 19:50:36    225650  뉴스 없음
2026-09-07 19:50:37    226320    32건 · 20251001 ~ 20260904
2026-09-07 19:50:42    226330   162건 · 20250911 ~ 20260907
2026-09-07 19:50:44    226340    31건 · 20250918 ~ 20260907
2026-09-07 19:50:44    226350  뉴스 없음
2026-09-07 19:50:45    226360    19건 · 20251219 ~ 20260709
2026-09-07 19:50:46    226400    21건 · 20250908 ~ 20260814
2026-09-07 19:50:47    226440     4건 · 20250930 ~ 20251105
2026-09-07 19:50:49    226590    35건 · 20250908 ~ 20260901
2026-09-07 19:50:53    226950   201건 · 20251124 ~ 20260907
2026-09-07 19:50:54    227100    17건 · 20251103 ~ 20260630
2026-09-07 19:50:56    227610    38건 · 20250908 ~ 20260814
2026-09-07 19:50:57    227840     3건 · 20260206 ~ 20260701
2026-09-07 19:50:58    227950    28건 · 20260202 ~ 20260820
2026-09-07 19:50:59    228340    30건 · 20260130 ~ 20260907
2026-09-07 19:51:01    228670    53건 · 20250915 ~ 20260902
2026-09-07 19:51:03    228760    56건 · 20250909 ~ 20260819
2026-09-07 19:51:04    228850    20건 · 20251110 ~ 20260902
2026-09-07 19:51:07    229000    81건 · 20250919 ~ 20260826
2026-09-07 19:51:12    229640   210건 · 20260414 ~ 20260907
2026-09-07 19:51:14    230240    70건 · 20250918 ~ 20260905
2026-09-07 19:51:17    230360    84건 · 20250908 ~ 20260813
2026-09-07 19:51:18    230980    19건 · 20250924 ~ 20260706
2026-09-07 19:51:20    232140    35건 · 20250918 ~ 20260902
2026-09-07 19:51:22    232680    59건 · 20251027 ~ 20260902
2026-09-07 19:51:25    232830    70건 · 20250919 ~ 20260904
2026-09-07 19:51:26    234030    26건 · 20250912 ~ 20260819
2026-09-07 19:51:27    234080    52건 · 20250914 ~ 20260907
2026-09-07 19:51:30    234100    75건 · 20250910 ~ 20260827
2026-09-07 19:51:32    234300    24건 · 20250917 ~ 20260907
2026-09-07 19:51:36    234340   208건 · 20260126 ~ 20260907
2026-09-07 19:51:41    234690   194건 · 20250908 ~ 20260905
2026-09-07 19:51:42    234920    20건 · 20251022 ~ 20260521
2026-09-07 19:51:46    235980    86건 · 20250910 ~ 20260901
2026-09-07 19:51:47    236200    40건 · 20250908 ~ 20260902
2026-09-07 19:51:49    236810    62건 · 20250909 ~ 20260907
2026-09-07 19:51:51    237750    23건 · 20250916 ~ 20260701
2026-09-07 19:51:53    237820    51건 · 20250917 ~ 20260902
2026-09-07 19:51:56    237880    99건 · 20250908 ~ 20260907
2026-09-07 19:51:57    238090    13건 · 20250917 ~ 20260617
2026-09-07 19:51:58    238120    19건 · 20250909 ~ 20260805
2026-09-07 19:52:00    238200    56건 · 20250919 ~ 20260907
2026-09-07 19:52:02    238490    20건 · 20251106 ~ 20260724
2026-09-07 19:52:05    239340    79건 · 20250909 ~ 20260903
2026-09-07 19:52:05    239610     9건 · 20251229 ~ 20260819
2026-09-07 19:52:06    239890     5건 · 20251230 ~ 20260907
2026-09-07 19:52:09    240600    57건 · 20250911 ~ 20260826
2026-09-07 19:52:13    241520   196건 · 20250907 ~ 20260902
2026-09-07 19:52:14    241590    19건 · 20250921 ~ 20260728
2026-09-07 19:52:16    241690    43건 · 20250930 ~ 20260824
2026-09-07 19:52:21    241710   201건 · 20260223 ~ 20260907
2026-09-07 19:52:22    241770    25건 · 20250922 ~ 20260812
2026-09-07 19:52:23    241790    16건 · 20251009 ~ 20260626
2026-09-07 19:52:24    241820     7건 · 20251010 ~ 20260822
2026-09-07 19:52:25    241840    30건 · 20251001 ~ 20260616
2026-09-07 19:52:28    242040    77건 · 20250911 ~ 20260907
2026-09-07 19:52:29    244460    34건 · 20251001 ~ 20260901
2026-09-07 19:52:34    244920   147건 · 20250909 ~ 20260907
2026-09-07 19:52:35    245620    20건 · 20251120 ~ 20260729
2026-09-07 19:52:36    246250    40건 · 20250909 ~ 20260725
2026-09-07 19:52:39    246690   113건 · 20251017 ~ 20260904
2026-09-07 19:52:43    246710    89건 · 20250908 ~ 20260907
2026-09-07 19:52:44    246720    20건 · 20250922 ~ 20260730
2026-09-07 19:52:47    246960    85건 · 20250909 ~ 20260904
2026-09-07 19:52:48    247660    27건 · 20260128 ~ 20260907
2026-09-07 19:52:53    248170   172건 · 20250910 ~ 20260903
2026-09-07 19:52:55    250000    40건 · 20250930 ~ 20260907
2026-09-07 19:52:56    250060    33건 · 20251125 ~ 20260807
2026-09-07 19:52:58    250930    34건 · 20251027 ~ 20260831
2026-09-07 19:52:59    251370    32건 · 20250917 ~ 20260907
2026-09-07 19:53:00    251630    29건 · 20251020 ~ 20260709
2026-09-07 19:53:02    251970    52건 · 20250908 ~ 20260903
2026-09-07 19:53:03    252500    20건 · 20250918 ~ 20260901
2026-09-07 19:53:05    252990    47건 · 20250922 ~ 20260831
2026-09-07 19:53:06    253590    32건 · 20250930 ~ 20260817
2026-09-07 19:53:08    253840    49건 · 20250910 ~ 20260828
2026-09-07 19:53:10    254120    31건 · 20251117 ~ 20260902
2026-09-07 19:53:14    254490   201건 · 20251120 ~ 20260907
2026-09-07 19:53:18    255220    94건 · 20250924 ~ 20260907
2026-09-07 19:53:18    255440    16건 · 20251002 ~ 20260819
2026-09-07 19:53:19    256150     1건 · 20260628 ~ 20260628
2026-09-07 19:53:20    256630    10건 · 20260205 ~ 20260716
2026-09-07 19:53:21    256840    39건 · 20250908 ~ 20260904
2026-09-07 19:53:24    256940    46건 · 20250926 ~ 20260907
2026-09-07 19:53:25    257370    20건 · 20250909 ~ 20260907
2026-09-07 19:53:30    257720   203건 · 20260615 ~ 20260907
2026-09-07 19:53:30    258610     4건 · 20251216 ~ 20260715
2026-09-07 19:53:35    258790   161건 · 20250909 ~ 20260826
2026-09-07 19:53:36    258830    26건 · 20250923 ~ 20260907
2026-09-07 19:53:41    259630   131건 · 20250907 ~ 20260820
2026-09-07 19:53:42    260660    26건 · 20251002 ~ 20260824
2026-09-07 19:53:44    260930    50건 · 20250912 ~ 20260810
2026-09-07 19:53:45    260970    33건 · 20250917 ~ 20260722
2026-09-07 19:53:46    261200    21건 · 20251114 ~ 20260903
2026-09-07 19:53:50    261520   105건 · 20250910 ~ 20260904
2026-09-07 19:53:55    261780   112건 · 20250908 ~ 20260825
2026-09-07 19:53:57    262260    38건 · 20251011 ~ 20260818
2026-09-07 19:53:58    262840    48건 · 20250925 ~ 20260821
2026-09-07 19:54:00    263020    30건 · 20250908 ~ 20260824
2026-09-07 19:54:01    263050    39건 · 20251203 ~ 20260822
2026-09-07 19:54:02    263540  뉴스 없음
2026-09-07 19:54:03    263600    21건 · 20250922 ~ 20260826
2026-09-07 19:54:04    263690    20건 · 20251216 ~ 20260820
2026-09-07 19:54:06    263700    34건 · 20250917 ~ 20260902
2026-09-07 19:54:08    263720    56건 · 20250916 ~ 20260824
2026-09-07 19:54:09    263770    14건 · 20260121 ~ 20260708
2026-09-07 19:54:14    263800   202건 · 20251222 ~ 20260907
2026-09-07 19:54:15    263810     5건 · 20251014 ~ 20260615
2026-09-07 19:54:20    263860   214건 · 20260129 ~ 20260907
2026-09-07 19:54:22    263920    55건 · 20250911 ~ 20260907
2026-09-07 19:54:22    264450    19건 · 20251016 ~ 20260821
2026-09-07 19:54:24    264850    23건 · 20250926 ~ 20260807
2026-09-07 19:54:28    264900   165건 · 20250908 ~ 20260905
2026-09-07 19:54:29    265560    12건 · 20250912 ~ 20260410
2026-09-07 19:54:31    265740    20건 · 20251022 ~ 20260907
2026-09-07 19:54:35    267260   202건 · 20260729 ~ 20260907
2026-09-07 19:54:37    267290    42건 · 20250917 ~ 20260907
2026-09-07 19:54:39    267320    67건 · 20250912 ~ 20260828
2026-09-07 19:54:40    267790    24건 · 20250922 ~ 20260828
2026-09-07 19:54:43    267850    59건 · 20250917 ~ 20260902
2026-09-07 19:54:44    268600    20건 · 20250930 ~ 20260825
2026-09-07 19:54:45    269620  뉴스 없음
2026-09-07 19:54:46    270520    40건 · 20250909 ~ 20260831
2026-09-07 19:54:50    270660   127건 · 20250915 ~ 20260904
2026-09-07 19:54:52    270870    54건 · 20250926 ~ 20260826
2026-09-07 19:54:53    271830    31건 · 20251013 ~ 20260818
2026-09-07 19:54:58    271980   189건 · 20250909 ~ 20260904
2026-09-07 19:55:00    272110    40건 · 20250912 ~ 20260902
2026-09-07 19:55:04    272450   152건 · 20250917 ~ 20260904
2026-09-07 19:55:06    272550    45건 · 20251104 ~ 20260827
2026-09-07 19:55:10    273060    73건 · 20250916 ~ 20260812
2026-09-07 19:55:13    274090   108건 · 20250930 ~ 20260825
2026-09-07 19:55:15    274400    46건 · 20250912 ~ 20260709
2026-09-07 19:55:16    275630    28건 · 20251209 ~ 20260819
2026-09-07 19:55:18    276040    56건 · 20250916 ~ 20260806
2026-09-07 19:55:20    276730    73건 · 20250921 ~ 20260824
2026-09-07 19:55:21    277410    25건 · 20250925 ~ 20260814
2026-09-07 19:55:23    277880    34건 · 20250915 ~ 20260904
2026-09-07 19:55:27    278650   121건 · 20250923 ~ 20260907
2026-09-07 19:55:28    279600    38건 · 20250916 ~ 20260827
2026-09-07 19:55:30    281740    26건 · 20250919 ~ 20260812
2026-09-07 19:55:33    281820    88건 · 20250914 ~ 20260827
2026-09-07 19:55:33    282620     9건 · 20260726 ~ 20260907
2026-09-07 19:55:34    282690     2건 · 20251001 ~ 20260104
2026-09-07 19:55:36    282720    37건 · 20250915 ~ 20260904
2026-09-07 19:55:38    284620    36건 · 20250926 ~ 20260822
2026-09-07 19:55:38    28513K     7건 · 20251023 ~ 20260622
2026-09-07 19:55:40    285490    26건 · 20251010 ~ 20260427
2026-09-07 19:55:41    285800    38건 · 20250924 ~ 20260907
2026-09-07 19:55:43    286750    54건 · 20250912 ~ 20260907
2026-09-07 19:55:45    288180    39건 · 20251020 ~ 20260818
2026-09-07 19:55:47    288330    78건 · 20250912 ~ 20260831
2026-09-07 19:55:48    288620    21건 · 20250911 ~ 20260902
2026-09-07 19:55:50    288980    36건 · 20250929 ~ 20260907
2026-09-07 19:55:53    289010    95건 · 20250923 ~ 20260907
2026-09-07 19:55:56    289080   130건 · 20250915 ~ 20260907
2026-09-07 19:55:57    289220    19건 · 20251001 ~ 20260907
2026-09-07 19:55:59    289930    40건 · 20251007 ~ 20260724
2026-09-07 19:56:00    290090     3건 · 20260720 ~ 20260831
2026-09-07 19:56:01    290120    38건 · 20251031 ~ 20260831
2026-09-07 19:56:04    290270    69건 · 20250918 ~ 20260907
2026-09-07 19:56:05    290380     7건 · 20251028 ~ 20260601
2026-09-07 19:56:06    290510     3건 · 20251124 ~ 20260407
2026-09-07 19:56:07    290520    12건 · 20251023 ~ 20260903
2026-09-07 19:56:08    290550    30건 · 20251104 ~ 20260907
2026-09-07 19:56:13    290650   201건 · 20260105 ~ 20260907
2026-09-07 19:56:16    290660    99건 · 20250912 ~ 20260831
2026-09-07 19:56:17    290670    19건 · 20251031 ~ 20260824
2026-09-07 19:56:21    290690   110건 · 20250912 ~ 20260825
2026-09-07 19:56:22    290720    37건 · 20250916 ~ 20260904
2026-09-07 19:56:24    291230    34건 · 20260113 ~ 20260827
2026-09-07 19:56:26    291650    40건 · 20250909 ~ 20260826
2026-09-07 19:56:27    291810    21건 · 20251020 ~ 20260907
2026-09-07 19:56:28    293480    20건 · 20251124 ~ 20260904
2026-09-07 19:56:31    293580    93건 · 20250910 ~ 20260901
2026-09-07 19:56:33    293780    66건 · 20251023 ~ 20260830
2026-09-07 19:56:35    294090    48건 · 20250916 ~ 20260825
2026-09-07 19:56:36    294140    18건 · 20251020 ~ 20260805
2026-09-07 19:56:40    294570   123건 · 20250911 ~ 20260907
2026-09-07 19:56:41    294630    12건 · 20260122 ~ 20260904
2026-09-07 19:56:46    295310   198건 · 20250918 ~ 20260827
2026-09-07 19:56:48    296640    67건 · 20250915 ~ 20260830
2026-09-07 19:56:50    297090    23건 · 20250908 ~ 20260804
2026-09-07 19:56:52    297570    53건 · 20251015 ~ 20260902
2026-09-07 19:56:52    297890    16건 · 20251212 ~ 20260811
2026-09-07 19:56:54    298000    22건 · 20250924 ~ 20260731
2026-09-07 19:56:58    298040   200건 · 20260112 ~ 20260907
2026-09-07 19:57:01    298060    55건 · 20250908 ~ 20260818
2026-09-07 19:57:04    298540    69건 · 20250915 ~ 20260907
2026-09-07 19:57:09    298690   205건 · 20260611 ~ 20260907
2026-09-07 19:57:10    299030    35건 · 20251022 ~ 20260722
2026-09-07 19:57:13    299170    66건 · 20250910 ~ 20260803
2026-09-07 19:57:14    299660    38건 · 20250909 ~ 20260902
2026-09-07 19:57:16    299900    50건 · 20251114 ~ 20260824
2026-09-07 19:57:16    299910  뉴스 없음
2026-09-07 19:57:21    300080   127건 · 20250908 ~ 20260903
2026-09-07 19:57:25    300120   110건 · 20250909 ~ 20260904
2026-09-07 19:57:29    301300   130건 · 20250908 ~ 20260906
2026-09-07 19:57:31    302430    56건 · 20250919 ~ 20260907
2026-09-07 19:57:32    302550     9건 · 20250915 ~ 20260903
2026-09-07 19:57:33    303030    33건 · 20250908 ~ 20260831
2026-09-07 19:57:34    303360    24건 · 20250907 ~ 20260901
2026-09-07 19:57:36    303530    20건 · 20251022 ~ 20260814
2026-09-07 19:57:40    304100   214건 · 20260211 ~ 20260906
2026-09-07 19:57:43    304360    73건 · 20250909 ~ 20260819
2026-09-07 19:57:45    304840    87건 · 20250930 ~ 20260902
2026-09-07 19:57:47    305090    66건 · 20250915 ~ 20260906
2026-09-07 19:57:50    306040    66건 · 20250910 ~ 20260904
2026-09-07 19:57:52    306200    90건 · 20250912 ~ 20260903
2026-09-07 19:57:55    306620    73건 · 20250907 ~ 20260827
2026-09-07 19:57:59    307180   134건 · 20250909 ~ 20260826
2026-09-07 19:58:01    307280    28건 · 20250912 ~ 20260818
2026-09-07 19:58:02    307750    39건 · 20250909 ~ 20260724
2026-09-07 19:58:04    307870    60건 · 20251001 ~ 20260901
2026-09-07 19:58:08    308080   115건 · 20250912 ~ 20260901
2026-09-07 19:58:12    308100   141건 · 20250914 ~ 20260904
2026-09-07 19:58:14    308170    25건 · 20251030 ~ 20260814
2026-09-07 19:58:15    308430    51건 · 20250907 ~ 20260730
2026-09-07 19:58:19    309930    95건 · 20250912 ~ 20260904
2026-09-07 19:58:24    309960   200건 · 20250920 ~ 20260907
2026-09-07 19:58:25    310200    26건 · 20250916 ~ 20260903
2026-09-07 19:58:27    310870    20건 · 20250929 ~ 20260907
2026-09-07 19:58:27    311390     9건 · 20250911 ~ 20260814
2026-09-07 19:58:30    311690    53건 · 20250910 ~ 20260901
2026-09-07 19:58:31    312610    26건 · 20260421 ~ 20260828
2026-09-07 19:58:34    313760   109건 · 20250909 ~ 20260904
2026-09-07 19:58:38    314130   149건 · 20250909 ~ 20260904
2026-09-07 19:58:41    314140    62건 · 20250909 ~ 20260904
2026-09-07 19:58:42    314930    29건 · 20251001 ~ 20260819
2026-09-07 19:58:47    315640   157건 · 20250908 ~ 20260907
2026-09-07 19:58:48    317120    27건 · 20250916 ~ 20260903
2026-09-07 19:58:51    317240   102건 · 20250917 ~ 20260902
2026-09-07 19:58:53    317330    38건 · 20250909 ~ 20260907
2026-09-07 19:58:58    317400   202건 · 20251209 ~ 20260903
2026-09-07 19:59:01    317530    69건 · 20251013 ~ 20260907
2026-09-07 19:59:03    317690    46건 · 20250915 ~ 20260902
2026-09-07 19:59:06    317770    72건 · 20250915 ~ 20260902
2026-09-07 19:59:07    317830    29건 · 20250915 ~ 20260706
2026-09-07 19:59:09    317850    20건 · 20250919 ~ 20260903
2026-09-07 19:59:10    317870    28건 · 20251021 ~ 20260821
2026-09-07 19:59:11    318000     3건 · 20260129 ~ 20260311
2026-09-07 19:59:12    318010    10건 · 20251118 ~ 20260819
2026-09-07 19:59:13    318020    36건 · 20250921 ~ 20260901
2026-09-07 19:59:17    318060   120건 · 20250907 ~ 20260901
2026-09-07 19:59:18    318160    18건 · 20250908 ~ 20260710
2026-09-07 19:59:18    318410     2건 · 20260204 ~ 20260204
2026-09-07 19:59:23    319400   201건 · 20260127 ~ 20260904
2026-09-07 19:59:25    320000    56건 · 20250910 ~ 20260901
2026-09-07 19:59:26    321260    17건 · 20250916 ~ 20260714
2026-09-07 19:59:29    321370   118건 · 20250916 ~ 20260904
2026-09-07 19:59:32    321550    87건 · 20250912 ~ 20260907
2026-09-07 19:59:33    321820    40건 · 20250915 ~ 20260902
2026-09-07 19:59:38    322000   201건 · 20260306 ~ 20260907
2026-09-07 19:59:40    322180    44건 · 20250909 ~ 20260717
2026-09-07 19:59:45    322510   177건 · 20250911 ~ 20260901
2026-09-07 19:59:48    322780    66건 · 20250908 ~ 20260907
2026-09-07 19:59:48    323230  뉴스 없음
2026-09-07 19:59:50    323280    61건 · 20250908 ~ 20260904
2026-09-07 19:59:51    323350    32건 · 20251105 ~ 20260813
2026-09-07 19:59:53    323990    64건 · 20250912 ~ 20260903
2026-09-07 19:59:55    328380    60건 · 20250910 ~ 20260907
2026-09-07 19:59:58    330350    69건 · 20250919 ~ 20260903
2026-09-07 20:00:02    330730   180건 · 20250910 ~ 20260901
2026-09-07 20:00:04    330860    32건 · 20250922 ~ 20260907
2026-09-07 20:00:07    331380    75건 · 20250919 ~ 20260826
2026-09-07 20:00:09    331520    61건 · 20251001 ~ 20260904
2026-09-07 20:00:13    331740    98건 · 20250915 ~ 20260902
2026-09-07 20:00:15    331920    29건 · 20250910 ~ 20260904
2026-09-07 20:00:16    332290    21건 · 20250915 ~ 20260818
2026-09-07 20:00:17    332370     3건 · 20251111 ~ 20251111
2026-09-07 20:00:18    332570    45건 · 20250908 ~ 20260826
2026-09-07 20:00:19    334890    30건 · 20251017 ~ 20260828
2026-09-07 20:00:21    334970    60건 · 20250908 ~ 20260825
2026-09-07 20:00:23    335810    29건 · 20251017 ~ 20260804
2026-09-07 20:00:23    335870    12건 · 20251028 ~ 20260712
2026-09-07 20:00:25    335890    30건 · 20250922 ~ 20260828
2026-09-07 20:00:26    336060    32건 · 20251125 ~ 20260902
2026-09-07 20:00:27    33626K    10건 · 20251015 ~ 20260907
2026-09-07 20:00:28    33626L     5건 · 20251028 ~ 20260907
2026-09-07 20:00:28    33637K    10건 · 20251112 ~ 20260831
2026-09-07 20:00:29    33637L     6건 · 20251112 ~ 20260209
2026-09-07 20:00:31    336680    44건 · 20250925 ~ 20260813
2026-09-07 20:00:36    337930   203건 · 20251105 ~ 20260907
2026-09-07 20:00:37    338100    12건 · 20251124 ~ 20260904
2026-09-07 20:00:41    338220   123건 · 20250908 ~ 20260905
2026-09-07 20:00:44    338840    88건 · 20250921 ~ 20260906
2026-09-07 20:00:49    339770   209건 · 20260508 ~ 20260906
2026-09-07 20:00:50    339950    24건 · 20251114 ~ 20260903
2026-09-07 20:00:53    340360    89건 · 20250911 ~ 20260907
2026-09-07 20:00:54    340440    27건 · 20251113 ~ 20260724
2026-09-07 20:00:56    340450    45건 · 20250908 ~ 20260814
2026-09-07 20:00:57    340570    19건 · 20250917 ~ 20260827
2026-09-07 20:00:58    340810    49건 · 20250919 ~ 20260907
2026-09-07 20:01:01    340930   104건 · 20250925 ~ 20260819
2026-09-07 20:01:02    342870    37건 · 20250909 ~ 20260826
2026-09-07 20:01:05    344820    93건 · 20250908 ~ 20260907
2026-09-07 20:01:07    344860    58건 · 20250918 ~ 20260706
2026-09-07 20:01:08    347000    26건 · 20251021 ~ 20260814
2026-09-07 20:01:13    347700   189건 · 20250929 ~ 20260904
2026-09-07 20:01:15    347740    40건 · 20250910 ~ 20260907
2026-09-07 20:01:15    347770     5건 · 20260313 ~ 20260723
2026-09-07 20:01:17    347860    50건 · 20250909 ~ 20260907
2026-09-07 20:01:19    347890    37건 · 20251029 ~ 20260818
2026-09-07 20:01:19    348030    11건 · 20251029 ~ 20260804
2026-09-07 20:01:21    348080    60건 · 20250912 ~ 20260820
2026-09-07 20:01:23    348150    35건 · 20250910 ~ 20260805
2026-09-07 20:01:28    348340   202건 · 20260125 ~ 20260907
2026-09-07 20:01:29    348350    29건 · 20250930 ~ 20260819
2026-09-07 20:01:30    350520    20건 · 20251030 ~ 20260901
2026-09-07 20:01:32    351320    52건 · 20251215 ~ 20260907
2026-09-07 20:01:33    351330    12건 · 20251016 ~ 20260714
2026-09-07 20:01:35    351870    43건 · 20250926 ~ 20260903
2026-09-07 20:01:35    352090    12건 · 20251126 ~ 20260901
2026-09-07 20:01:40    352480   140건 · 20250907 ~ 20260907
2026-09-07 20:01:41    352700    18건 · 20251103 ~ 20260715
2026-09-07 20:01:42    352770    33건 · 20250912 ~ 20260824
2026-09-07 20:01:44    352910    51건 · 20250911 ~ 20260902
2026-09-07 20:01:45    352940    20건 · 20260319 ~ 20260813
2026-09-07 20:01:46    353190    14건 · 20250918 ~ 20260826
2026-09-07 20:01:47    35320K    11건 · 20251010 ~ 20260512
2026-09-07 20:01:48    353590    15건 · 20251117 ~ 20260812
2026-09-07 20:01:49    353810    15건 · 20250910 ~ 20260609
2026-09-07 20:01:52    354200   106건 · 20250912 ~ 20260827
2026-09-07 20:01:53    354320    24건 · 20250930 ~ 20260518
2026-09-07 20:01:54    355150    20건 · 20251014 ~ 20260714
2026-09-07 20:01:59    355390   206건 · 20250907 ~ 20260904
2026-09-07 20:02:01    355690    56건 · 20251002 ~ 20260903
2026-09-07 20:02:06    356680   187건 · 20250908 ~ 20260907
2026-09-07 20:02:08    356890    80건 · 20250910 ~ 20260615
2026-09-07 20:02:11    357230    68건 · 20250908 ~ 20260902
2026-09-07 20:02:12    357250    10건 · 20251127 ~ 20260715
2026-09-07 20:02:14    357430    36건 · 20251207 ~ 20260821
2026-09-07 20:02:15    357580    24건 · 20250909 ~ 20260729
2026-09-07 20:02:18    357880   101건 · 20250910 ~ 20260907
2026-09-07 20:02:20    359090    57건 · 20251001 ~ 20260902
2026-09-07 20:02:22    360070    44건 · 20250910 ~ 20260713
2026-09-07 20:02:23    360350    30건 · 20250908 ~ 20260820
2026-09-07 20:02:25    361390    40건 · 20251114 ~ 20260904
2026-09-07 20:02:27    361570    20건 · 20250908 ~ 20260903
2026-09-07 20:02:28    361670     7건 · 20251021 ~ 20260512
2026-09-07 20:02:30    362320    44건 · 20250917 ~ 20260831
2026-09-07 20:02:31    362990    20건 · 20250922 ~ 20260629
2026-09-07 20:02:32    363250    15건 · 20260114 ~ 20260811
2026-09-07 20:02:34    363260    59건 · 20250916 ~ 20260820
2026-09-07 20:02:36    363280    44건 · 20250910 ~ 20260831
2026-09-07 20:02:37    364950    40건 · 20250925 ~ 20260830
2026-09-07 20:02:39    365270    65건 · 20250908 ~ 20260902
2026-09-07 20:02:41    365330    39건 · 20250908 ~ 20260903
2026-09-07 20:02:42    365590    26건 · 20251020 ~ 20260614
2026-09-07 20:02:47    365660   175건 · 20251020 ~ 20260907
2026-09-07 20:02:48    365900    20건 · 20250909 ~ 20260831
2026-09-07 20:02:52    367000   106건 · 20250912 ~ 20260907
2026-09-07 20:02:54    368600    54건 · 20250929 ~ 20260901
2026-09-07 20:02:55    368770    36건 · 20251113 ~ 20260810
2026-09-07 20:02:58    368970    97건 · 20250923 ~ 20260907
2026-09-07 20:03:00    369370    22건 · 20251112 ~ 20260626
2026-09-07 20:03:00    370090    15건 · 20251209 ~ 20260809
2026-09-07 20:03:01    371950    19건 · 20251216 ~ 20260907
2026-09-07 20:03:02    372170     8건 · 20250914 ~ 20260805
2026-09-07 20:03:04    372800    52건 · 20250919 ~ 20260901
2026-09-07 20:03:07    373110    92건 · 20250910 ~ 20260907
2026-09-07 20:03:12    373160   174건 · 20250909 ~ 20260904
2026-09-07 20:03:15    373170    67건 · 20250919 ~ 20260904
2026-09-07 20:03:16    373200    31건 · 20251015 ~ 20260807
2026-09-07 20:03:17    37550K     2건 · 20251107 ~ 20260320
2026-09-07 20:03:18    37550L     6건 · 20250929 ~ 20260623
2026-09-07 20:03:19    376180    29건 · 20250915 ~ 20260907
2026-09-07 20:03:20    376190     2건 · 20260521 ~ 20260803
2026-09-07 20:03:23    376270    79건 · 20250917 ~ 20260906
2026-09-07 20:03:24    376290     2건 · 20260514 ~ 20260616
2026-09-07 20:03:27    376930    93건 · 20250908 ~ 20260907
2026-09-07 20:03:32    376980   180건 · 20250911 ~ 20260831
2026-09-07 20:03:34    377030    89건 · 20250907 ~ 20260907
2026-09-07 20:03:36    377190    35건 · 20250912 ~ 20260901
2026-09-07 20:03:39    377220    96건 · 20251118 ~ 20260907
2026-09-07 20:03:39    377330    20건 · 20250925 ~ 20260702
2026-09-07 20:03:41    377460    33건 · 20251002 ~ 20260825
2026-09-07 20:03:46    377480   174건 · 20250909 ~ 20260826
2026-09-07 20:03:47    378340    39건 · 20250922 ~ 20260820
2026-09-07 20:03:50    378800    91건 · 20250911 ~ 20260904
2026-09-07 20:03:51    378850     4건 · 20250908 ~ 20251016
2026-09-07 20:03:52    380440  뉴스 없음
2026-09-07 20:03:54    380540    71건 · 20250909 ~ 20260529
2026-09-07 20:03:59    380550   145건 · 20250909 ~ 20260907
2026-09-07 20:04:01    381620    60건 · 20250912 ~ 20260904
2026-09-07 20:04:03    382150   100건 · 20250919 ~ 20260901
2026-09-07 20:04:06    382480    47건 · 20251017 ~ 20260814
2026-09-07 20:04:07    382800    33건 · 20250914 ~ 20260819
2026-09-07 20:04:08    382840     5건 · 20251210 ~ 20260529
2026-09-07 20:04:10    382900    57건 · 20250907 ~ 20260907
2026-09-07 20:04:12    383930    68건 · 20250908 ~ 20260824
2026-09-07 20:04:16    384470   114건 · 20250910 ~ 20260907
2026-09-07 20:04:18    387570    41건 · 20250907 ~ 20260903
2026-09-07 20:04:20    387690    86건 · 20260202 ~ 20260907
2026-09-07 20:04:22    388050    39건 · 20250907 ~ 20260827
2026-09-07 20:04:24    388610    46건 · 20250912 ~ 20260820
2026-09-07 20:04:28    388720   121건 · 20250907 ~ 20260814
2026-09-07 20:04:30    388790    46건 · 20250924 ~ 20260810
2026-09-07 20:04:34    388870   138건 · 20250918 ~ 20260902
2026-09-07 20:04:36    389020    50건 · 20250923 ~ 20260814
2026-09-07 20:04:38    389030    87건 · 20250908 ~ 20260907
2026-09-07 20:04:41    389140    82건 · 20250908 ~ 20260901
2026-09-07 20:04:44    389260    92건 · 20250922 ~ 20260819
2026-09-07 20:04:49    389470   201건 · 20251121 ~ 20260903
2026-09-07 20:04:52    389500   126건 · 20250917 ~ 20260825
2026-09-07 20:04:53    391060  뉴스 없음
2026-09-07 20:04:54    391710    32건 · 20250908 ~ 20260722
2026-09-07 20:04:59    393210   110건 · 20250908 ~ 20260902
2026-09-07 20:05:01    393970    73건 · 20250908 ~ 20260823
2026-09-07 20:05:04    394280    91건 · 20250910 ~ 20260901
2026-09-07 20:05:09    394420   193건 · 20250911 ~ 20260906
2026-09-07 20:05:13    394800   130건 · 20250909 ~ 20260907
2026-09-07 20:05:16    396270    89건 · 20250910 ~ 20260902
2026-09-07 20:05:18    396300    50건 · 20250912 ~ 20260903
2026-09-07 20:05:19    396690    29건 · 20251022 ~ 20260715
2026-09-07 20:05:24    397030   203건 · 20251208 ~ 20260907
2026-09-07 20:05:25    397810    40건 · 20250915 ~ 20260907
2026-09-07 20:05:28    399720    94건 · 20250908 ~ 20260906
2026-09-07 20:05:29    400760    20건 · 20250910 ~ 20260901
2026-09-07 20:05:34    402030   200건 · 20251110 ~ 20260906
2026-09-07 20:05:35    402490    45건 · 20250909 ~ 20260730
2026-09-07 20:05:37    403490    39건 · 20250908 ~ 20260825
2026-09-07 20:05:42    403850   205건 · 20251009 ~ 20260829
2026-09-07 20:05:43    404990    24건 · 20250924 ~ 20260831
2026-09-07 20:05:44    405000    28건 · 20251020 ~ 20260824
2026-09-07 20:05:48    405920    97건 · 20250909 ~ 20260905
2026-09-07 20:05:49    406820    56건 · 20251118 ~ 20260812
2026-09-07 20:05:51    407400    20건 · 20250918 ~ 20260819
2026-09-07 20:05:54    408470    95건 · 20250908 ~ 20260827
2026-09-07 20:05:55    408900    21건 · 20250922 ~ 20260827
2026-09-07 20:05:57    408920    53건 · 20250917 ~ 20260819
2026-09-07 20:05:59    411080    48건 · 20250910 ~ 20260828
2026-09-07 20:06:01    412350    86건 · 20250908 ~ 20260825
2026-09-07 20:06:02    412540    30건 · 20251002 ~ 20260827
2026-09-07 20:06:03    413390    20건 · 20251028 ~ 20260904
2026-09-07 20:06:06    413630    84건 · 20250908 ~ 20260907
2026-09-07 20:06:10    413640   105건 · 20250910 ~ 20260907
2026-09-07 20:06:11    415380    20건 · 20250908 ~ 20260901
2026-09-07 20:06:13    417010    35건 · 20250929 ~ 20260703
2026-09-07 20:06:15    417030    47건 · 20250926 ~ 20260907
2026-09-07 20:06:16    417180    20건 · 20250916 ~ 20260802
2026-09-07 20:06:19    417310    52건 · 20250922 ~ 20260826
2026-09-07 20:06:20    417500    14건 · 20251229 ~ 20260907
2026-09-07 20:06:21    417790    34건 · 20251001 ~ 20260819
2026-09-07 20:06:23    417860    45건 · 20250910 ~ 20260827
2026-09-07 20:06:24    418250    25건 · 20251106 ~ 20260824
2026-09-07 20:06:26    418420    27건 · 20250908 ~ 20260903
2026-09-07 20:06:30    418470   201건 · 20260317 ~ 20260907
2026-09-07 20:06:32    418550    30건 · 20251026 ~ 20260708
2026-09-07 20:06:34    418620    72건 · 20250929 ~ 20260904
2026-09-07 20:06:35    419050    31건 · 20251017 ~ 20260903
2026-09-07 20:06:36    419080    20건 · 20251114 ~ 20260724
2026-09-07 20:06:38    419120    38건 · 20250908 ~ 20260814
2026-09-07 20:06:43    419530   203건 · 20250915 ~ 20260827
2026-09-07 20:06:44    419540    33건 · 20250916 ~ 20260824
2026-09-07 20:06:45    420570    30건 · 20250912 ~ 20260902
2026-09-07 20:06:47    424960    52건 · 20250918 ~ 20260904
2026-09-07 20:06:48    424980    17건 · 20250917 ~ 20260605
2026-09-07 20:06:50    425420    59건 · 20250909 ~ 20260902
2026-09-07 20:06:52    429270    40건 · 20250915 ~ 20260907
2026-09-07 20:06:54    430690    45건 · 20250910 ~ 20260825
2026-09-07 20:06:56    431190    54건 · 20250908 ~ 20260818
2026-09-07 20:06:57    432430    17건 · 20250916 ~ 20260731
2026-09-07 20:07:00    432470    79건 · 20250910 ~ 20260903
2026-09-07 20:07:03    432720    73건 · 20250909 ~ 20260709
2026-09-07 20:07:04    432980    15건 · 20251128 ~ 20260706
2026-09-07 20:07:06    434480    82건 · 20250907 ~ 20260828
2026-09-07 20:07:08    435570    48건 · 20250916 ~ 20260828
2026-09-07 20:07:10    437730    66건 · 20250908 ~ 20260907
2026-09-07 20:07:11    438700    20건 · 20251013 ~ 20260901
2026-09-07 20:07:13    439580    42건 · 20250908 ~ 20260901
2026-09-07 20:07:17    440290   103건 · 20250912 ~ 20260828
2026-09-07 20:07:18    440320    33건 · 20251017 ~ 20260907
2026-09-07 20:07:21    441270    85건 · 20250908 ~ 20260907
2026-09-07 20:07:22    442900     1건 · 20251010 ~ 20251010
2026-09-07 20:07:24    443250    49건 · 20250909 ~ 20260729
2026-09-07 20:07:26    443670    53건 · 20250910 ~ 20260907
2026-09-07 20:07:29    444530    74건 · 20250917 ~ 20260825
2026-09-07 20:07:32    445090    92건 · 20250908 ~ 20260906
2026-09-07 20:07:34    445680    75건 · 20250911 ~ 20260827
2026-09-07 20:07:35    446070    17건 · 20250915 ~ 20260622
2026-09-07 20:07:36    446540    20건 · 20250915 ~ 20260811
2026-09-07 20:07:38    446840    23건 · 20250924 ~ 20260828
2026-09-07 20:07:39    448710    28건 · 20251022 ~ 20260826
2026-09-07 20:07:42    448900   114건 · 20250908 ~ 20260819
2026-09-07 20:07:47    450140   201건 · 20250909 ~ 20260901
2026-09-07 20:07:49    45014K    48건 · 20250911 ~ 20251216
2026-09-07 20:07:49    450330    10건 · 20251125 ~ 20260812
2026-09-07 20:07:53    450520    71건 · 20250908 ~ 20260821
2026-09-07 20:07:54    451220    25건 · 20250911 ~ 20260903
2026-09-07 20:07:56    451760    74건 · 20250930 ~ 20260824
2026-09-07 20:07:57    452160    11건 · 20251230 ~ 20260526
2026-09-07 20:07:59    452190    42건 · 20251028 ~ 20260722
2026-09-07 20:08:00    452200    23건 · 20251016 ~ 20260707
2026-09-07 20:08:05    452260   209건 · 20260513 ~ 20260907
2026-09-07 20:08:06    452280    39건 · 20250911 ~ 20260713
2026-09-07 20:08:11    452300   119건 · 20250908 ~ 20260907
2026-09-07 20:08:12    452400     3건 · 20250915 ~ 20251223
2026-09-07 20:08:13    452430    57건 · 20250919 ~ 20260824
2026-09-07 20:08:15    452450    53건 · 20250916 ~ 20260902
2026-09-07 20:08:18    453450    59건 · 20250915 ~ 20260901
2026-09-07 20:08:20    455180    61건 · 20250908 ~ 20260807
2026-09-07 20:08:25    456010   150건 · 20250910 ~ 20260907
2026-09-07 20:08:27    456070    84건 · 20250908 ~ 20260826
2026-09-07 20:08:28    457370    12건 · 20250916 ~ 20260618
2026-09-07 20:08:30    457600    38건 · 20250916 ~ 20260904
2026-09-07 20:08:33    458350    99건 · 20260120 ~ 20260907
2026-09-07 20:08:38    458870   203건 · 20260112 ~ 20260907
2026-09-07 20:08:39    459100    35건 · 20250911 ~ 20260803
2026-09-07 20:08:43    459510   150건 · 20250907 ~ 20260907
2026-09-07 20:08:48    459550   184건 · 20250907 ~ 20260907
2026-09-07 20:08:49    460470    32건 · 20251027 ~ 20260824
2026-09-07 20:08:54    460850   212건 · 20251031 ~ 20260814
2026-09-07 20:08:55    460870    28건 · 20250908 ~ 20260810
2026-09-07 20:08:56    460940    36건 · 20251020 ~ 20260801
2026-09-07 20:08:58    461030    43건 · 20250908 ~ 20260901
2026-09-07 20:08:59    462310    25건 · 20250926 ~ 20260818
2026-09-07 20:09:04    462350   208건 · 20260331 ~ 20260907
2026-09-07 20:09:07    462510    80건 · 20250911 ~ 20260828
2026-09-07 20:09:08    462520     3건 · 20250924 ~ 20250925
2026-09-07 20:09:10    462860    45건 · 20250912 ~ 20260904
2026-09-07 20:09:12    462980    44건 · 20250909 ~ 20260822
2026-09-07 20:09:14    463020    60건 · 20250910 ~ 20260902
2026-09-07 20:09:16    463480    43건 · 20250925 ~ 20260813
2026-09-07 20:09:20    464080   133건 · 20250908 ~ 20260904
2026-09-07 20:09:21    464280    19건 · 20251104 ~ 20260819
2026-09-07 20:09:26    464490   163건 · 20250917 ~ 20260805
2026-09-07 20:09:28    464500    40건 · 20250917 ~ 20260831
2026-09-07 20:09:29    464580    34건 · 20250909 ~ 20260821
2026-09-07 20:09:31    465480    35건 · 20250912 ~ 20260907
2026-09-07 20:09:35    465770   149건 · 20251022 ~ 20260907
2026-09-07 20:09:39    466100   167건 · 20250908 ~ 20260902
2026-09-07 20:09:41    466410    69건 · 20250909 ~ 20260831
2026-09-07 20:09:42    466910    13건 · 20260205 ~ 20260814
2026-09-07 20:09:47    468530   201건 · 20251001 ~ 20260903
2026-09-07 20:09:52    469610   201건 · 20251012 ~ 20260907
2026-09-07 20:09:53    469750    37건 · 20250911 ~ 20260904
2026-09-07 20:09:54    471820    17건 · 20250908 ~ 20260814
2026-09-07 20:09:57    472850    85건 · 20250910 ~ 20260902
2026-09-07 20:10:00    473980    68건 · 20250917 ~ 20260904
2026-09-07 20:10:02    474610    57건 · 20250907 ~ 20260904
2026-09-07 20:10:06    474650   115건 · 20250908 ~ 20260904
2026-09-07 20:10:10    475040   200건 · 20250917 ~ 20260907
2026-09-07 20:10:12    475230    31건 · 20250908 ~ 20260819
2026-09-07 20:10:15    475400    81건 · 20250917 ~ 20260906
2026-09-07 20:10:16    475430    28건 · 20250930 ~ 20260626
2026-09-07 20:10:17    475460    44건 · 20250918 ~ 20260905
2026-09-07 20:10:22    475560   205건 · 20260629 ~ 20260907
2026-09-07 20:10:24    475580    57건 · 20250908 ~ 20260827
2026-09-07 20:10:25    475660     7건 · 20260121 ~ 20260601
2026-09-07 20:10:28    475960    75건 · 20250909 ~ 20260901
2026-09-07 20:10:32    476040   120건 · 20250907 ~ 20260904
2026-09-07 20:10:36    476060   208건 · 20260205 ~ 20260906
2026-09-07 20:10:38    476080    40건 · 20251104 ~ 20260907
2026-09-07 20:10:43    478340   200건 · 20251211 ~ 20260904
2026-09-07 20:10:44    478560    29건 · 20251014 ~ 20260827
2026-09-07 20:10:45    479960    32건 · 20251023 ~ 20260814
2026-09-07 20:10:47    480370    42건 · 20250909 ~ 20260904
2026-09-07 20:10:49    481850    35건 · 20251030 ~ 20260821
2026-09-07 20:10:53    483350   129건 · 20250912 ~ 20260907
2026-09-07 20:10:54    484120    36건 · 20250930 ~ 20260828
2026-09-07 20:10:57    484810   106건 · 20250907 ~ 20260907
2026-09-07 20:11:00    487400    80건 · 20251120 ~ 20260901
2026-09-07 20:11:05    487570   211건 · 20260330 ~ 20260906
2026-09-07 20:11:08    487580    89건 · 20251201 ~ 20260901
2026-09-07 20:11:12    488280   201건 · 20251104 ~ 20260903
2026-09-07 20:11:14    489460    46건 · 20250911 ~ 20260907
2026-09-07 20:11:16    493330    33건 · 20250917 ~ 20260901
2026-09-07 20:11:20    494120   202건 · 20251029 ~ 20260828
2026-09-07 20:11:21    900010  뉴스 없음
2026-09-07 20:11:21    900020  뉴스 없음
2026-09-07 20:11:22    900040  뉴스 없음
2026-09-07 20:11:22    900050  뉴스 없음
2026-09-07 20:11:23    900060  뉴스 없음
2026-09-07 20:11:24    900070    20건 · 20260211 ~ 20260901
2026-09-07 20:11:24    900080  뉴스 없음
2026-09-07 20:11:25    900090  뉴스 없음
2026-09-07 20:11:26    900100    56건 · 20250909 ~ 20260904
2026-09-07 20:11:28    900110    23건 · 20251005 ~ 20260802
2026-09-07 20:11:29    900120    31건 · 20251016 ~ 20260805
2026-09-07 20:11:29    900130  뉴스 없음
2026-09-07 20:11:31    900140    38건 · 20250928 ~ 20260907
2026-09-07 20:11:31    900150  뉴스 없음
2026-09-07 20:11:32    900180  뉴스 없음
2026-09-07 20:11:33    900250    29건 · 20250918 ~ 20260907
2026-09-07 20:11:34    900260    23건 · 20251114 ~ 20260304
2026-09-07 20:11:36    900270    54건 · 20250922 ~ 20260826
2026-09-07 20:11:37    900280     3건 · 20250930 ~ 20251105
2026-09-07 20:11:38    900290     3건 · 20260119 ~ 20260805
2026-09-07 20:11:41    900300   102건 · 20251017 ~ 20260902
2026-09-07 20:11:42    900310    30건 · 20250908 ~ 20260818
2026-09-07 20:11:43    900340    24건 · 20251117 ~ 20260825
2026-09-07 20:11:44    950070  뉴스 없음
2026-09-07 20:11:44    950100  뉴스 없음
2026-09-07 20:11:45    950110     3건 · 20251215 ~ 20260827
2026-09-07 20:11:46    950130    37건 · 20250926 ~ 20260727
2026-09-07 20:11:49    950140    63건 · 20250911 ~ 20260907
2026-09-07 20:11:50    950170    21건 · 20250912 ~ 20260831
2026-09-07 20:11:51    950190    35건 · 20250926 ~ 20260828
2026-09-07 20:11:53    950200    36건 · 20251111 ~ 20260904
2026-09-07 20:11:56    950220   115건 · 20250908 ~ 20260904
2026-09-07 20:12:01    950250   151건 · 20250918 ~ 20260904
2026-09-07 20:12:01    끝 · 받음 2250 · 빈 것 328
2026-09-08 19:42:41    시총 500~2,000억에 한 번이라도 든 종목 2754개를 받는다
2026-09-08 19:42:41  ===== 종목뉴스 수집 (네이버 금융) · 2754종목 · 최대 3쪽 =====
2026-09-08 19:42:43    000020   205건 · 20260908 ~ 20260101
2026-09-08 19:42:44    000040    39건 · 20260908 ~ 20250915
2026-09-08 19:42:46    000050    59건 · 20260813 ~ 20250918
2026-09-08 19:42:47    000105     1건 · 20260724 ~ 20260724
2026-09-08 19:42:48    000140    31건 · 20260820 ~ 20250910
2026-09-08 19:42:50    000155    60건 · 20260901 ~ 20250908
2026-09-08 19:42:51    000157    26건 · 20260831 ~ 20250908
2026-09-08 19:42:52    000180    16건 · 20260713 ~ 20250918
2026-09-08 19:42:54    0001A0   119건 · 20260907 ~ 20250915
2026-09-08 19:42:55    000215     4건 · 20260320 ~ 20251028
2026-09-08 19:42:56    000220   141건 · 20260908 ~ 20250913
2026-09-08 19:42:58    000230    72건 · 20260513 ~ 20250908
2026-09-08 19:43:00    000250   209건 · 20260908 ~ 20260721
2026-09-08 19:43:01    000300    15건 · 20260504 ~ 20251031
2026-09-08 19:43:02    000320    37건 · 20260720 ~ 20250908
2026-09-08 19:43:02    000360  뉴스 없음
2026-09-08 19:43:04    000370   205건 · 20260908 ~ 20260525
2026-09-08 19:43:06    000390   213건 · 20260907 ~ 20260311
2026-09-08 19:43:07    000400   208건 · 20260908 ~ 20260604
2026-09-08 19:43:08    000420  뉴스 없음
2026-09-08 19:43:09    000430    39건 · 20260908 ~ 20250916
2026-09-08 19:43:11    000440   189건 · 20260902 ~ 20250917
2026-09-08 19:43:11    000470  뉴스 없음
2026-09-08 19:43:12    000480    19건 · 20260814 ~ 20250925
2026-09-08 19:43:14    000490   208건 · 20260907 ~ 20250910
2026-09-08 19:43:15    0004V0    65건 · 20260907 ~ 20250915
2026-09-08 19:43:17    000500   206건 · 20260908 ~ 20260618
2026-09-08 19:43:19    000520    92건 · 20260901 ~ 20250926
2026-09-08 19:43:20    000540   206건 · 20260908 ~ 20260223
2026-09-08 19:43:21    000590     6건 · 20260819 ~ 20260202
2026-09-08 19:43:22    000610  뉴스 없음
2026-09-08 19:43:23    000650   194건 · 20260720 ~ 20251118
2026-09-08 19:43:25    000680    47건 · 20260901 ~ 20250910
2026-09-08 19:43:26    000700     9건 · 20260421 ~ 20260120
2026-09-08 19:43:27    000725    11건 · 20260804 ~ 20251027
2026-09-08 19:43:28    000760    35건 · 20260805 ~ 20251128
2026-09-08 19:43:30    0007C0   148건 · 20260904 ~ 20250910
2026-09-08 19:43:32    0007J0   185건 · 20260903 ~ 20251002
2026-09-08 19:43:32    000800  뉴스 없음
2026-09-08 19:43:33    000835  뉴스 없음
2026-09-08 19:43:34    000850    16건 · 20260630 ~ 20251014
2026-09-08 19:43:35    000860    70건 · 20260824 ~ 20250912
2026-09-08 19:43:36    00088K     7건 · 20251027 ~ 20260901
2026-09-08 19:43:38    000890    86건 · 20260903 ~ 20250916
2026-09-08 19:43:39    0008Z0    59건 · 20260901 ~ 20250909
2026-09-08 19:43:41    000910    48건 · 20260828 ~ 20251010
2026-09-08 19:43:42    000950   181건 · 20260908 ~ 20250910
2026-09-08 19:43:44    000970     5건 · 20260224 ~ 20250925
2026-09-08 19:43:45    000990   207건 · 20260908 ~ 20260413
2026-09-08 19:43:46    001000    20건 · 20260820 ~ 20251106
2026-09-08 19:43:48    001020    40건 · 20260901 ~ 20250930
2026-09-08 19:43:49    001045     3건 · 20260115 ~ 20250929
2026-09-08 19:43:50    00104K     1건 · 20260518 ~ 20260518
2026-09-08 19:43:51    001060   203건 · 20260908 ~ 20260423
2026-09-08 19:43:53    001070    45건 · 20260907 ~ 20250916
2026-09-08 19:43:55    001080    86건 · 20260907 ~ 20250909
2026-09-08 19:43:56    0010F0    37건 · 20260908 ~ 20250917
2026-09-08 19:43:57    0010V0    38건 · 20260828 ~ 20250908
2026-09-08 19:43:59    001130   203건 · 20260908 ~ 20260221
2026-09-08 19:44:00    001140    16건 · 20260619 ~ 20260123
2026-09-08 19:44:02    0011A0   189건 · 20260908 ~ 20250919
2026-09-08 19:44:03    0011T0   202건 · 20260904 ~ 20260225
2026-09-08 19:44:05    001200   224건 · 20260908 ~ 20260819
2026-09-08 19:44:06    001210   111건 · 20260908 ~ 20250926
2026-09-08 19:44:08    001230   212건 · 20260903 ~ 20260402
2026-09-08 19:44:09    001250   166건 · 20260908 ~ 20250908
2026-09-08 19:44:11    001260   199건 · 20260907 ~ 20250910
2026-09-08 19:44:13    001270   202건 · 20260831 ~ 20260121
2026-09-08 19:44:14    001275    20건 · 20260312 ~ 20250928
2026-09-08 19:44:16    001290   204건 · 20260908 ~ 20260714
2026-09-08 19:44:16    001310  뉴스 없음
2026-09-08 19:44:17    001340    18건 · 20260814 ~ 20250923
2026-09-08 19:44:19    001360    62건 · 20260831 ~ 20251003
2026-09-08 19:44:20    001380    12건 · 20260512 ~ 20251012
2026-09-08 19:44:21    001390    91건 · 20260902 ~ 20250910
2026-09-08 19:44:23    0013V0   201건 · 20260906 ~ 20251201
2026-09-08 19:44:24    001420    23건 · 20260902 ~ 20251023
2026-09-08 19:44:26    001430    60건 · 20260422 ~ 20260908
2026-09-08 19:44:27    001440   213건 · 20260908 ~ 20260611
2026-09-08 19:44:29    001460    58건 · 20260824 ~ 20250912
2026-09-08 19:44:30    001465     3건 · 20260205 ~ 20250928
2026-09-08 19:44:31    001470   143건 · 20260831 ~ 20250908
2026-09-08 19:44:33    001500   213건 · 20260908 ~ 20260806
2026-09-08 19:44:35    001510    60건 · 20260901 ~ 20260908
2026-09-08 19:44:36    001520    85건 · 20260907 ~ 20250917
2026-09-08 19:44:38    001530   133건 · 20260906 ~ 20250912
2026-09-08 19:44:39    001540    91건 · 20260908 ~ 20250909
2026-09-08 19:44:41    001550    76건 · 20260907 ~ 20250910
2026-09-08 19:44:42    001560    19건 · 20260413 ~ 20250918
2026-09-08 19:44:43    001570   113건 · 20260904 ~ 20250911
2026-09-08 19:44:45    0015G0   202건 · 20260908 ~ 20251001
2026-09-08 19:44:46    0015N0   200건 · 20260907 ~ 20251113
2026-09-08 19:44:48    0015S0   144건 · 20260903 ~ 20250911
2026-09-08 19:44:49    001620    30건 · 20260722 ~ 20250911
2026-09-08 19:44:51    001630   114건 · 20260831 ~ 20250910
2026-09-08 19:44:51    001725  뉴스 없음
2026-09-08 19:44:53    001750   200건 · 20260904 ~ 20260617
2026-09-08 19:44:54    001770    13건 · 20260908 ~ 20260107
2026-09-08 19:44:56    001780    45건 · 20260723 ~ 20250910
2026-09-08 19:44:57    001790   197건 · 20260904 ~ 20251119
2026-09-08 19:44:59    0017J0    54건 · 20260901 ~ 20251117
2026-09-08 19:45:00    001810    49건 · 20260818 ~ 20251113
2026-09-08 19:45:02    001820   144건 · 20260902 ~ 20250909
2026-09-08 19:45:03    001840    29건 · 20260615 ~ 20250929
2026-09-08 19:45:05    001880   138건 · 20260907 ~ 20250915
2026-09-08 19:45:06    001940    27건 · 20260830 ~ 20250912
2026-09-08 19:45:06    002000  뉴스 없음
2026-09-08 19:45:08    002020   203건 · 20260908 ~ 20260318
2026-09-08 19:45:09    002025    12건 · 20260721 ~ 20250910
2026-09-08 19:45:10    002030    17건 · 20260708 ~ 20250909
2026-09-08 19:45:12    002070    49건 · 20260831 ~ 20250930
2026-09-08 19:45:13    002100    23건 · 20260907 ~ 20250910
2026-09-08 19:45:14    002140    29건 · 20260902 ~ 20251015
2026-09-08 19:45:16    002150    49건 · 20260819 ~ 20250910
2026-09-08 19:45:17    002170    42건 · 20260828 ~ 20250921
2026-09-08 19:45:19    002200    20건 · 20260526 ~ 20251113
2026-09-08 19:45:20    002210   203건 · 20260908 ~ 20251015
2026-09-08 19:45:21    002220    12건 · 20260803 ~ 20250923
2026-09-08 19:45:23    002230    37건 · 20260831 ~ 20250917
2026-09-08 19:45:23    002250  뉴스 없음
2026-09-08 19:45:24    002290     4건 · 20251203 ~ 20251203
2026-09-08 19:45:25    002300  뉴스 없음
2026-09-08 19:45:26    002310    48건 · 20260816 ~ 20250909
2026-09-08 19:45:28    002320   208건 · 20260908 ~ 20260407
2026-09-08 19:45:29    002355  뉴스 없음
2026-09-08 19:45:30    002360    37건 · 20260813 ~ 20260212
2026-09-08 19:45:32    002390   102건 · 20260908 ~ 20250909
2026-09-08 19:45:33    002410    49건 · 20260905 ~ 20250924
2026-09-08 19:45:35    002420    20건 · 20260831 ~ 20251105
2026-09-08 19:45:36    002450    25건 · 20260830 ~ 20251029
2026-09-08 19:45:37    002460   180건 · 20260908 ~ 20250908
2026-09-08 19:45:38    002530  뉴스 없음
2026-09-08 19:45:39    002600     5건 · 20260702 ~ 20251209
2026-09-08 19:45:40    002620    26건 · 20260903 ~ 20250924
2026-09-08 19:45:42    002630    60건 · 20260901 ~ 20250925
2026-09-08 19:45:42    002670  뉴스 없음
2026-09-08 19:45:44    002680    75건 · 20260908 ~ 20250915
2026-09-08 19:45:45    002690    19건 · 20260629 ~ 20250912
2026-09-08 19:45:46    002700   178건 · 20260908 ~ 20250917
2026-09-08 19:45:48    002710    75건 · 20260904 ~ 20250912
2026-09-08 19:45:50    002720    35건 · 20260825 ~ 20251021
2026-09-08 19:45:51    002760    15건 · 20260506 ~ 20251208
2026-09-08 19:45:52    002780   149건 · 20260908 ~ 20250925
2026-09-08 19:45:53    002795     8건 · 20260209 ~ 20251107
2026-09-08 19:45:54    002797  뉴스 없음
2026-09-08 19:45:55    00279K     5건 · 20260209 ~ 20251107
2026-09-08 19:45:56    002800    58건 · 20260906 ~ 20250917
2026-09-08 19:45:57    002810     6건 · 20260527 ~ 20250922
2026-09-08 19:45:59    002820    33건 · 20260907 ~ 20251112
2026-09-08 19:46:00    002840    19건 · 20260730 ~ 20251209
2026-09-08 19:46:01    002870     7건 · 20260709 ~ 20251106
2026-09-08 19:46:02    002880    37건 · 20260818 ~ 20251001
2026-09-08 19:46:04    002900   138건 · 20260904 ~ 20250918
2026-09-08 19:46:05    002920     1건 · 20251129 ~ 20251129
2026-09-08 19:46:06    002960    20건 · 20260907 ~ 20250908
2026-09-08 19:46:07    002990   202건 · 20260908 ~ 20260630
2026-09-08 19:46:09    003010    31건 · 20260907 ~ 20250911
2026-09-08 19:46:10    003030   160건 · 20260903 ~ 20250908
2026-09-08 19:46:12    003060    70건 · 20260904 ~ 20250908
2026-09-08 19:46:14    003070   207건 · 20260908 ~ 20260416
2026-09-08 19:46:15    003080    20건 · 20260824 ~ 20251020
2026-09-08 19:46:16    003090    39건 · 20260729 ~ 20250918
2026-09-08 19:46:18    003100    20건 · 20260710 ~ 20250925
2026-09-08 19:46:19    003120    60건 · 20260812 ~ 20250907
2026-09-08 19:46:21    003160   105건 · 20260902 ~ 20250917
2026-09-08 19:46:21    003190  뉴스 없음
2026-09-08 19:46:23    003200   189건 · 20260908 ~ 20250917
2026-09-08 19:46:24    003220   201건 · 20260905 ~ 20260128
2026-09-08 19:46:26    003230   215건 · 20260908 ~ 20260731
2026-09-08 19:46:28    003280   202건 · 20260907 ~ 20260303
2026-09-08 19:46:29    003300    45건 · 20260709 ~ 20250911
2026-09-08 19:46:31    003310    40건 · 20260720 ~ 20250926
2026-09-08 19:46:32    003350    23건 · 20260907 ~ 20251002
2026-09-08 19:46:33    003415  뉴스 없음
2026-09-08 19:46:33    00341A  뉴스 없음
2026-09-08 19:46:35    003460    56건 · 20260907 ~ 20250911
2026-09-08 19:46:36    003465    20건 · 20260903 ~ 20251209
2026-09-08 19:46:37    003475     3건 · 20260507 ~ 20260219
2026-09-08 19:46:38    003480     8건 · 20260812 ~ 20250911
2026-09-08 19:46:39    003495    10건 · 20260821 ~ 20251105
2026-09-08 19:46:40    003520    25건 · 20260831 ~ 20251002
2026-09-08 19:46:42    003530   217건 · 20260908 ~ 20260820
2026-09-08 19:46:43    003535    28건 · 20260526 ~ 20250929
2026-09-08 19:46:44    003545     3건 · 20260327 ~ 20260213
2026-09-08 19:46:45    003547     5건 · 20260223 ~ 20260213
2026-09-08 19:46:46    003555    21건 · 20260624 ~ 20251205
2026-09-08 19:46:47    003560    13건 · 20260709 ~ 20251104
2026-09-08 19:46:49    003570   123건 · 20260908 ~ 20250908
2026-09-08 19:46:51    003580   149건 · 20260908 ~ 20250915
2026-09-08 19:46:51    003605  뉴스 없음
2026-09-08 19:46:52    003610    18건 · 20260621 ~ 20250909
2026-09-08 19:46:54    003620   206건 · 20260908 ~ 20260715
2026-09-08 19:46:54    003640  뉴스 없음
2026-09-08 19:46:55    003650    10건 · 20260901 ~ 20260106
2026-09-08 19:46:57    003680   166건 · 20260907 ~ 20250917
2026-09-08 19:46:58    003720    49건 · 20260831 ~ 20250908
2026-09-08 19:47:00    003780    28건 · 20260722 ~ 20260112
2026-09-08 19:47:01    003800   203건 · 20260907 ~ 20260130
2026-09-08 19:47:03    003830    55건 · 20260906 ~ 20250910
2026-09-08 19:47:04    003850   203건 · 20260908 ~ 20250911
2026-09-08 19:47:06    003920   207건 · 20260908 ~ 20260601
2026-09-08 19:47:07    003925    12건 · 20260316 ~ 20250915
2026-09-08 19:47:07    003940  뉴스 없음
2026-09-08 19:47:09    003960   173건 · 20260908 ~ 20250907
2026-09-08 19:47:10    0039P0    98건 · 20260908 ~ 20250922
2026-09-08 19:47:12    004060    44건 · 20260414 ~ 20251010
2026-09-08 19:47:13    004080    37건 · 20260824 ~ 20250915
2026-09-08 19:47:15    004090    92건 · 20260727 ~ 20250917
2026-09-08 19:47:16    004100    23건 · 20260723 ~ 20250930
2026-09-08 19:47:17    004130  뉴스 없음
2026-09-08 19:47:18    004140    45건 · 20260907 ~ 20250926
2026-09-08 19:47:20    004150    63건 · 20260904 ~ 20250908
2026-09-08 19:47:20    004200  뉴스 없음
2026-09-08 19:47:21    004250    15건 · 20260507 ~ 20250930
2026-09-08 19:47:23    004270    31건 · 20260813 ~ 20250916
2026-09-08 19:47:24    004310   211건 · 20260908 ~ 20251206
2026-09-08 19:47:25    004320  뉴스 없음
2026-09-08 19:47:26    004360    38건 · 20260828 ~ 20250909
2026-09-08 19:47:27    004367  뉴스 없음
2026-09-08 19:47:28    004380    29건 · 20260707 ~ 20250921
2026-09-08 19:47:30    004410    69건 · 20260818 ~ 20250912
2026-09-08 19:47:31    004430     6건 · 20260821 ~ 20251031
2026-09-08 19:47:32    004440    41건 · 20260709 ~ 20250918
2026-09-08 19:47:33    004450    15건 · 20260616 ~ 20250930
2026-09-08 19:47:35    004540   212건 · 20260907 ~ 20260305
2026-09-08 19:47:35    004550  뉴스 없음
2026-09-08 19:47:37    004560    61건 · 20260818 ~ 20250904
2026-09-08 19:47:38    004590    20건 · 20260824 ~ 20250928
2026-09-08 19:47:39    004620  뉴스 없음
2026-09-08 19:47:40    004650    20건 · 20260825 ~ 20260106
2026-09-08 19:47:41    004700    17건 · 20260223 ~ 20250909
2026-09-08 19:47:42    004710   121건 · 20260904 ~ 20250924
2026-09-08 19:47:44    004720    58건 · 20260818 ~ 20250915
2026-09-08 19:47:45    004740  뉴스 없음
2026-09-08 19:47:45    004770    12건 · 20260907 ~ 20260603
2026-09-08 19:47:46    004780     3건 · 20260715 ~ 20251229
2026-09-08 19:47:47    004790  뉴스 없음
2026-09-08 19:47:48    004830    10건 · 20260715 ~ 20251106
2026-09-08 19:47:49    004835    15건 · 20260604 ~ 20251001
2026-09-08 19:47:50    004840    26건 · 20260901 ~ 20250908
2026-09-08 19:47:52    004870   106건 · 20260904 ~ 20250919
2026-09-08 19:47:53    004890    43건 · 20260818 ~ 20250916
2026-09-08 19:47:55    004910    73건 · 20260907 ~ 20250908
2026-09-08 19:47:56    004920    45건 · 20260903 ~ 20250918
2026-09-08 19:47:58    004960   201건 · 20260831 ~ 20251031
2026-09-08 19:47:59    004970    10건 · 20260904 ~ 20251110
2026-09-08 19:48:00    004980    74건 · 20260831 ~ 20250908
2026-09-08 19:48:01    00499K     4건 · 20260831 ~ 20250930
2026-09-08 19:48:03    005010    48건 · 20260903 ~ 20250915
2026-09-08 19:48:04    005030    20건 · 20260706 ~ 20250908
2026-09-08 19:48:06    005070    91건 · 20260908 ~ 20250917
2026-09-08 19:48:07    005090   129건 · 20260908 ~ 20250923
2026-09-08 19:48:09    005110    45건 · 20260820 ~ 20250912
2026-09-08 19:48:10    005160    16건 · 20260730 ~ 20250908
2026-09-08 19:48:11    005190  뉴스 없음
2026-09-08 19:48:11    005255  뉴스 없음
2026-09-08 19:48:12    005257    10건 · 20260825 ~ 20250928
2026-09-08 19:48:14    005290   201건 · 20260904 ~ 20251001
2026-09-08 19:48:15    005305     1건 · 20251211 ~ 20251211
2026-09-08 19:48:16    005320    39건 · 20260902 ~ 20251023
2026-09-08 19:48:18    005360   202건 · 20260906 ~ 20250912
2026-09-08 19:48:19    005389    30건 · 20260904 ~ 20251017
2026-09-08 19:48:21    005390   170건 · 20260908 ~ 20250910
2026-09-08 19:48:22    005420    35건 · 20260908 ~ 20250917
2026-09-08 19:48:23    005430    21건 · 20260902 ~ 20250909
2026-09-08 19:48:25    005440    60건 · 20260626 ~ 20260908
2026-09-08 19:48:26    005450  뉴스 없음
2026-09-08 19:48:27    005500   201건 · 20260907 ~ 20251119
2026-09-08 19:48:28    005560  뉴스 없음
2026-09-08 19:48:29    005610   203건 · 20260908 ~ 20260310
2026-09-08 19:48:30    005620  뉴스 없음
2026-09-08 19:48:31    005670    18건 · 20260509 ~ 20251215
2026-09-08 19:48:32    005680    31건 · 20260805 ~ 20251021
2026-09-08 19:48:34    005690   121건 · 20260824 ~ 20250911
2026-09-08 19:48:35    005710    38건 · 20260908 ~ 20250914
2026-09-08 19:48:36    005720    15건 · 20260709 ~ 20250911
2026-09-08 19:48:37    005740    14건 · 20260828 ~ 20251104
2026-09-08 19:48:39    005750    44건 · 20260907 ~ 20250912
2026-09-08 19:48:40    005800    22건 · 20260902 ~ 20251001
2026-09-08 19:48:42    005810    71건 · 20260904 ~ 20250916
2026-09-08 19:48:43    005820     8건 · 20260907 ~ 20260223
2026-09-08 19:48:44    005860    31건 · 20260902 ~ 20251015
2026-09-08 19:48:45    005870    57건 · 20260729 ~ 20250924
2026-09-08 19:48:47    005880   201건 · 20260907 ~ 20251211
2026-09-08 19:48:48    005900  뉴스 없음
2026-09-08 19:48:49    005945    12건 · 20260819 ~ 20260122
2026-09-08 19:48:50    005950    96건 · 20260824 ~ 20251022
2026-09-08 19:48:52    005960   200건 · 20260907 ~ 20260407
2026-09-08 19:48:52    005980  뉴스 없음
2026-09-08 19:48:54    005990    34건 · 20260819 ~ 20250915
2026-09-08 19:48:55    006050    17건 · 20260812 ~ 20251015
2026-09-08 19:48:56    006060    25건 · 20260728 ~ 20251111
2026-09-08 19:48:57    006090    20건 · 20260904 ~ 20250923
2026-09-08 19:48:58    006110   103건 · 20260902 ~ 20250917
2026-09-08 19:48:59    006125  뉴스 없음
2026-09-08 19:49:00    006140     5건 · 20260317 ~ 20260106
2026-09-08 19:49:01    006200    31건 · 20260817 ~ 20250923
2026-09-08 19:49:03    006220   204건 · 20260908 ~ 20260403
2026-09-08 19:49:04    006340   226건 · 20260907 ~ 20250923
2026-09-08 19:49:06    006345    36건 · 20251028 ~ 20260811
2026-09-08 19:49:07    006370    73건 · 20260908 ~ 20250907
2026-09-08 19:49:08    006380    20건 · 20260908 ~ 20251029
2026-09-08 19:49:09    006390    20건 · 20260710 ~ 20250908
2026-09-08 19:49:10    006405     9건 · 20260622 ~ 20251024
2026-09-08 19:49:11    006440  뉴스 없음
2026-09-08 19:49:12    006490   109건 · 20260715 ~ 20250909
2026-09-08 19:49:14    006570    52건 · 20260831 ~ 20250911
2026-09-08 19:49:15    006580     2건 · 20260807 ~ 20260401
2026-09-08 19:49:17    006620    94건 · 20260908 ~ 20250915
2026-09-08 19:49:18    006660    29건 · 20260721 ~ 20250924
2026-09-08 19:49:19    006740    90건 · 20260904 ~ 20251002
2026-09-08 19:49:21    006805    48건 · 20260724 ~ 20250909
2026-09-08 19:49:23    006840   143건 · 20260908 ~ 20250907
2026-09-08 19:49:23    006880    14건 · 20260731 ~ 20251015
2026-09-08 19:49:24    006890    15건 · 20260727 ~ 20251024
2026-09-08 19:49:26    006910    49건 · 20260827 ~ 20250903
2026-09-08 19:49:27    006920    14건 · 20260730 ~ 20251212
2026-09-08 19:49:28    006980    13건 · 20260907 ~ 20250929
2026-09-08 19:49:29    007110    70건 · 20260826 ~ 20250922
2026-09-08 19:49:31    007120    46건 · 20260814 ~ 20251105
2026-09-08 19:49:32    007150  뉴스 없음
2026-09-08 19:49:33    007160    32건 · 20260904 ~ 20250909
2026-09-08 19:49:33    007190  뉴스 없음
2026-09-08 19:49:34    007200  뉴스 없음
2026-09-08 19:49:35    007210    20건 · 20260702 ~ 20251022
2026-09-08 19:49:36    007280    13건 · 20260827 ~ 20251022
2026-09-08 19:49:38    007330    40건 · 20260807 ~ 20250909
2026-09-08 19:49:39    007340    71건 · 20260908 ~ 20250909
2026-09-08 19:49:41    007370    20건 · 20260713 ~ 20251002
2026-09-08 19:49:42    007390    98건 · 20260828 ~ 20250908
2026-09-08 19:49:44    007460   130건 · 20260904 ~ 20250908
2026-09-08 19:49:44    007480  뉴스 없음
2026-09-08 19:49:45    007530  뉴스 없음
2026-09-08 19:49:46    007540    38건 · 20260824 ~ 20250922
2026-09-08 19:49:48    007570   131건 · 20260907 ~ 20250910
2026-09-08 19:49:49    007575    13건 · 20260429 ~ 20250928
2026-09-08 19:49:50    007590    13건 · 20260708 ~ 20251029
2026-09-08 19:49:51    007610    43건 · 20260827 ~ 20250925
2026-09-08 19:49:52    007630  뉴스 없음
2026-09-08 19:49:53    007660   205건 · 20260908 ~ 20260409
2026-09-08 19:49:55    007680   107건 · 20260831 ~ 20250909
2026-09-08 19:49:57    007690    38건 · 20260821 ~ 20250907
2026-09-08 19:49:58    007700   141건 · 20260907 ~ 20250911
2026-09-08 19:50:00    007720    78건 · 20260908 ~ 20250922
2026-09-08 19:50:01    007770     6건 · 20260604 ~ 20260210
2026-09-08 19:50:01    007800  뉴스 없음
2026-09-08 19:50:03    007810   193건 · 20260908 ~ 20250909
2026-09-08 19:50:04    007815    26건 · 20260728 ~ 20250909
2026-09-08 19:50:06    007820    52건 · 20260819 ~ 20250908
2026-09-08 19:50:07    007860    10건 · 20260803 ~ 20251016
2026-09-08 19:50:08    007980    38건 · 20260828 ~ 20250919
2026-09-08 19:50:09    008020  뉴스 없음
2026-09-08 19:50:10    008040   197건 · 20260904 ~ 20260206
2026-09-08 19:50:12    008060    75건 · 20260812 ~ 20250915
2026-09-08 19:50:12    008080  뉴스 없음
2026-09-08 19:50:13    008110    15건 · 20260904 ~ 20250919
2026-09-08 19:50:15    008250    20건 · 20260825 ~ 20250913
2026-09-08 19:50:16    008260    11건 · 20260902 ~ 20251116
2026-09-08 19:50:17    008290    51건 · 20260908 ~ 20251105
2026-09-08 19:50:19    0082N0   202건 · 20260907 ~ 20260119
2026-09-08 19:50:19    008320  뉴스 없음
2026-09-08 19:50:21    008350   125건 · 20260903 ~ 20250908
2026-09-08 19:50:22    008370     7건 · 20260304 ~ 20250909
2026-09-08 19:50:23    008420    34건 · 20260903 ~ 20251106
2026-09-08 19:50:24    008470    14건 · 20260813 ~ 20251020
2026-09-08 19:50:25    008490    15건 · 20260908 ~ 20250909
2026-09-08 19:50:26    008540  뉴스 없음
2026-09-08 19:50:27    008600    37건 · 20260423 ~ 20250909
2026-09-08 19:50:29    008700    20건 · 20260805 ~ 20251223
2026-09-08 19:50:30    008730    75건 · 20260817 ~ 20250909
2026-09-08 19:50:31    008775     8건 · 20260622 ~ 20250919
2026-09-08 19:50:32    008800  뉴스 없음
2026-09-08 19:50:33    008830    91건 · 20260810 ~ 20250923
2026-09-08 19:50:34    008870    11건 · 20260226 ~ 20251017
2026-09-08 19:50:36    0088M0    96건 · 20260903 ~ 20250919
2026-09-08 19:50:36    008900  뉴스 없음
2026-09-08 19:50:38    008930   202건 · 20260908 ~ 20260521
2026-09-08 19:50:40    008970    88건 · 20260903 ~ 20250911
2026-09-08 19:50:40    009010  뉴스 없음
2026-09-08 19:50:41    009070    26건 · 20260814 ~ 20250930
2026-09-08 19:50:42    009140     8건 · 20260907 ~ 20250909
2026-09-08 19:50:44    009155    75건 · 20260905 ~ 20260126
2026-09-08 19:50:45    009160    20건 · 20260710 ~ 20250922
2026-09-08 19:50:46    009180    55건 · 20260907 ~ 20250916
2026-09-08 19:50:48    009190    21건 · 20260901 ~ 20251029
2026-09-08 19:50:49    009200   124건 · 20260903 ~ 20250911
2026-09-08 19:50:51    009270    62건 · 20260903 ~ 20250909
2026-09-08 19:50:51    009280  뉴스 없음
2026-09-08 19:50:53    009290   205건 · 20260908 ~ 20260212
2026-09-08 19:50:54    009300    13건 · 20260908 ~ 20251002
2026-09-08 19:50:55    009310    22건 · 20260905 ~ 20251015
2026-09-08 19:50:56    009320     9건 · 20260712 ~ 20251210
2026-09-08 19:50:57    009380  뉴스 없음
2026-09-08 19:50:58    009410   200건 · 20260907 ~ 20260225
2026-09-08 19:51:00    009415    65건 · 20260622 ~ 20250917
2026-09-08 19:51:02    009420   202건 · 20260904 ~ 20251201
2026-09-08 19:51:03    009440    33건 · 20260903 ~ 20251128
2026-09-08 19:51:05    009450   209건 · 20260908 ~ 20260325
2026-09-08 19:51:06    009460    61건 · 20260907 ~ 20250913
2026-09-08 19:51:08    009470    42건 · 20260708 ~ 20250911
2026-09-08 19:51:09    009520    83건 · 20260825 ~ 20250924
2026-09-08 19:51:11    009580   108건 · 20260906 ~ 20250909
2026-09-08 19:51:12    009620    24건 · 20260819 ~ 20251001
2026-09-08 19:51:13    009680    12건 · 20260616 ~ 20250925
2026-09-08 19:51:14    009730    27건 · 20260814 ~ 20251117
2026-09-08 19:51:15    009770    10건 · 20260410 ~ 20251105
2026-09-08 19:51:17    009780    24건 · 20260719 ~ 20250907
2026-09-08 19:51:18    009810    12건 · 20260826 ~ 20250915
2026-09-08 19:51:19    009835     8건 · 20260807 ~ 20260204
2026-09-08 19:51:19    010040     6건 · 20260317 ~ 20251024
2026-09-08 19:51:21    010050    59건 · 20260904 ~ 20250929
2026-09-08 19:51:22    010100    23건 · 20260907 ~ 20250911
2026-09-08 19:51:23    010145     9건 · 20251206 ~ 20250928
2026-09-08 19:51:25    010170   216건 · 20260908 ~ 20260312
2026-09-08 19:51:26    010240     6건 · 20260715 ~ 20251209
2026-09-08 19:51:28    010280   128건 · 20260901 ~ 20250908
2026-09-08 19:51:29    010400    35건 · 20260814 ~ 20250908
2026-09-08 19:51:30    010420    14건 · 20260904 ~ 20250908
2026-09-08 19:51:30    010460  뉴스 없음
2026-09-08 19:51:31    010470    20건 · 20260819 ~ 20250921
2026-09-08 19:51:33    010580    81건 · 20260908 ~ 20250918
2026-09-08 19:51:34    010600    69건 · 20260731 ~ 20250911
2026-09-08 19:51:36    010640    37건 · 20260828 ~ 20250908
2026-09-08 19:51:38    010660    41건 · 20260902 ~ 20250910
2026-09-08 19:51:38    010670  뉴스 없음
2026-09-08 19:51:40    010690    58건 · 20260821 ~ 20250924
2026-09-08 19:51:41    010770    11건 · 20260824 ~ 20260114
2026-09-08 19:51:42    010780   202건 · 20260908 ~ 20260114
2026-09-08 19:51:44    010820    73건 · 20260903 ~ 20250911
2026-09-08 19:51:45    010955     8건 · 20260306 ~ 20250924
2026-09-08 19:51:46    010960    26건 · 20260903 ~ 20250912
2026-09-08 19:51:48    011000   113건 · 20260907 ~ 20250918
2026-09-08 19:51:49    011040    70건 · 20260903 ~ 20250910
2026-09-08 19:51:51    011080   136건 · 20260904 ~ 20250922
2026-09-08 19:51:52    011090   154건 · 20260904 ~ 20250909
2026-09-08 19:51:54    011150    34건 · 20260821 ~ 20250907
2026-09-08 19:51:54    011160  뉴스 없음
2026-09-08 19:51:56    011230    63건 · 20260727 ~ 20250909
2026-09-08 19:51:57    011280    75건 · 20260907 ~ 20250916
2026-09-08 19:51:59    011300    72건 · 20260901 ~ 20250924
2026-09-08 19:52:00    011320    11건 · 20260728 ~ 20251002
2026-09-08 19:52:01    011330    78건 · 20260824 ~ 20250908
2026-09-08 19:52:03    011370   205건 · 20260908 ~ 20260422
2026-09-08 19:52:05    011390    62건 · 20260908 ~ 20250916
2026-09-08 19:52:05    011400  뉴스 없음
2026-09-08 19:52:07    011420    33건 · 20260814 ~ 20250923
2026-09-08 19:52:08    011500    28건 · 20260708 ~ 20250929
2026-09-08 19:52:09    011560    33건 · 20260904 ~ 20250910
2026-09-08 19:52:10    0115H0    29건 · 20251013 ~ 20260713
2026-09-08 19:52:12    011690    96건 · 20260824 ~ 20250910
2026-09-08 19:52:14    011700    49건 · 20260908 ~ 20250922
2026-09-08 19:52:14    011720  뉴스 없음
2026-09-08 19:52:16    011760   100건 · 20260907 ~ 20251002
2026-09-08 19:52:17    011785     1건 · 20260112 ~ 20260112
2026-09-08 19:52:18    0117P0   176건 · 20260903 ~ 20251117
2026-09-08 19:52:19    011800  뉴스 없음
2026-09-08 19:52:20    011810    65건 · 20260906 ~ 20250910
2026-09-08 19:52:22    011930   202건 · 20260908 ~ 20260105
2026-09-08 19:52:24    012030   203건 · 20260908 ~ 20260117
2026-09-08 19:52:24    012090  뉴스 없음
2026-09-08 19:52:25    012160    19건 · 20260811 ~ 20250925
2026-09-08 19:52:27    012170    59건 · 20260903 ~ 20250917
2026-09-08 19:52:28    012200   118건 · 20260908 ~ 20250908
2026-09-08 19:52:30    012210    73건 · 20260908 ~ 20250909
2026-09-08 19:52:32    012280    13건 · 20260827 ~ 20251211
2026-09-08 19:52:33    012320    16건 · 20260728 ~ 20260128
2026-09-08 19:52:34    012340    60건 · 20260813 ~ 20251203
2026-09-08 19:52:35    012410  뉴스 없음
2026-09-08 19:52:35    012420  뉴스 없음
2026-09-08 19:52:37    012510   162건 · 20260810 ~ 20250916
2026-09-08 19:52:38    012600    17건 · 20260619 ~ 20251214
2026-09-08 19:52:39    012610    29건 · 20260602 ~ 20251201
2026-09-08 19:52:40    012620     9건 · 20260409 ~ 20251110
2026-09-08 19:52:41    012650  뉴스 없음
2026-09-08 19:52:42    012690    54건 · 20260827 ~ 20250912
2026-09-08 19:52:44    012700    45건 · 20260827 ~ 20250917
2026-09-08 19:52:44    012790  뉴스 없음
2026-09-08 19:52:46    012800    42건 · 20260826 ~ 20250925
2026-09-08 19:52:48    012860    88건 · 20260903 ~ 20250908
2026-09-08 19:52:49    013000     4건 · 20260605 ~ 20251027
2026-09-08 19:52:50    013030    36건 · 20260903 ~ 20250908
2026-09-08 19:52:51    013120   201건 · 20260908 ~ 20251001
2026-09-08 19:52:52    013240  뉴스 없음
2026-09-08 19:52:54    013310    60건 · 20260827 ~ 20250909
2026-09-08 19:52:54    013340  뉴스 없음
2026-09-08 19:52:56    013360   131건 · 20260907 ~ 20250908
2026-09-08 19:52:56    013450  뉴스 없음
2026-09-08 19:52:58    013520    38건 · 20260901 ~ 20250908
2026-09-08 19:52:59    013570    16건 · 20260813 ~ 20251002
2026-09-08 19:53:00    013580   205건 · 20260908 ~ 20260119
2026-09-08 19:53:02    013700    36건 · 20260901 ~ 20250930
2026-09-08 19:53:03    013720    28건 · 20260821 ~ 20250919
2026-09-08 19:53:04    013810    10건 · 20260722 ~ 20250911
2026-09-08 19:53:06    013870    20건 · 20260421 ~ 20251016
2026-09-08 19:53:07    013890   111건 · 20260827 ~ 20250922
2026-09-08 19:53:08    013990    27건 · 20260818 ~ 20250904
2026-09-08 19:53:10    014100    61건 · 20260902 ~ 20250918
2026-09-08 19:53:11    014130    31건 · 20260908 ~ 20250920
2026-09-08 19:53:13    014160    47건 · 20260816 ~ 20260209
2026-09-08 19:53:14    014190    20건 · 20260901 ~ 20251001
2026-09-08 19:53:15    014200    12건 · 20260605 ~ 20250930
2026-09-08 19:53:17    014280    46건 · 20260604 ~ 20250908
2026-09-08 19:53:17    014300  뉴스 없음
2026-09-08 19:53:18    014440     2건 · 20260121 ~ 20260121
2026-09-08 19:53:19    014470    13건 · 20260902 ~ 20251116
2026-09-08 19:53:21    014530   150건 · 20260902 ~ 20250917
2026-09-08 19:53:22    014570    20건 · 20260816 ~ 20260105
2026-09-08 19:53:23    014580    20건 · 20260529 ~ 20251023
2026-09-08 19:53:24    014590  뉴스 없음
2026-09-08 19:53:25    014620    87건 · 20260908 ~ 20250912
2026-09-08 19:53:27    014680   164건 · 20260907 ~ 20250912
2026-09-08 19:53:29    014710    45건 · 20260904 ~ 20250909
2026-09-08 19:53:30    014790   184건 · 20260826 ~ 20250908
2026-09-08 19:53:32    014820   176건 · 20260904 ~ 20250923
2026-09-08 19:53:33    014910    54건 · 20260903 ~ 20251230
2026-09-08 19:53:35    014940    63건 · 20260722 ~ 20250904
2026-09-08 19:53:37    014950    87건 · 20260908 ~ 20250915
2026-09-08 19:53:38    014970    27건 · 20260727 ~ 20250908
2026-09-08 19:53:39    014990    79건 · 20260907 ~ 20250918
2026-09-08 19:53:41    015020    20건 · 20260526 ~ 20250908
2026-09-08 19:53:41    015200  뉴스 없음
2026-09-08 19:53:42    015230     3건 · 20260323 ~ 20260317
2026-09-08 19:53:44    015260    58건 · 20260908 ~ 20250924
2026-09-08 19:53:44    015350  뉴스 없음
2026-09-08 19:53:46    015360    77건 · 20260903 ~ 20250910
2026-09-08 19:53:46    015390  뉴스 없음
2026-09-08 19:53:47    015540  뉴스 없음
2026-09-08 19:53:48    015590    20건 · 20260630 ~ 20251112
2026-09-08 19:53:50    0155E0    64건 · 20260907 ~ 20260330
2026-09-08 19:53:51    0156T0    99건 · 20260907 ~ 20260406
2026-09-08 19:53:52    015710     9건 · 20260831 ~ 20251217
2026-09-08 19:53:54    015750   114건 · 20260908 ~ 20250909
2026-09-08 19:53:56    015860    40건 · 20260824 ~ 20250911
2026-09-08 19:53:56    015890     3건 · 20260806 ~ 20251202
2026-09-08 19:53:57    016090     6건 · 20260819 ~ 20251216
2026-09-08 19:53:59    016100    22건 · 20260812 ~ 20251010
2026-09-08 19:53:59    016140  뉴스 없음
2026-09-08 19:54:00    016170  뉴스 없음
2026-09-08 19:54:02    016250    37건 · 20260902 ~ 20251027
2026-09-08 19:54:03    016380   205건 · 20260907 ~ 20251016
2026-09-08 19:54:05    016450    76건 · 20260908 ~ 20250907
2026-09-08 19:54:05    016510  뉴스 없음
2026-09-08 19:54:06    016560  뉴스 없음
2026-09-08 19:54:06    016570  뉴스 없음
2026-09-08 19:54:08    016580    47건 · 20260831 ~ 20250908
2026-09-08 19:54:10    016590    43건 · 20260816 ~ 20251103
2026-09-08 19:54:11    016600    93건 · 20260906 ~ 20250908
2026-09-08 19:54:13    016610   213건 · 20260908 ~ 20260803
2026-09-08 19:54:14    016670    15건 · 20260521 ~ 20250915
2026-09-08 19:54:15    016710    20건 · 20260826 ~ 20250923
2026-09-08 19:54:16    016740    33건 · 20260814 ~ 20250922
2026-09-08 19:54:18    016790    25건 · 20260908 ~ 20250923
2026-09-08 19:54:19    016880    97건 · 20260903 ~ 20250908
2026-09-08 19:54:21    016920    49건 · 20260724 ~ 20250915
2026-09-08 19:54:22    017000    43건 · 20260706 ~ 20250908
2026-09-08 19:54:24    017040    56건 · 20260814 ~ 20250923
2026-09-08 19:54:24    017170  뉴스 없음
2026-09-08 19:54:25    017180    13건 · 20260902 ~ 20250913
2026-09-08 19:54:26    017250     4건 · 20260518 ~ 20251223
2026-09-08 19:54:27    017300  뉴스 없음
2026-09-08 19:54:28    017370    10건 · 20260813 ~ 20250913
2026-09-08 19:54:29    017480    17건 · 20260604 ~ 20251229
2026-09-08 19:54:30    017510    28건 · 20260827 ~ 20250915
2026-09-08 19:54:31    017550    31건 · 20260826 ~ 20260120
2026-09-08 19:54:32    017650    16건 · 20260816 ~ 20251208
2026-09-08 19:54:33    017680  뉴스 없음
2026-09-08 19:54:35    017810   207건 · 20260908 ~ 20260723
2026-09-08 19:54:36    017860    93건 · 20260902 ~ 20250908
2026-09-08 19:54:37    017890    20건 · 20260825 ~ 20251202
2026-09-08 19:54:39    017900    71건 · 20260908 ~ 20250924
2026-09-08 19:54:40    017940   114건 · 20260908 ~ 20250907
2026-09-08 19:54:42    017960   148건 · 20260908 ~ 20250908
2026-09-08 19:54:44    018000    87건 · 20260901 ~ 20250908
2026-09-08 19:54:45    018120     9건 · 20260825 ~ 20260224
2026-09-08 19:54:46    018290    81건 · 20260908 ~ 20250908
2026-09-08 19:54:47    018310    36건 · 20260628 ~ 20250907
2026-09-08 19:54:49    018470    75건 · 20260823 ~ 20251111
2026-09-08 19:54:50    018500    17건 · 20260824 ~ 20250910
2026-09-08 19:54:52    018620    42건 · 20260827 ~ 20250923
2026-09-08 19:54:53    018680     5건 · 20260617 ~ 20260118
2026-09-08 19:54:54    018700    41건 · 20260802 ~ 20250912
2026-09-08 19:54:56    019010    20건 · 20260904 ~ 20251014
2026-09-08 19:54:57    019170   118건 · 20260908 ~ 20250910
2026-09-08 19:54:58    019175    18건 · 20260828 ~ 20251028
2026-09-08 19:55:00    019180    62건 · 20260827 ~ 20250909
2026-09-08 19:55:01    019210    29건 · 20260904 ~ 20251002
2026-09-08 19:55:01    019260  뉴스 없음
2026-09-08 19:55:02    019300  뉴스 없음
2026-09-08 19:55:03    019440    27건 · 20260610 ~ 20251030
2026-09-08 19:55:05    019490    55건 · 20260831 ~ 20250910
2026-09-08 19:55:06    019540    19건 · 20260831 ~ 20251028
2026-09-08 19:55:07    019550   146건 · 20260908 ~ 20250909
2026-09-08 19:55:09    019570    48건 · 20260812 ~ 20250911
2026-09-08 19:55:10    019590     6건 · 20251105 ~ 20250927
2026-09-08 19:55:11    019660    20건 · 20260818 ~ 20251013
2026-09-08 19:55:13    019680   201건 · 20260907 ~ 20250909
2026-09-08 19:55:14    019685     3건 · 20260811 ~ 20250924
2026-09-08 19:55:15    019770     7건 · 20260713 ~ 20251121
2026-09-08 19:55:16    019990    40건 · 20260908 ~ 20250924
2026-09-08 19:55:18    020120    60건 · 20260907 ~ 20250915
2026-09-08 19:55:20    020180    48건 · 20260828 ~ 20250916
2026-09-08 19:55:21    020710    20건 · 20260831 ~ 20250923
2026-09-08 19:55:22    020760     5건 · 20260730 ~ 20251206
2026-09-08 19:55:23    021040    14건 · 20260812 ~ 20250929
2026-09-08 19:55:24    021050    18건 · 20260814 ~ 20251210
2026-09-08 19:55:25    021080   202건 · 20260908 ~ 20251113
2026-09-08 19:55:27    021320   202건 · 20260901 ~ 20250909
2026-09-08 19:55:28    021650    20건 · 20260423 ~ 20250913
2026-09-08 19:55:29    021820     9건 · 20260414 ~ 20251110
2026-09-08 19:55:31    021880    38건 · 20260827 ~ 20251014
2026-09-08 19:55:32    0218L0    21건 · 20260827 ~ 20260105
2026-09-08 19:55:33    021960  뉴스 없음
2026-09-08 19:55:33    0220WL     4건 · 20260903 ~ 20260825
2026-09-08 19:55:35    022220    37건 · 20260831 ~ 20251119
2026-09-08 19:55:36    022520  뉴스 없음
2026-09-08 19:55:37    023000    17건 · 20260531 ~ 20251120
2026-09-08 19:55:37    023020  뉴스 없음
2026-09-08 19:55:38    023150    11건 · 20260825 ~ 20260204
2026-09-08 19:55:40    023160    43건 · 20260908 ~ 20250910
2026-09-08 19:55:41    023350    16건 · 20260512 ~ 20250916
2026-09-08 19:55:42    023410   143건 · 20260907 ~ 20250908
2026-09-08 19:55:43    023430  뉴스 없음
2026-09-08 19:55:44    023440    46건 · 20260714 ~ 20250915
2026-09-08 19:55:45    023450     7건 · 20260504 ~ 20250915
2026-09-08 19:55:46    023460     5건 · 20260702 ~ 20251208
2026-09-08 19:55:47    023600     6건 · 20260531 ~ 20260206
2026-09-08 19:55:49    023760    43건 · 20260821 ~ 20250909
2026-09-08 19:55:51    023770    89건 · 20260903 ~ 20250908
2026-09-08 19:55:52    023790    83건 · 20260907 ~ 20250908
2026-09-08 19:55:53    023800    34건 · 20260821 ~ 20250907
2026-09-08 19:55:55    023810    23건 · 20260716 ~ 20250928
2026-09-08 19:55:55    023890  뉴스 없음
2026-09-08 19:55:56    023900    13건 · 20260825 ~ 20260223
2026-09-08 19:55:57    023910    20건 · 20260907 ~ 20251212
2026-09-08 19:55:59    023960    41건 · 20260908 ~ 20250915
2026-09-08 19:56:01    024060   209건 · 20260904 ~ 20260304
2026-09-08 19:56:02    024070     1건 · 20251105 ~ 20251105
2026-09-08 19:56:03    024090    63건 · 20260828 ~ 20250918
2026-09-08 19:56:04    024100  뉴스 없음
2026-09-08 19:56:05    024120    15건 · 20260527 ~ 20250923
2026-09-08 19:56:05    024660  뉴스 없음
2026-09-08 19:56:07    024720   201건 · 20260907 ~ 20251023
2026-09-08 19:56:08    024740    40건 · 20260616 ~ 20251208
2026-09-08 19:56:09    024800    20건 · 20260830 ~ 20251001
2026-09-08 19:56:11    024810    52건 · 20260904 ~ 20250908
2026-09-08 19:56:12    024830     5건 · 20260806 ~ 20251015
2026-09-08 19:56:14    024840   108건 · 20260904 ~ 20250911
2026-09-08 19:56:15    024850   203건 · 20260908 ~ 20251104
2026-09-08 19:56:17    024880    58건 · 20260728 ~ 20250917
2026-09-08 19:56:18    024890    37건 · 20260903 ~ 20251013
2026-09-08 19:56:19    024900    16건 · 20260816 ~ 20250910
2026-09-08 19:56:21    024910    41건 · 20260824 ~ 20250917
2026-09-08 19:56:22    024940     7건 · 20260720 ~ 20250918
2026-09-08 19:56:23    024950    77건 · 20260826 ~ 20250929
2026-09-08 19:56:25    025000    20건 · 20260706 ~ 20251105
2026-09-08 19:56:25    025270  뉴스 없음
2026-09-08 19:56:27    025320    82건 · 20260826 ~ 20250908
2026-09-08 19:56:28    025440    41건 · 20260706 ~ 20251023
2026-09-08 19:56:29    025530     4건 · 20260716 ~ 20260616
2026-09-08 19:56:31    025540    45건 · 20260901 ~ 20250918
2026-09-08 19:56:32    025550    21건 · 20260601 ~ 20250911
2026-09-08 19:56:34    025560   202건 · 20260908 ~ 20251021
2026-09-08 19:56:34    025610  뉴스 없음
2026-09-08 19:56:36    025620    88건 · 20260902 ~ 20250908
2026-09-08 19:56:38    025750    61건 · 20260907 ~ 20250909
2026-09-08 19:56:39    025770   131건 · 20260821 ~ 20250915
2026-09-08 19:56:40    025820    20건 · 20260824 ~ 20250925
2026-09-08 19:56:41    025850  뉴스 없음
2026-09-08 19:56:42    025870    33건 · 20260908 ~ 20250916
2026-09-08 19:56:43    025880     4건 · 20260714 ~ 20250925
2026-09-08 19:56:45    025890    30건 · 20260812 ~ 20250909
2026-09-08 19:56:46    025900    53건 · 20260908 ~ 20250917
2026-09-08 19:56:47    025920  뉴스 없음
2026-09-08 19:56:48    025950    89건 · 20260812 ~ 20250908
2026-09-08 19:56:49    025970  뉴스 없음
2026-09-08 19:56:51    025980    90건 · 20260904 ~ 20250911
2026-09-08 19:56:52    026040   124건 · 20260905 ~ 20250911
2026-09-08 19:56:53    026150    20건 · 20260825 ~ 20251205
2026-09-08 19:56:54    026180  뉴스 없음
2026-09-08 19:56:55    026220  뉴스 없음
2026-09-08 19:56:55    026250  뉴스 없음
2026-09-08 19:56:56    026260  뉴스 없음
2026-09-08 19:56:57    026890   207건 · 20260908 ~ 20260212
2026-09-08 19:56:59    026910    25건 · 20250915 ~ 20260831
2026-09-08 19:57:00    026940    40건 · 20260903 ~ 20260121
2026-09-08 19:57:02    027040    40건 · 20260901 ~ 20251107
2026-09-08 19:57:03    027050    27건 · 20260907 ~ 20250908
2026-09-08 19:57:05    027360   200건 · 20260907 ~ 20260225
2026-09-08 19:57:05    027390  뉴스 없음
2026-09-08 19:57:07    027580    21건 · 20260527 ~ 20251013
2026-09-08 19:57:08    027710    49건 · 20260804 ~ 20250912
2026-09-08 19:57:10    027740    72건 · 20260908 ~ 20250909
2026-09-08 19:57:11    027830    58건 · 20260908 ~ 20250909
2026-09-08 19:57:12    027840  뉴스 없음
2026-09-08 19:57:14    027970    78건 · 20260906 ~ 20250912
2026-09-08 19:57:14    028040  뉴스 없음
2026-09-08 19:57:16    028080    37건 · 20260903 ~ 20250916
2026-09-08 19:57:16    028090  뉴스 없음
2026-09-08 19:57:18    028100    40건 · 20260819 ~ 20250912
2026-09-08 19:57:19    02826K    11건 · 20260811 ~ 20251002
2026-09-08 19:57:20    028300   208건 · 20260908 ~ 20260805
2026-09-08 19:57:22    028670   203건 · 20260908 ~ 20260415
2026-09-08 19:57:23    029460    21건 · 20260826 ~ 20250915
2026-09-08 19:57:25    029480    35건 · 20260814 ~ 20251001
2026-09-08 19:57:26    029530    39건 · 20250930 ~ 20260904
2026-09-08 19:57:27    029960    10건 · 20260226 ~ 20251119
2026-09-08 19:57:28    030030  뉴스 없음
2026-09-08 19:57:29    030190   201건 · 20260903 ~ 20260205
2026-09-08 19:57:31    030210   204건 · 20260908 ~ 20260727
2026-09-08 19:57:31    030270  뉴스 없음
2026-09-08 19:57:33    030350    72건 · 20260905 ~ 20250915
2026-09-08 19:57:35    030520   208건 · 20260908 ~ 20260513
2026-09-08 19:57:36    030530   204건 · 20260908 ~ 20251211
2026-09-08 19:57:38    030610   207건 · 20260908 ~ 20260804
2026-09-08 19:57:39    030720    36건 · 20260903 ~ 20250924
2026-09-08 19:57:40    030790     1건 · 20251012 ~ 20251012
2026-09-08 19:57:41    030960    12건 · 20260707 ~ 20251105
2026-09-08 19:57:43    031310    63건 · 20260828 ~ 20250922
2026-09-08 19:57:44    031330    24건 · 20260902 ~ 20250908
2026-09-08 19:57:45    031390  뉴스 없음
2026-09-08 19:57:46    031440   198건 · 20260907 ~ 20251109
2026-09-08 19:57:47    031510    10건 · 20260821 ~ 20260223
2026-09-08 19:57:49    031820    53건 · 20260901 ~ 20250917
2026-09-08 19:57:50    031860    49건 · 20260904 ~ 20250908
2026-09-08 19:57:51    031950  뉴스 없음
2026-09-08 19:57:53    031980   162건 · 20260908 ~ 20250918
2026-09-08 19:57:53    032040  뉴스 없음
2026-09-08 19:57:54    032080     9건 · 20260724 ~ 20251209
2026-09-08 19:57:56    032190    88건 · 20260906 ~ 20250908
2026-09-08 19:57:57    032280    27건 · 20260803 ~ 20250916
2026-09-08 19:57:58    032290  뉴스 없음
2026-09-08 19:57:59    032300    28건 · 20260907 ~ 20251003
2026-09-08 19:58:00    032350   201건 · 20260908 ~ 20260324
2026-09-08 19:58:01    032380  뉴스 없음
2026-09-08 19:58:02    032420  뉴스 없음
2026-09-08 19:58:03    032500    95건 · 20260905 ~ 20250908
2026-09-08 19:58:05    032540    56건 · 20260828 ~ 20250916
2026-09-08 19:58:06    032560     2건 · 20260421 ~ 20250922
2026-09-08 19:58:07    032580    26건 · 20260827 ~ 20250917
2026-09-08 19:58:09    032620    83건 · 20260907 ~ 20250916
2026-09-08 19:58:10    032680    27건 · 20260608 ~ 20251106
2026-09-08 19:58:11    032750    16건 · 20260827 ~ 20250924
2026-09-08 19:58:12    032790    60건 · 20260818 ~ 20250916
2026-09-08 19:58:14    032800   107건 · 20260813 ~ 20250911
2026-09-08 19:58:16    032820   209건 · 20260908 ~ 20260120
2026-09-08 19:58:17    032850    44건 · 20260903 ~ 20250928
2026-09-08 19:58:18    032860     7건 · 20260901 ~ 20251202
2026-09-08 19:58:19    032930  뉴스 없음
2026-09-08 19:58:20    032940    56건 · 20260904 ~ 20250916
2026-09-08 19:58:21    032960    16건 · 20260702 ~ 20250908
2026-09-08 19:58:22    032980    12건 · 20260630 ~ 20251217
2026-09-08 19:58:24    033050    39건 · 20260826 ~ 20260219
2026-09-08 19:58:25    033100    70건 · 20260831 ~ 20250910
2026-09-08 19:58:26    033110  뉴스 없음
2026-09-08 19:58:27    033130    38건 · 20260811 ~ 20250911
2026-09-08 19:58:29    033160   116건 · 20260908 ~ 20250910
2026-09-08 19:58:30    033170    23건 · 20260826 ~ 20251002
2026-09-08 19:58:31    033180    22건 · 20260908 ~ 20251105
2026-09-08 19:58:32    033200     8건 · 20260512 ~ 20250925
2026-09-08 19:58:34    033230    40건 · 20260825 ~ 20250917
2026-09-08 19:58:36    033240    38건 · 20260819 ~ 20251015
2026-09-08 19:58:37    033250    15건 · 20260907 ~ 20250923
2026-09-08 19:58:38    033270   128건 · 20260904 ~ 20250907
2026-09-08 19:58:39    033290    20건 · 20260519 ~ 20250922
2026-09-08 19:58:40    033310    12건 · 20260827 ~ 20251013
2026-09-08 19:58:41    033320     4건 · 20260310 ~ 20251001
2026-09-08 19:58:43    033340    87건 · 20260908 ~ 20250908
2026-09-08 19:58:44    033430  뉴스 없음
2026-09-08 19:58:45    033500    82건 · 20260723 ~ 20250908
2026-09-08 19:58:47    033530    67건 · 20260904 ~ 20250909
2026-09-08 19:58:48    033540    39건 · 20260811 ~ 20250929
2026-09-08 19:58:49    033560     1건 · 20251205 ~ 20251205
2026-09-08 19:58:50    033600  뉴스 없음
2026-09-08 19:58:51    033640    60건 · 20260908 ~ 20250908
2026-09-08 19:58:53    033790    58건 · 20260908 ~ 20251013
2026-09-08 19:58:54    033830    19건 · 20260703 ~ 20250919
2026-09-08 19:58:56    033920    59건 · 20260908 ~ 20250908
2026-09-08 19:58:57    034120    60건 · 20260818 ~ 20260908
2026-09-08 19:58:59    034300    94건 · 20260907 ~ 20250924
2026-09-08 19:59:00    034310   201건 · 20260907 ~ 20260417
2026-09-08 19:59:02    034590    31건 · 20260408 ~ 20251019
2026-09-08 19:59:02    034600  뉴스 없음
2026-09-08 19:59:03    03473K    20건 · 20260811 ~ 20250909
2026-09-08 19:59:05    034810    21건 · 20260908 ~ 20251121
2026-09-08 19:59:06    034830   203건 · 20260908 ~ 20260324
2026-09-08 19:59:08    034940    94건 · 20260830 ~ 20250911
2026-09-08 19:59:10    034950   201건 · 20260906 ~ 20260329
2026-09-08 19:59:11    035000    56건 · 20260821 ~ 20250907
2026-09-08 19:59:13    035080    98건 · 20260901 ~ 20250923
2026-09-08 19:59:14    035150    17건 · 20260623 ~ 20250915
2026-09-08 19:59:15    035200     8건 · 20260719 ~ 20251217
2026-09-08 19:59:15    035210  뉴스 없음
2026-09-08 19:59:17    035290    70건 · 20260907 ~ 20251013
2026-09-08 19:59:17    035450  뉴스 없음
2026-09-08 19:59:18    035460    11건 · 20260809 ~ 20260213
2026-09-08 19:59:19    035480  뉴스 없음
2026-09-08 19:59:20    035510   295건 · 20260905 ~ 20250903
2026-09-08 19:59:22    035600   190건 · 20260905 ~ 20250908
2026-09-08 19:59:23    035610    26건 · 20260731 ~ 20250925
2026-09-08 19:59:25    035620    32건 · 20260902 ~ 20251015
2026-09-08 19:59:25    035710  뉴스 없음
2026-09-08 19:59:27    035810    45건 · 20260908 ~ 20251023
2026-09-08 19:59:29    035890   201건 · 20260908 ~ 20250907
2026-09-08 19:59:30    035900   203건 · 20260908 ~ 20260421
2026-09-08 19:59:31    036000    27건 · 20260826 ~ 20250919
2026-09-08 19:59:32    036010    11건 · 20260508 ~ 20251002
2026-09-08 19:59:34    036030    35건 · 20260812 ~ 20250915
2026-09-08 19:59:35    036090    35건 · 20260904 ~ 20260316
2026-09-08 19:59:37    036120    93건 · 20260904 ~ 20250916
2026-09-08 19:59:38    036170    45건 · 20260622 ~ 20250925
2026-09-08 19:59:39    036180    12건 · 20260316 ~ 20250924
2026-09-08 19:59:40    036190    26건 · 20260806 ~ 20251010
2026-09-08 19:59:42    036200    32건 · 20260830 ~ 20250913
2026-09-08 19:59:42    036210  뉴스 없음
2026-09-08 19:59:44    036220    58건 · 20260901 ~ 20250904
2026-09-08 19:59:44    036260  뉴스 없음
2026-09-08 19:59:46    036420   200건 · 20260904 ~ 20260616
2026-09-08 19:59:47    036480    20건 · 20260818 ~ 20250914
2026-09-08 19:59:48    036500  뉴스 없음
2026-09-08 19:59:49    036530    98건 · 20260906 ~ 20250908
2026-09-08 19:59:51    036540    92건 · 20260908 ~ 20250919
2026-09-08 19:59:52    036560   116건 · 20260902 ~ 20250908
2026-09-08 19:59:53    036580    35건 · 20260902 ~ 20250909
2026-09-08 19:59:55    036620    93건 · 20260907 ~ 20250912
2026-09-08 19:59:57    036630    63건 · 20260818 ~ 20250912
2026-09-08 19:59:58    036640    10건 · 20260908 ~ 20251224
2026-09-08 19:59:59    036670    32건 · 20260714 ~ 20250930
2026-09-08 20:00:01    036690    40건 · 20260908 ~ 20251113
2026-09-08 20:00:02    036710    28건 · 20260827 ~ 20250922
2026-09-08 20:00:04    036800    76건 · 20260807 ~ 20250908
2026-09-08 20:00:05    036810    60건 · 20260826 ~ 20250910
2026-09-08 20:00:06    036840  뉴스 없음
2026-09-08 20:00:06    036850  뉴스 없음
2026-09-08 20:00:08    036890    23건 · 20260902 ~ 20251023
2026-09-08 20:00:09    036930   269건 · 20260908 ~ 20260826
2026-09-08 20:00:10    037030    19건 · 20260708 ~ 20251001
2026-09-08 20:00:12    037070    66건 · 20260902 ~ 20251109
2026-09-08 20:00:13    037230    49건 · 20260724 ~ 20250908
2026-09-08 20:00:15    037270    51건 · 20260906 ~ 20250916
2026-09-08 20:00:16    037320  뉴스 없음
2026-09-08 20:00:17    037330    24건 · 20260820 ~ 20250907
2026-09-08 20:00:17    037340  뉴스 없음
2026-09-08 20:00:19    037350    20건 · 20260822 ~ 20250926
2026-09-08 20:00:20    037370    18건 · 20260908 ~ 20251013
2026-09-08 20:00:20    037380  뉴스 없음
2026-09-08 20:00:22    037400    39건 · 20260906 ~ 20250910
2026-09-08 20:00:23    037440   136건 · 20260907 ~ 20250908
2026-09-08 20:00:25    037460    40건 · 20260819 ~ 20251026
2026-09-08 20:00:27    037560   219건 · 20260908 ~ 20260507
2026-09-08 20:00:27    037630  뉴스 없음
2026-09-08 20:00:28    037700  뉴스 없음
2026-09-08 20:00:29    037710    90건 · 20260907 ~ 20250916
2026-09-08 20:00:30    037760     8건 · 20260520 ~ 20250915
2026-09-08 20:00:31    037950    13건 · 20260829 ~ 20251013
2026-09-08 20:00:32    038010     9건 · 20260808 ~ 20250911
2026-09-08 20:00:33    038060    24건 · 20260902 ~ 20251110
2026-09-08 20:00:35    038070    32건 · 20260826 ~ 20251005
2026-09-08 20:00:36    038110    60건 · 20260724 ~ 20250924
2026-09-08 20:00:37    038120  뉴스 없음
2026-09-08 20:00:38    038160  뉴스 없음
2026-09-08 20:00:39    038290    83건 · 20260907 ~ 20250907
2026-09-08 20:00:41    038340    45건 · 20260826 ~ 20250909
2026-09-08 20:00:42    038390    40건 · 20260806 ~ 20251022
2026-09-08 20:00:44    038460    20건 · 20260901 ~ 20250908
2026-09-08 20:00:45    038500   202건 · 20260908 ~ 20251127
2026-09-08 20:00:47    038530    69건 · 20260907 ~ 20250912
2026-09-08 20:00:48    038540   127건 · 20260903 ~ 20250908
2026-09-08 20:00:49    038620    11건 · 20260714 ~ 20260108
2026-09-08 20:00:51    038680    71건 · 20260908 ~ 20250908
2026-09-08 20:00:51    038710  뉴스 없음
2026-09-08 20:00:52    038720  뉴스 없음
2026-09-08 20:00:54    038870    68건 · 20260907 ~ 20250914
2026-09-08 20:00:55    038880    87건 · 20260907 ~ 20250907
2026-09-08 20:00:56    038950    11건 · 20260701 ~ 20250919
2026-09-08 20:00:57    038990  뉴스 없음
2026-09-08 20:00:58    039010    20건 · 20260716 ~ 20251120
2026-09-08 20:00:59    039020    40건 · 20260819 ~ 20251014
2026-09-08 20:01:01    039030   256건 · 20260908 ~ 20260825
2026-09-08 20:01:03    039200   203건 · 20260908 ~ 20260313
2026-09-08 20:01:03    039230  뉴스 없음
2026-09-08 20:01:04    039240    13건 · 20260824 ~ 20250908
2026-09-08 20:01:06    039290    94건 · 20260824 ~ 20250922
2026-09-08 20:01:07    039310    10건 · 20260428 ~ 20260318
2026-09-08 20:01:08    039340   223건 · 20260908 ~ 20260720
2026-09-08 20:01:09    039350  뉴스 없음
2026-09-08 20:01:10    039420     7건 · 20260410 ~ 20250925
2026-09-08 20:01:11    039440    67건 · 20260902 ~ 20250919
2026-09-08 20:01:12    039530  뉴스 없음
2026-09-08 20:01:13    039560    79건 · 20260908 ~ 20250907
2026-09-08 20:01:15    039570   171건 · 20260824 ~ 20250911
2026-09-08 20:01:17    039610    50건 · 20260908 ~ 20250916
2026-09-08 20:01:17    039670  뉴스 없음
2026-09-08 20:01:19    039740    59건 · 20260827 ~ 20250910
2026-09-08 20:01:19    039790  뉴스 없음
2026-09-08 20:01:21    039830    66건 · 20260901 ~ 20251001
2026-09-08 20:01:23    039840    83건 · 20260819 ~ 20250915
2026-09-08 20:01:23    039850  뉴스 없음
2026-09-08 20:01:25    039860    65건 · 20260901 ~ 20250910
2026-09-08 20:01:26    039980    43건 · 20260824 ~ 20250923
2026-09-08 20:01:28    040160    38건 · 20260819 ~ 20250930
2026-09-08 20:01:30    040300   205건 · 20260908 ~ 20260707
2026-09-08 20:01:31    040350    41건 · 20260908 ~ 20250922
2026-09-08 20:01:32    040420    19건 · 20260824 ~ 20250926
2026-09-08 20:01:33    040610     4건 · 20260520 ~ 20260322
2026-09-08 20:01:34    040670  뉴스 없음
2026-09-08 20:01:34    040740  뉴스 없음
2026-09-08 20:01:36    040910    20건 · 20260713 ~ 20251010
2026-09-08 20:01:37    041020   130건 · 20260829 ~ 20250911
2026-09-08 20:01:38    041060  뉴스 없음
2026-09-08 20:01:39    041140     5건 · 20260828 ~ 20250930
2026-09-08 20:01:40    041190   170건 · 20260907 ~ 20250917
2026-09-08 20:01:42    041440    64건 · 20260907 ~ 20250916
2026-09-08 20:01:43    041460     5건 · 20260611 ~ 20251208
2026-09-08 20:01:45    041510   210건 · 20260908 ~ 20260618
2026-09-08 20:01:46    041520     3건 · 20260716 ~ 20251120
2026-09-08 20:01:46    041590     7건 · 20260520 ~ 20250919
2026-09-08 20:01:47    041630  뉴스 없음
2026-09-08 20:01:48    041650    16건 · 20260825 ~ 20250908
2026-09-08 20:01:50    041830   118건 · 20260908 ~ 20250912
2026-09-08 20:01:51    041910    67건 · 20260827 ~ 20250923
2026-09-08 20:01:53    041920   134건 · 20260908 ~ 20250908
2026-09-08 20:01:54    041930    29건 · 20260907 ~ 20251016
2026-09-08 20:01:56    042000   201건 · 20260907 ~ 20260407
2026-09-08 20:01:57    042040    37건 · 20260807 ~ 20251203
2026-09-08 20:01:58    042110    28건 · 20260828 ~ 20251014
2026-09-08 20:01:59    042340  뉴스 없음
2026-09-08 20:02:01    042370    58건 · 20260908 ~ 20250922
2026-09-08 20:02:02    042420    52건 · 20260907 ~ 20250912
2026-09-08 20:02:04    042500    57건 · 20260904 ~ 20250917
2026-09-08 20:02:05    042510   214건 · 20260908 ~ 20260417
2026-09-08 20:02:07    042520   157건 · 20260908 ~ 20250909
2026-09-08 20:02:08    042600    20건 · 20260630 ~ 20250922
2026-09-08 20:02:10    042700   210건 · 20260908 ~ 20260724
2026-09-08 20:02:10    042820  뉴스 없음
2026-09-08 20:02:11    042870  뉴스 없음
2026-09-08 20:02:13    042940    86건 · 20260901 ~ 20250908
2026-09-08 20:02:14    043090    36건 · 20260807 ~ 20251028
2026-09-08 20:02:16    043100    40건 · 20260831 ~ 20250916
2026-09-08 20:02:17    043150    34건 · 20260813 ~ 20250918
2026-09-08 20:02:18    043200    21건 · 20260826 ~ 20250922
2026-09-08 20:02:19    043220    19건 · 20260629 ~ 20250923
2026-09-08 20:02:21    043260   201건 · 20260907 ~ 20260303
2026-09-08 20:02:21    043290  뉴스 없음
2026-09-08 20:02:23    043340    40건 · 20260825 ~ 20251204
2026-09-08 20:02:24    043360     5건 · 20260220 ~ 20260406
2026-09-08 20:02:25    043370    29건 · 20260824 ~ 20250921
2026-09-08 20:02:26    043580  뉴스 없음
2026-09-08 20:02:27    043590    16건 · 20260721 ~ 20260206
2026-09-08 20:02:28    043610   203건 · 20260907 ~ 20250908
2026-09-08 20:02:29    043630  뉴스 없음
2026-09-08 20:02:31    043650   167건 · 20260907 ~ 20250908
2026-09-08 20:02:32    043710    20건 · 20260702 ~ 20251028
2026-09-08 20:02:33    043910    23건 · 20260827 ~ 20250908
2026-09-08 20:02:34    044060     2건 · 20251028 ~ 20251017
2026-09-08 20:02:36    044180    50건 · 20260609 ~ 20250908
2026-09-08 20:02:37    044340   200건 · 20260831 ~ 20251002
2026-09-08 20:02:39    044380    53건 · 20260908 ~ 20250929
2026-09-08 20:02:40    044450    81건 · 20260824 ~ 20250929
2026-09-08 20:02:42    044480    52건 · 20260814 ~ 20250908
2026-09-08 20:02:44    044490    83건 · 20260908 ~ 20250908
2026-09-08 20:02:44    044640  뉴스 없음
2026-09-08 20:02:46    044780    53건 · 20260908 ~ 20250910
2026-09-08 20:02:47    044820   136건 · 20260908 ~ 20250916
2026-09-08 20:02:48    044960    19건 · 20260807 ~ 20250914
2026-09-08 20:02:50    044990    28건 · 20260824 ~ 20250929
2026-09-08 20:02:50    045050  뉴스 없음
2026-09-08 20:02:51    045060    10건 · 20260406 ~ 20251112
2026-09-08 20:02:53    045100    66건 · 20260907 ~ 20250912
2026-09-08 20:02:53    045260  뉴스 없음
2026-09-08 20:02:54    045300     2건 · 20260415 ~ 20251124
2026-09-08 20:02:55    045340    10건 · 20260831 ~ 20251002
2026-09-08 20:02:56    045390    14건 · 20260902 ~ 20250923
2026-09-08 20:02:57    045470  뉴스 없음
2026-09-08 20:02:58    045510    29건 · 20260903 ~ 20250911
2026-09-08 20:02:59    045520    20건 · 20260907 ~ 20251217
2026-09-08 20:03:00    045660     8건 · 20260907 ~ 20251023
2026-09-08 20:03:01    045890  뉴스 없음
2026-09-08 20:03:02    045970    13건 · 20260809 ~ 20251114
2026-09-08 20:03:03    046070    21건 · 20260903 ~ 20250907
2026-09-08 20:03:04    046110     8건 · 20260730 ~ 20251016
2026-09-08 20:03:06    046120   126건 · 20260908 ~ 20250908
2026-09-08 20:03:07    046140     7건 · 20260905 ~ 20251208
2026-09-08 20:03:08    046210   127건 · 20260908 ~ 20250930
2026-09-08 20:03:09    046240  뉴스 없음
2026-09-08 20:03:10    046310     6건 · 20260710 ~ 20260106
2026-09-08 20:03:11    046390    20건 · 20260901 ~ 20250917
2026-09-08 20:03:11    046400  뉴스 없음
2026-09-08 20:03:12    046430  뉴스 없음
2026-09-08 20:03:14    046440   106건 · 20260902 ~ 20250922
2026-09-08 20:03:14    046840  뉴스 없음
2026-09-08 20:03:15    046940    31건 · 20260825 ~ 20251027
2026-09-08 20:03:17    046970   104건 · 20260903 ~ 20250930
2026-09-08 20:03:19    047080    45건 · 20260814 ~ 20250908
2026-09-08 20:03:20    047310    14건 · 20260825 ~ 20250929
2026-09-08 20:03:21    047400    92건 · 20260828 ~ 20251010
2026-09-08 20:03:22    047440  뉴스 없음
2026-09-08 20:03:22    047450  뉴스 없음
2026-09-08 20:03:24    047560   201건 · 20260907 ~ 20260103
2026-09-08 20:03:24    047710  뉴스 없음
2026-09-08 20:03:25    047730  뉴스 없음
2026-09-08 20:03:27    047770    94건 · 20260902 ~ 20251001
2026-09-08 20:03:28    047820    31건 · 20260814 ~ 20250909
2026-09-08 20:03:29    047920   173건 · 20260908 ~ 20250926
2026-09-08 20:03:31    048260    39건 · 20260817 ~ 20250908
2026-09-08 20:03:33    048410   138건 · 20260904 ~ 20250907
2026-09-08 20:03:33    048430     4건 · 20260828 ~ 20260310
2026-09-08 20:03:34    048460  뉴스 없음
2026-09-08 20:03:35    048470    20건 · 20260904 ~ 20250922
2026-09-08 20:03:37    048530    37건 · 20260904 ~ 20250923
2026-09-08 20:03:38    048550    66건 · 20260906 ~ 20250919
2026-09-08 20:03:40    048770    44건 · 20260907 ~ 20250915
2026-09-08 20:03:41    048830    15건 · 20260811 ~ 20251027
2026-09-08 20:03:42    048870    37건 · 20260714 ~ 20250926
2026-09-08 20:03:44    048910   123건 · 20260905 ~ 20250911
2026-09-08 20:03:44    049000  뉴스 없음
2026-09-08 20:03:46    049070    92건 · 20260901 ~ 20250908
2026-09-08 20:03:48    049080   103건 · 20260828 ~ 20250915
2026-09-08 20:03:49    049120    24건 · 20260907 ~ 20250908
2026-09-08 20:03:50    049180   108건 · 20260822 ~ 20250908
2026-09-08 20:03:51    049430    19건 · 20260904 ~ 20251126
2026-09-08 20:03:53    049470   149건 · 20260908 ~ 20250908
2026-09-08 20:03:55    049480    40건 · 20260905 ~ 20250917
2026-09-08 20:03:55    049520    18건 · 20260715 ~ 20250909
2026-09-08 20:03:56    049550     5건 · 20260628 ~ 20251126
2026-09-08 20:03:58    049630   104건 · 20260821 ~ 20250916
2026-09-08 20:03:59    049690  뉴스 없음
2026-09-08 20:04:00    049720    16건 · 20260908 ~ 20251027
2026-09-08 20:04:01    049770    14건 · 20260609 ~ 20250916
2026-09-08 20:04:02    049800    25건 · 20260422 ~ 20250921
2026-09-08 20:04:02    049830  뉴스 없음
2026-09-08 20:04:04    049950    34건 · 20260903 ~ 20251021
2026-09-08 20:04:05    049960    72건 · 20260901 ~ 20250909
2026-09-08 20:04:06    050050  뉴스 없음
2026-09-08 20:04:07    050090    34건 · 20260904 ~ 20251017
2026-09-08 20:04:09    050110    63건 · 20260825 ~ 20250929
2026-09-08 20:04:10    050120     5건 · 20260612 ~ 20260106
2026-09-08 20:04:11    050320  뉴스 없음
2026-09-08 20:04:11    050470  뉴스 없음
2026-09-08 20:04:12    050540    11건 · 20260902 ~ 20251111
2026-09-08 20:04:13    050640  뉴스 없음
2026-09-08 20:04:14    050760    30건 · 20260908 ~ 20260223
2026-09-08 20:04:15    050860    25건 · 20260903 ~ 20250912
2026-09-08 20:04:17    050890   129건 · 20260901 ~ 20250918
2026-09-08 20:04:18    050960    48건 · 20260903 ~ 20250909
2026-09-08 20:04:20    051160    45건 · 20260903 ~ 20250910
2026-09-08 20:04:21    051170  뉴스 없음
2026-09-08 20:04:22    051310     5건 · 20260522 ~ 20251129
2026-09-08 20:04:23    051360    62건 · 20260820 ~ 20250908
2026-09-08 20:04:24    051370    20건 · 20260903 ~ 20251021
2026-09-08 20:04:25    051380    14건 · 20260824 ~ 20250919
2026-09-08 20:04:26    051390     2건 · 20260402 ~ 20260311
2026-09-08 20:04:27    051490     1건 · 20260210 ~ 20260210
2026-09-08 20:04:29    051500   209건 · 20260908 ~ 20260331
2026-09-08 20:04:31    051630    38건 · 20260903 ~ 20251017
2026-09-08 20:04:31    051710  뉴스 없음
2026-09-08 20:04:33    051780    60건 · 20260901 ~ 20250917
2026-09-08 20:04:33    051820  뉴스 없음
2026-09-08 20:04:34    051905     3건 · 20260730 ~ 20260223
2026-09-08 20:04:36    051980    71건 · 20260908 ~ 20250919
2026-09-08 20:04:37    052020    60건 · 20260908 ~ 20250907
2026-09-08 20:04:38    052190     2건 · 20260512 ~ 20260511
2026-09-08 20:04:39    052220     9건 · 20260904 ~ 20251014
2026-09-08 20:04:41    052260    64건 · 20260907 ~ 20250916
2026-09-08 20:04:41    052270  뉴스 없음
2026-09-08 20:04:42    052290  뉴스 없음
2026-09-08 20:04:43    052300    26건 · 20260819 ~ 20250918
2026-09-08 20:04:44    052330     9건 · 20260508 ~ 20251021
2026-09-08 20:04:45    052350  뉴스 없음
2026-09-08 20:04:46    052400   147건 · 20260908 ~ 20250909
2026-09-08 20:04:48    052420    66건 · 20260903 ~ 20250903
2026-09-08 20:04:50    052460    51건 · 20260901 ~ 20251110
2026-09-08 20:04:51    052600     2건 · 20260404 ~ 20251119
2026-09-08 20:04:51    052650  뉴스 없음
2026-09-08 20:04:52    052670    20건 · 20260427 ~ 20260112
2026-09-08 20:04:54    052710    72건 · 20260903 ~ 20250908
2026-09-08 20:04:56    052770    86건 · 20260814 ~ 20250908
2026-09-08 20:04:57    052790    91건 · 20260908 ~ 20250920
2026-09-08 20:04:58    052860    20건 · 20260827 ~ 20251110
2026-09-08 20:05:00    052900    29건 · 20260820 ~ 20251002
2026-09-08 20:05:01    053030    78건 · 20260907 ~ 20250907
2026-09-08 20:05:03    053050    40건 · 20260907 ~ 20260121
2026-09-08 20:05:04    053080    17건 · 20260906 ~ 20250922
2026-09-08 20:05:04    053110  뉴스 없음
2026-09-08 20:05:05    053160    15건 · 20260616 ~ 20251229
2026-09-08 20:05:07    053210   205건 · 20260903 ~ 20251204
2026-09-08 20:05:09    053260    31건 · 20260908 ~ 20250925
2026-09-08 20:05:10    053270    25건 · 20260817 ~ 20251028
2026-09-08 20:05:11    053280   203건 · 20260908 ~ 20260210
2026-09-08 20:05:13    053290    44건 · 20260908 ~ 20250909
2026-09-08 20:05:15    053300    66건 · 20260820 ~ 20250911
2026-09-08 20:05:15    053320  뉴스 없음
2026-09-08 20:05:16    053330  뉴스 없음
2026-09-08 20:05:17    053350    60건 · 20260826 ~ 20250910
2026-09-08 20:05:19    053450    20건 · 20260819 ~ 20250911
2026-09-08 20:05:20    053580   198건 · 20260901 ~ 20250910
2026-09-08 20:05:21    053590  뉴스 없음
2026-09-08 20:05:22    053610    20건 · 20260709 ~ 20250914
2026-09-08 20:05:23    053620     2건 · 20260129 ~ 20250917
2026-09-08 20:05:24    053660  뉴스 없음
2026-09-08 20:05:25    053690   201건 · 20260907 ~ 20251123
2026-09-08 20:05:27    053700   111건 · 20260821 ~ 20250908
2026-09-08 20:05:27    053740  뉴스 없음
2026-09-08 20:05:29    053800   211건 · 20260906 ~ 20260212
2026-09-08 20:05:29    053810  뉴스 없음
2026-09-08 20:05:31    053950   100건 · 20260904 ~ 20250908
2026-09-08 20:05:32    053980     6건 · 20260330 ~ 20260203
2026-09-08 20:05:33    054010  뉴스 없음
2026-09-08 20:05:34    054040     1건 · 20250912 ~ 20250912
2026-09-08 20:05:35    054050    58건 · 20260831 ~ 20250909
2026-09-08 20:05:36    054090    27건 · 20260826 ~ 20260212
2026-09-08 20:05:37    054120  뉴스 없음
2026-09-08 20:05:39    054180    30건 · 20260814 ~ 20250923
2026-09-08 20:05:40    054210    20건 · 20260804 ~ 20250916
2026-09-08 20:05:41    054220    37건 · 20260907 ~ 20251009
2026-09-08 20:05:43    054300    36건 · 20260903 ~ 20250922
2026-09-08 20:05:44    054340  뉴스 없음
2026-09-08 20:05:44    054410    11건 · 20260806 ~ 20251117
2026-09-08 20:05:46    054450    85건 · 20260908 ~ 20250911
2026-09-08 20:05:48    054540    76건 · 20260907 ~ 20250904
2026-09-08 20:05:49    054620    34건 · 20260807 ~ 20250909
2026-09-08 20:05:50    054630     6건 · 20260517 ~ 20251218
2026-09-08 20:05:51    054670    14건 · 20260720 ~ 20250908
2026-09-08 20:05:53    054780    53건 · 20260812 ~ 20250919
2026-09-08 20:05:54    054800     3건 · 20260421 ~ 20260213
2026-09-08 20:05:55    054920   166건 · 20260908 ~ 20250908
2026-09-08 20:05:57    054930    20건 · 20260826 ~ 20250910
2026-09-08 20:05:58    054940    40건 · 20260831 ~ 20250923
2026-09-08 20:06:00    054950    73건 · 20260907 ~ 20250917
2026-09-08 20:06:00    055250  뉴스 없음
2026-09-08 20:06:02    055490    20건 · 20260901 ~ 20251103
2026-09-08 20:06:02    056000  뉴스 없음
2026-09-08 20:06:03    056010  뉴스 없음
2026-09-08 20:06:04    056080   125건 · 20260903 ~ 20250909
2026-09-08 20:06:06    056090    83건 · 20260908 ~ 20250911
2026-09-08 20:06:06    056200  뉴스 없음
2026-09-08 20:06:07    056340  뉴스 없음
2026-09-08 20:06:09    056360    41건 · 20260903 ~ 20250907
2026-09-08 20:06:09    056700  뉴스 없음
2026-09-08 20:06:10    056710  뉴스 없음
2026-09-08 20:06:11    056730     5건 · 20260708 ~ 20251211
2026-09-08 20:06:11    056810  뉴스 없음
2026-09-08 20:06:13    057030    38건 · 20260821 ~ 20250912
2026-09-08 20:06:14    057500  뉴스 없음
2026-09-08 20:06:15    057540    27건 · 20260813 ~ 20251105
2026-09-08 20:06:16    057680    55건 · 20260908 ~ 20250916
2026-09-08 20:06:17    057880    11건 · 20260622 ~ 20251001
2026-09-08 20:06:18    058110    16건 · 20260907 ~ 20251104
2026-09-08 20:06:19    058220  뉴스 없음
2026-09-08 20:06:20    058370  뉴스 없음
2026-09-08 20:06:20    058400    19건 · 20260722 ~ 20250910
2026-09-08 20:06:21    058420  뉴스 없음
2026-09-08 20:06:23    058430    89건 · 20260904 ~ 20250903
2026-09-08 20:06:24    058450    42건 · 20260820 ~ 20250923
2026-09-08 20:06:26    058470   261건 · 20260908 ~ 20260821
2026-09-08 20:06:26    058530  뉴스 없음
2026-09-08 20:06:28    058610   201건 · 20260908 ~ 20251222
2026-09-08 20:06:30    058630   144건 · 20260904 ~ 20250909
2026-09-08 20:06:31    058650    81건 · 20260821 ~ 20250918
2026-09-08 20:06:33    058730    59건 · 20260907 ~ 20250916
2026-09-08 20:06:34    058820    86건 · 20260903 ~ 20250911
2026-09-08 20:06:36    058850    73건 · 20260827 ~ 20250909
2026-09-08 20:06:37    058860    21건 · 20260826 ~ 20251124
2026-09-08 20:06:39    058970    67건 · 20260908 ~ 20250907
2026-09-08 20:06:41    059090    70건 · 20260907 ~ 20250915
2026-09-08 20:06:41    059100    19건 · 20260908 ~ 20260204
2026-09-08 20:06:43    059120    23건 · 20260814 ~ 20251128
2026-09-08 20:06:44    059210    60건 · 20260908 ~ 20250908
2026-09-08 20:06:46    059270    56건 · 20260907 ~ 20250915
2026-09-08 20:06:47    060150    15건 · 20260626 ~ 20251030
2026-09-08 20:06:49    060230    82건 · 20260826 ~ 20250912
2026-09-08 20:06:50    060240    26건 · 20260723 ~ 20250917
2026-09-08 20:06:51    060250   101건 · 20260904 ~ 20250916
2026-09-08 20:06:53    060260    42건 · 20260908 ~ 20260106
2026-09-08 20:06:55    060280    84건 · 20260908 ~ 20250912
2026-09-08 20:06:55    060300     1건 · 20260601 ~ 20260601
2026-09-08 20:06:57    060310     3건 · 20260527 ~ 20251215
2026-09-08 20:06:58    060370   210건 · 20260908 ~ 20251114
2026-09-08 20:06:59    060380     8건 · 20260220 ~ 20250911
2026-09-08 20:07:00    060480    22건 · 20260828 ~ 20260330
2026-09-08 20:07:01    060540     8건 · 20260601 ~ 20250911
2026-09-08 20:07:02    060560     8건 · 20260820 ~ 20251002
2026-09-08 20:07:04    060570   152건 · 20260906 ~ 20250903
2026-09-08 20:07:05    060590    36건 · 20260826 ~ 20250923
2026-09-08 20:07:07    060720    51건 · 20260722 ~ 20250908
2026-09-08 20:07:08    060750  뉴스 없음
2026-09-08 20:07:09    060850   189건 · 20260907 ~ 20250911
2026-09-08 20:07:11    060900   203건 · 20260908 ~ 20260506
2026-09-08 20:07:12    061040    40건 · 20260903 ~ 20250910
2026-09-08 20:07:13    061050  뉴스 없음
2026-09-08 20:07:15    061090   200건 · 20260905 ~ 20251001
2026-09-08 20:07:15    061140  뉴스 없음
2026-09-08 20:07:16    061250    29건 · 20260819 ~ 20250908
2026-09-08 20:07:17    061460  뉴스 없음
2026-09-08 20:07:19    061970    48건 · 20260908 ~ 20250918
2026-09-08 20:07:19    062860     1건 · 20260331 ~ 20260331
2026-09-08 20:07:21    062970   164건 · 20260907 ~ 20250915
2026-09-08 20:07:23    063080   206건 · 20260904 ~ 20260528
2026-09-08 20:07:24    063160    72건 · 20260831 ~ 20250909
2026-09-08 20:07:26    063170    71건 · 20260828 ~ 20250918
2026-09-08 20:07:27    063440    19건 · 20260804 ~ 20251104
2026-09-08 20:07:28    063570    25건 · 20260803 ~ 20251019
2026-09-08 20:07:29    063760     5건 · 20260508 ~ 20251117
2026-09-08 20:07:31    064090    57건 · 20260703 ~ 20250911
2026-09-08 20:07:32    064240    17건 · 20260730 ~ 20251117
2026-09-08 20:07:33    064260   183건 · 20260904 ~ 20250908
2026-09-08 20:07:35    064290    64건 · 20260908 ~ 20250919
2026-09-08 20:07:36    064480    11건 · 20260611 ~ 20260126
2026-09-08 20:07:36    064510  뉴스 없음
2026-09-08 20:07:37    064520     5건 · 20260810 ~ 20251202
2026-09-08 20:07:39    064550   139건 · 20260908 ~ 20250911
2026-09-08 20:07:40    064760    35건 · 20260907 ~ 20250912
2026-09-08 20:07:42    064800    55건 · 20260831 ~ 20250921
2026-09-08 20:07:43    064820    40건 · 20260819 ~ 20250904
2026-09-08 20:07:45    064850   211건 · 20260908 ~ 20260811
2026-09-08 20:07:46    065060    12건 · 20260901 ~ 20250917
2026-09-08 20:07:47    065130    45건 · 20260827 ~ 20250907
2026-09-08 20:07:48    065150     8건 · 20260602 ~ 20251019
2026-09-08 20:07:49    065160  뉴스 없음
2026-09-08 20:07:51    065170    90건 · 20260814 ~ 20251020
2026-09-08 20:07:51    065270  뉴스 없음
2026-09-08 20:07:53    065350    53건 · 20260805 ~ 20250919
2026-09-08 20:07:54    065370    79건 · 20260901 ~ 20250908
2026-09-08 20:07:56    065420    33건 · 20260727 ~ 20251029
2026-09-08 20:07:57    065440    39건 · 20260410 ~ 20250908
2026-09-08 20:07:59    065450    48건 · 20260724 ~ 20250912
2026-09-08 20:08:00    065500    20건 · 20260901 ~ 20250908
2026-09-08 20:08:02    065510    41건 · 20260714 ~ 20250910
2026-09-08 20:08:03    065530    12건 · 20260824 ~ 20250922
2026-09-08 20:08:03    065560  뉴스 없음
2026-09-08 20:08:05    065570    35건 · 20260810 ~ 20250924
2026-09-08 20:08:05    065610  뉴스 없음
2026-09-08 20:08:06    065620  뉴스 없음
2026-09-08 20:08:07    065650    50건 · 20260827 ~ 20250915
2026-09-08 20:08:09    065660    41건 · 20260721 ~ 20251026
2026-09-08 20:08:10    065680     4건 · 20260528 ~ 20251117
2026-09-08 20:08:11    065690    13건 · 20260903 ~ 20251204
2026-09-08 20:08:12    065710     8건 · 20260812 ~ 20250912
2026-09-08 20:08:13    065770    37건 · 20260821 ~ 20251001
2026-09-08 20:08:14    065940  뉴스 없음
2026-09-08 20:08:15    065950    39건 · 20260903 ~ 20250919
2026-09-08 20:08:16    066060  뉴스 없음
2026-09-08 20:08:16    066110  뉴스 없음
2026-09-08 20:08:18    066130    48건 · 20260908 ~ 20250911
2026-09-08 20:08:19    066270  뉴스 없음
2026-09-08 20:08:20    066310    24건 · 20260708 ~ 20260119
2026-09-08 20:08:20    066340  뉴스 없음
2026-09-08 20:08:21    066350  뉴스 없음
2026-09-08 20:08:23    066360    38건 · 20260813 ~ 20251031
2026-09-08 20:08:24    066410    42건 · 20260825 ~ 20251015
2026-09-08 20:08:26    066430    74건 · 20260907 ~ 20250909
2026-09-08 20:08:27    066590    21건 · 20260908 ~ 20250917
2026-09-08 20:08:28    066620     7건 · 20260805 ~ 20250925
2026-09-08 20:08:29    066670     3건 · 20260818 ~ 20260125
2026-09-08 20:08:30    066700    14건 · 20260821 ~ 20250910
2026-09-08 20:08:31    066790    34건 · 20260903 ~ 20250912
2026-09-08 20:08:32    066900    16건 · 20260904 ~ 20250909
2026-09-08 20:08:34    066910    61건 · 20260908 ~ 20250915
2026-09-08 20:08:35    066970   203건 · 20260908 ~ 20260402
2026-09-08 20:08:37    066980    67건 · 20260828 ~ 20251105
2026-09-08 20:08:39    067000   208건 · 20260907 ~ 20251218
2026-09-08 20:08:40    067010    20건 · 20260819 ~ 20251027
2026-09-08 20:08:42    067080    67건 · 20260907 ~ 20250919
2026-09-08 20:08:42    067130  뉴스 없음
2026-09-08 20:08:44    067160   205건 · 20260908 ~ 20260331
2026-09-08 20:08:45    067170    39건 · 20260902 ~ 20250908
2026-09-08 20:08:46    067250  뉴스 없음
2026-09-08 20:08:48    067280    75건 · 20260831 ~ 20250909
2026-09-08 20:08:49    067290   131건 · 20260908 ~ 20250925
2026-09-08 20:08:51    067310   203건 · 20260908 ~ 20260107
2026-09-08 20:08:52    067370    17건 · 20260820 ~ 20251105
2026-09-08 20:08:53    067390    43건 · 20260904 ~ 20250923
2026-09-08 20:08:54    067570    21건 · 20260821 ~ 20250909
2026-09-08 20:08:56    067630   163건 · 20260908 ~ 20250911
2026-09-08 20:08:57    067730     2건 · 20260220 ~ 20260202
2026-09-08 20:08:58    067770    20건 · 20260819 ~ 20260209
2026-09-08 20:08:59    067830     5건 · 20260831 ~ 20251211
2026-09-08 20:09:00    067900    11건 · 20260305 ~ 20251106
2026-09-08 20:09:02    067920   127건 · 20260904 ~ 20250919
2026-09-08 20:09:03    067990   201건 · 20260831 ~ 20250910
2026-09-08 20:09:04    068050    18건 · 20260903 ~ 20250925
2026-09-08 20:09:05    068060  뉴스 없음
2026-09-08 20:09:07    068100    60건 · 20260908 ~ 20250916
2026-09-08 20:09:07    068150  뉴스 없음
2026-09-08 20:09:09    068240   201건 · 20260904 ~ 20251014
2026-09-08 20:09:10    068290    29건 · 20260604 ~ 20250909
2026-09-08 20:09:11    068330    20건 · 20260816 ~ 20251013
2026-09-08 20:09:13    068400   203건 · 20260908 ~ 20260126
2026-09-08 20:09:13    068630  뉴스 없음
2026-09-08 20:09:15    068760   202건 · 20260908 ~ 20250917
2026-09-08 20:09:16    068790    53건 · 20260908 ~ 20250911
2026-09-08 20:09:18    068930    65건 · 20260828 ~ 20250922
2026-09-08 20:09:19    068940    19건 · 20260713 ~ 20250907
2026-09-08 20:09:20    069080   215건 · 20260907 ~ 20260211
2026-09-08 20:09:21    069110     2건 · 20251027 ~ 20251014
2026-09-08 20:09:23    069140    24건 · 20260901 ~ 20250912
2026-09-08 20:09:24    069330    20건 · 20260813 ~ 20250925
2026-09-08 20:09:25    069410    35건 · 20260814 ~ 20250922
2026-09-08 20:09:27    069460    63건 · 20260825 ~ 20250929
2026-09-08 20:09:28    069510    11건 · 20260724 ~ 20250904
2026-09-08 20:09:29    069540   157건 · 20260908 ~ 20250930
2026-09-08 20:09:31    069640   138건 · 20260831 ~ 20250908
2026-09-08 20:09:32    069730     9건 · 20260818 ~ 20250909
2026-09-08 20:09:34    069920    60건 · 20260907 ~ 20250917
2026-09-08 20:09:34    070080  뉴스 없음
2026-09-08 20:09:36    070300    52건 · 20260824 ~ 20250909
2026-09-08 20:09:36    070480  뉴스 없음
2026-09-08 20:09:38    070590    21건 · 20260820 ~ 20250908
2026-09-08 20:09:39    070960   135건 · 20260908 ~ 20250909
2026-09-08 20:09:40    071055    31건 · 20260819 ~ 20250916
2026-09-08 20:09:41    071057  뉴스 없음
2026-09-08 20:09:43    071090    37건 · 20260903 ~ 20250910
2026-09-08 20:09:44    071200    40건 · 20260804 ~ 20251014
2026-09-08 20:09:45    071280     6건 · 20260723 ~ 20251002
2026-09-08 20:09:46    071460    30건 · 20260828 ~ 20250910
2026-09-08 20:09:47    071660  뉴스 없음
2026-09-08 20:09:48    071670    17건 · 20260622 ~ 20251104
2026-09-08 20:09:50    071840   208건 · 20260908 ~ 20260624
2026-09-08 20:09:51    071850    10건 · 20260703 ~ 20251016
2026-09-08 20:09:51    071930  뉴스 없음
2026-09-08 20:09:53    071950   123건 · 20260828 ~ 20250908
2026-09-08 20:09:54    071970   208건 · 20260903 ~ 20251103
2026-09-08 20:09:56    072020    35건 · 20260818 ~ 20250914
2026-09-08 20:09:57    072130    16건 · 20260819 ~ 20250929
2026-09-08 20:09:58    072470     5건 · 20260519 ~ 20251022
2026-09-08 20:09:59    072520    11건 · 20260908 ~ 20250930
2026-09-08 20:10:00    072770    34건 · 20260827 ~ 20250911
2026-09-08 20:10:02    072870    77건 · 20260828 ~ 20250915
2026-09-08 20:10:03    072950    20건 · 20260827 ~ 20251014
2026-09-08 20:10:04    072990    63건 · 20260826 ~ 20250910
2026-09-08 20:10:05    073010    21건 · 20260819 ~ 20250904
2026-09-08 20:10:06    073070  뉴스 없음
2026-09-08 20:10:07    073110    15건 · 20260729 ~ 20250925
2026-09-08 20:10:07    073130  뉴스 없음
2026-09-08 20:10:09    073190    40건 · 20260904 ~ 20260323
2026-09-08 20:10:11    073240   205건 · 20260908 ~ 20260513
2026-09-08 20:10:12    073490    95건 · 20260905 ~ 20250910
2026-09-08 20:10:14    073540    20건 · 20260814 ~ 20260303
2026-09-08 20:10:14    073560    15건 · 20260605 ~ 20250909
2026-09-08 20:10:16    073570   210건 · 20260908 ~ 20260301
2026-09-08 20:10:18    073640    33건 · 20260805 ~ 20250909
2026-09-08 20:10:18    074000  뉴스 없음
2026-09-08 20:10:19    074130  뉴스 없음
2026-09-08 20:10:19    074150  뉴스 없음
2026-09-08 20:10:20    074430    11건 · 20260723 ~ 20250926
2026-09-08 20:10:22    074600   119건 · 20260908 ~ 20250912
2026-09-08 20:10:24    074610    31건 · 20260825 ~ 20251026
2026-09-08 20:10:25    075130    58건 · 20260901 ~ 20250908
2026-09-08 20:10:26    075180     4건 · 20260704 ~ 20251230
2026-09-08 20:10:28    075580    87건 · 20260901 ~ 20250908
2026-09-08 20:10:29    075970    41건 · 20260513 ~ 20251010
2026-09-08 20:10:31    076080    33건 · 20260903 ~ 20250930
2026-09-08 20:10:33    076610    79건 · 20260819 ~ 20250909
2026-09-08 20:10:33    077280  뉴스 없음
2026-09-08 20:10:35    077360   119건 · 20260908 ~ 20250917
2026-09-08 20:10:36    077500    18건 · 20260813 ~ 20250909
2026-09-08 20:10:37    077970   203건 · 20260908 ~ 20250909
2026-09-08 20:10:38    078000    17건 · 20260520 ~ 20250909
2026-09-08 20:10:40    078020   209건 · 20260908 ~ 20260818
2026-09-08 20:10:41    078070    14건 · 20260826 ~ 20251202
2026-09-08 20:10:42    078130    46건 · 20260907 ~ 20251009
2026-09-08 20:10:44    078140    40건 · 20260907 ~ 20251002
2026-09-08 20:10:45    078150    29건 · 20260819 ~ 20250923
2026-09-08 20:10:47    078160   170건 · 20260908 ~ 20250911
2026-09-08 20:10:49    078340   206건 · 20260908 ~ 20260807
2026-09-08 20:10:50    078350    22건 · 20260720 ~ 20250912
2026-09-08 20:10:52    078520   176건 · 20260908 ~ 20250908
2026-09-08 20:10:53    078590    72건 · 20260902 ~ 20250915
2026-09-08 20:10:55    078600   137건 · 20260904 ~ 20250909
2026-09-08 20:10:56    078650  뉴스 없음
2026-09-08 20:10:56    078780  뉴스 없음
2026-09-08 20:10:58    078860    44건 · 20260810 ~ 20250908
2026-09-08 20:10:59    078890    87건 · 20260908 ~ 20250908
2026-09-08 20:11:00    078935     2건 · 20260225 ~ 20260115
2026-09-08 20:11:01    078940     5건 · 20260414 ~ 20250919
2026-09-08 20:11:02    079000    15건 · 20260416 ~ 20250912
2026-09-08 20:11:03    079170     2건 · 20260813 ~ 20260813
2026-09-08 20:11:05    079190    50건 · 20260820 ~ 20251014
2026-09-08 20:11:07    079370    81건 · 20260907 ~ 20250906
2026-09-08 20:11:08    079430   204건 · 20260907 ~ 20260209
2026-09-08 20:11:10    079650    54건 · 20260908 ~ 20251117
2026-09-08 20:11:10    079660  뉴스 없음
2026-09-08 20:11:12    079810    21건 · 20260904 ~ 20251031
2026-09-08 20:11:13    079940   202건 · 20260907 ~ 20260205
2026-09-08 20:11:15    079950    51건 · 20260826 ~ 20250910
2026-09-08 20:11:16    079960    41건 · 20260808 ~ 20250916
2026-09-08 20:11:18    079970    54건 · 20260901 ~ 20250918
2026-09-08 20:11:20    079980    48건 · 20260813 ~ 20251016
2026-09-08 20:11:21    080000     8건 · 20260827 ~ 20251127
2026-09-08 20:11:22    080010    12건 · 20260626 ~ 20251221
2026-09-08 20:11:23    080160    82건 · 20260821 ~ 20250908
2026-09-08 20:11:25    080220   202건 · 20260906 ~ 20260209
2026-09-08 20:11:26    080420    11건 · 20260722 ~ 20251209
2026-09-08 20:11:26    080440  뉴스 없음
2026-09-08 20:11:27    080470    10건 · 20260806 ~ 20251218
2026-09-08 20:11:28    080520    20건 · 20260706 ~ 20250912
2026-09-08 20:11:30    080530    20건 · 20260818 ~ 20260210
2026-09-08 20:11:31    080580    64건 · 20260828 ~ 20250911
2026-09-08 20:11:33    080720    92건 · 20260902 ~ 20250909
2026-09-08 20:11:34    081000    23건 · 20260527 ~ 20251013
2026-09-08 20:11:35    081090  뉴스 없음
2026-09-08 20:11:36    081150    27건 · 20260805 ~ 20251010
2026-09-08 20:11:37    081180    31건 · 20260825 ~ 20250916
2026-09-08 20:11:38    081220  뉴스 없음
2026-09-08 20:11:39    081580    10건 · 20260320 ~ 20251105
2026-09-08 20:11:39    081970  뉴스 없음
2026-09-08 20:11:41    082210    43건 · 20260814 ~ 20250908
2026-09-08 20:11:42    082270   127건 · 20260827 ~ 20250908
2026-09-08 20:11:43    082390  뉴스 없음
2026-09-08 20:11:44    082660    16건 · 20260908 ~ 20251010
2026-09-08 20:11:46    082740   201건 · 20260908 ~ 20260330
2026-09-08 20:11:48    082800   110건 · 20260901 ~ 20250908
2026-09-08 20:11:50    082850    21건 · 20260908 ~ 20250930
2026-09-08 20:11:51    082920   127건 · 20260904 ~ 20250909
2026-09-08 20:11:52    082930  뉴스 없음
2026-09-08 20:11:53    083310    20건 · 20260818 ~ 20250911
2026-09-08 20:11:55    083420    58건 · 20260908 ~ 20250912
2026-09-08 20:11:56    083450    46건 · 20260907 ~ 20250914
2026-09-08 20:11:58    083470    66건 · 20260813 ~ 20250912
2026-09-08 20:11:59    083500    34건 · 20260908 ~ 20250925
2026-09-08 20:12:00    083550    13건 · 20260827 ~ 20250926
2026-09-08 20:12:01    083640    31건 · 20260904 ~ 20260119
2026-09-08 20:12:03    083650   204건 · 20260908 ~ 20251121
2026-09-08 20:12:04    083660    54건 · 20260828 ~ 20251015
2026-09-08 20:12:06    083790    62건 · 20260829 ~ 20250908
2026-09-08 20:12:08    083930    40건 · 20260827 ~ 20250915
2026-09-08 20:12:09    084010   113건 · 20260827 ~ 20250912
2026-09-08 20:12:11    084110   177건 · 20260908 ~ 20250908
2026-09-08 20:12:12    084180   133건 · 20260907 ~ 20250912
2026-09-08 20:12:14    084370   100건 · 20260907 ~ 20250912
2026-09-08 20:12:15    084450  뉴스 없음
2026-09-08 20:12:16    084650    82건 · 20260828 ~ 20251001
2026-09-08 20:12:18    084670   202건 · 20260720 ~ 20251110
2026-09-08 20:12:19    084680    32건 · 20260905 ~ 20250907
2026-09-08 20:12:21    084690   135건 · 20260908 ~ 20250909
2026-09-08 20:12:22    084695     6건 · 20251001 ~ 20260225
2026-09-08 20:12:23    084730    71건 · 20260906 ~ 20250915
2026-09-08 20:12:25    084850    59건 · 20260819 ~ 20250908
2026-09-08 20:12:27    084870    51건 · 20260827 ~ 20251208
2026-09-08 20:12:28    084990    55건 · 20260908 ~ 20250911
2026-09-08 20:12:31    085310    42건 · 20260819 ~ 20250911
2026-09-08 20:12:32    085370     9건 · 20260309 ~ 20250929
2026-09-08 20:12:33    08537M  뉴스 없음
2026-09-08 20:12:33    085670    14건 · 20260721 ~ 20250909
2026-09-08 20:12:35    085810    34건 · 20260706 ~ 20250909
2026-09-08 20:12:36    085910    53건 · 20260827 ~ 20250924
2026-09-08 20:12:38    086040    35건 · 20260819 ~ 20250907
2026-09-08 20:12:39    086060     7건 · 20260319 ~ 20250914
2026-09-08 20:12:40    086200  뉴스 없음
2026-09-08 20:12:40    086250  뉴스 없음
2026-09-08 20:12:41    086390    31건 · 20260903 ~ 20250908
2026-09-08 20:12:43    086450   204건 · 20260908 ~ 20260524
2026-09-08 20:12:45    086520   238건 · 20260908 ~ 20260831
2026-09-08 20:12:46    086670    39건 · 20260824 ~ 20250908
2026-09-08 20:12:47    086710    40건 · 20260906 ~ 20250907
2026-09-08 20:12:48    086720  뉴스 없음
2026-09-08 20:12:50    086820   147건 · 20260908 ~ 20250911
2026-09-08 20:12:50    086830  뉴스 없음
2026-09-08 20:12:52    086890    52건 · 20260824 ~ 20250922
2026-09-08 20:12:53    086900   203건 · 20260908 ~ 20251230
2026-09-08 20:12:55    086960    72건 · 20260906 ~ 20250904
2026-09-08 20:12:56    086980    47건 · 20260902 ~ 20250911
2026-09-08 20:12:58    087010   211건 · 20260908 ~ 20260730
2026-09-08 20:12:59    087220  뉴스 없음
2026-09-08 20:13:00    087260    60건 · 20260818 ~ 20251008
2026-09-08 20:13:01    087600    15건 · 20260906 ~ 20250923
2026-09-08 20:13:02    087730  뉴스 없음
2026-09-08 20:13:03    088130    20건 · 20260813 ~ 20250916
2026-09-08 20:13:05    088260    30건 · 20260901 ~ 20250916
2026-09-08 20:13:06    088280    18건 · 20260827 ~ 20260204
2026-09-08 20:13:07    088290    28건 · 20260814 ~ 20251106
2026-09-08 20:13:09    088340    53건 · 20260901 ~ 20250908
2026-09-08 20:13:10    088390    52건 · 20260819 ~ 20250911
2026-09-08 20:13:11    088700  뉴스 없음
2026-09-08 20:13:12    088790    35건 · 20260820 ~ 20250909
2026-09-08 20:13:14    088800    62건 · 20260902 ~ 20250930
2026-09-08 20:13:15    088910    23건 · 20260820 ~ 20251031
2026-09-08 20:13:16    088960  뉴스 없음
2026-09-08 20:13:17    089010    69건 · 20260904 ~ 20250914
2026-09-08 20:13:19    089030   200건 · 20260903 ~ 20251002
2026-09-08 20:13:21    089140    50건 · 20260902 ~ 20250908
2026-09-08 20:13:22    089150     5건 · 20260421 ~ 20250908
2026-09-08 20:13:23    089230    46건 · 20260810 ~ 20250910
2026-09-08 20:13:25    089470    39건 · 20260417 ~ 20250925
2026-09-08 20:13:25    089480  뉴스 없음
2026-09-08 20:13:26    089530     1건 · 20251121 ~ 20251121
2026-09-08 20:13:28    089600    96건 · 20260907 ~ 20250930
2026-09-08 20:13:29    089790    13건 · 20260702 ~ 20250922
2026-09-08 20:13:30    089850    15건 · 20260903 ~ 20251013
2026-09-08 20:13:31    089890    36건 · 20260803 ~ 20251001
2026-09-08 20:13:33    089970    83건 · 20260902 ~ 20250918
2026-09-08 20:13:34    089980    16건 · 20260605 ~ 20250923
2026-09-08 20:13:35    090080    25건 · 20260908 ~ 20250921
2026-09-08 20:13:35    090120  뉴스 없음
2026-09-08 20:13:36    090150    20건 · 20260819 ~ 20250909
2026-09-08 20:13:38    090350   204건 · 20260908 ~ 20250908
2026-09-08 20:13:40    090360   203건 · 20260908 ~ 20251105
2026-09-08 20:13:41    090370    81건 · 20260908 ~ 20250924
2026-09-08 20:13:42    090410    29건 · 20260901 ~ 20260211
2026-09-08 20:13:44    090460    80건 · 20260907 ~ 20250910
2026-09-08 20:13:46    090470    35건 · 20260902 ~ 20251118
2026-09-08 20:13:46    090540  뉴스 없음
2026-09-08 20:13:48    090710   200건 · 20260825 ~ 20251117
2026-09-08 20:13:48    090730  뉴스 없음
2026-09-08 20:13:49    090740  뉴스 없음
2026-09-08 20:13:51    090850    79건 · 20260907 ~ 20250916
2026-09-08 20:13:52    091090    20건 · 20260513 ~ 20251016
2026-09-08 20:13:53    091120    17건 · 20260825 ~ 20250922
2026-09-08 20:13:54    091340    20건 · 20260907 ~ 20251104
2026-09-08 20:13:56    091440    46건 · 20260908 ~ 20250916
2026-09-08 20:13:57    091580    28건 · 20260827 ~ 20250922
2026-09-08 20:13:59    091590    76건 · 20260902 ~ 20251002
2026-09-08 20:13:59    091690  뉴스 없음
2026-09-08 20:14:01    091810   207건 · 20260908 ~ 20260716
2026-09-08 20:14:03    091970    53건 · 20260902 ~ 20251002
2026-09-08 20:14:04    092040    83건 · 20260907 ~ 20250907
2026-09-08 20:14:05    092070    10건 · 20260818 ~ 20250922
2026-09-08 20:14:07    092130    67건 · 20260819 ~ 20250909
2026-09-08 20:14:08    092190    30건 · 20260907 ~ 20251016
2026-09-08 20:14:10    092200    57건 · 20260803 ~ 20250910
2026-09-08 20:14:11    092220    52건 · 20260908 ~ 20251010
2026-09-08 20:14:12    092230    13건 · 20260703 ~ 20251202
2026-09-08 20:14:13    092300    16건 · 20260803 ~ 20250903
2026-09-08 20:14:14    092440  뉴스 없음
2026-09-08 20:14:15    092460    75건 · 20260824 ~ 20250908
2026-09-08 20:14:17    092600    40건 · 20260814 ~ 20250908
2026-09-08 20:14:18    092730    34건 · 20260908 ~ 20250910
2026-09-08 20:14:20    092780    40건 · 20260904 ~ 20251023
2026-09-08 20:14:21    092790    53건 · 20260903 ~ 20250919
2026-09-08 20:14:23    092870    36건 · 20260903 ~ 20250929
2026-09-08 20:14:24    093190     8건 · 20260204 ~ 20251022
2026-09-08 20:14:25    093230    22건 · 20260810 ~ 20250908
2026-09-08 20:14:27    093240   200건 · 20260904 ~ 20251216
2026-09-08 20:14:28    093320    58건 · 20260907 ~ 20250910
2026-09-08 20:14:30    093370   128건 · 20260908 ~ 20250915
2026-09-08 20:14:31    093380     2건 · 20260310 ~ 20251110
2026-09-08 20:14:32    093520    22건 · 20260901 ~ 20250909
2026-09-08 20:14:34    093640    72건 · 20260901 ~ 20250912
2026-09-08 20:14:34    093820  뉴스 없음
2026-09-08 20:14:35    093920     4건 · 20260204 ~ 20260204
2026-09-08 20:14:37    094170    77건 · 20260907 ~ 20250923
2026-09-08 20:14:38    094190  뉴스 없음
2026-09-08 20:14:39    094280    49건 · 20260813 ~ 20250915
2026-09-08 20:14:41    094360    81건 · 20260903 ~ 20250912
2026-09-08 20:14:42    094480   134건 · 20260908 ~ 20250916
2026-09-08 20:14:43    094520  뉴스 없음
2026-09-08 20:14:44    094700  뉴스 없음
2026-09-08 20:14:44    094820    16건 · 20260826 ~ 20251219
2026-09-08 20:14:46    094840    25건 · 20260819 ~ 20250922
2026-09-08 20:14:47    094850   105건 · 20260829 ~ 20250910
2026-09-08 20:14:49    094860    41건 · 20260908 ~ 20250917
2026-09-08 20:14:50    094940    20건 · 20260825 ~ 20250916
2026-09-08 20:14:51    094970     4건 · 20260820 ~ 20260226
2026-09-08 20:14:52    095190    22건 · 20260904 ~ 20250925
2026-09-08 20:14:54    095270    48건 · 20260825 ~ 20250910
2026-09-08 20:14:55    095300  뉴스 없음
2026-09-08 20:14:56    095340   172건 · 20260908 ~ 20250910
2026-09-08 20:14:58    095500    46건 · 20260709 ~ 20250924
2026-09-08 20:14:59    095570    74건 · 20260905 ~ 20250908
2026-09-08 20:15:01    095610   202건 · 20260908 ~ 20260519
2026-09-08 20:15:03    095700    76건 · 20260908 ~ 20250912
2026-09-08 20:15:04    095720   181건 · 20260903 ~ 20250909
2026-09-08 20:15:06    095910    80건 · 20260825 ~ 20251128
2026-09-08 20:15:07    096040    20건 · 20260529 ~ 20250908
2026-09-08 20:15:08    096240    83건 · 20260901 ~ 20250907
2026-09-08 20:15:10    096250   198건 · 20260903 ~ 20250903
2026-09-08 20:15:11    096300     5건 · 20260904 ~ 20250909
2026-09-08 20:15:13    096350    56건 · 20260908 ~ 20250907
2026-09-08 20:15:14    096530   106건 · 20260903 ~ 20250910
2026-09-08 20:15:15    096610    32건 · 20260902 ~ 20251001
2026-09-08 20:15:17    096630    28건 · 20260707 ~ 20250917
2026-09-08 20:15:17    096640  뉴스 없음
2026-09-08 20:15:19    096690    49건 · 20260904 ~ 20251021
2026-09-08 20:15:20    096760    60건 · 20260902 ~ 20250922
2026-09-08 20:15:21    096775     3건 · 20260826 ~ 20260622
2026-09-08 20:15:22    096870     5건 · 20251112 ~ 20260902
2026-09-08 20:15:24    097230   203건 · 20260908 ~ 20260605
2026-09-08 20:15:26    097520    79건 · 20260825 ~ 20250910
2026-09-08 20:15:27    097780    22건 · 20260821 ~ 20250908
2026-09-08 20:15:28    097800    21건 · 20260818 ~ 20250909
2026-09-08 20:15:29    097870    30건 · 20260714 ~ 20250910
2026-09-08 20:15:30    097955  뉴스 없음
2026-09-08 20:15:31    097959  뉴스 없음
2026-09-08 20:15:32    098120    20건 · 20260907 ~ 20250908
2026-09-08 20:15:32    098400  뉴스 없음
2026-09-08 20:15:34    098460   138건 · 20260907 ~ 20250923
2026-09-08 20:15:35    098660     7건 · 20260128 ~ 20260904
2026-09-08 20:15:36    099220    22건 · 20260818 ~ 20250929
2026-09-08 20:15:38    099320   202건 · 20260904 ~ 20260108
2026-09-08 20:15:38    099340  뉴스 없음
2026-09-08 20:15:39    099390    20건 · 20260721 ~ 20250915
2026-09-08 20:15:40    099410     6건 · 20260511 ~ 20250909
2026-09-08 20:15:42    099430   100건 · 20260828 ~ 20250905
2026-09-08 20:15:43    099440   125건 · 20260907 ~ 20250908
2026-09-08 20:15:44    099520     6건 · 20260423 ~ 20251017
2026-09-08 20:15:45    099660  뉴스 없음
2026-09-08 20:15:47    099750    71건 · 20260904 ~ 20250921
2026-09-08 20:15:47    099830  뉴스 없음
2026-09-08 20:15:48    100030     6건 · 20260803 ~ 20251031
2026-09-08 20:15:50    100090   202건 · 20260908 ~ 20260120
2026-09-08 20:15:51    100120    50건 · 20260821 ~ 20250910
2026-09-08 20:15:53    100130    25건 · 20260827 ~ 20251028
2026-09-08 20:15:54    100220    99건 · 20260908 ~ 20250909
2026-09-08 20:15:55    100250    28건 · 20260722 ~ 20251206
2026-09-08 20:15:57    100590    62건 · 20260819 ~ 20250925
2026-09-08 20:15:58    100660    12건 · 20260630 ~ 20250909
2026-09-08 20:15:59    100700     2건 · 20260409 ~ 20260226
2026-09-08 20:16:01    100790   202건 · 20260908 ~ 20260421
2026-09-08 20:16:02    100840    70건 · 20260907 ~ 20250908
2026-09-08 20:16:04    101000    49건 · 20260907 ~ 20250909
2026-09-08 20:16:05    101140    40건 · 20260803 ~ 20251017
2026-09-08 20:16:07    101160    63건 · 20260908 ~ 20251030
2026-09-08 20:16:09    101170    45건 · 20260707 ~ 20251010
2026-09-08 20:16:10    101240    11건 · 20260413 ~ 20250915
2026-09-08 20:16:11    101330    20건 · 20260903 ~ 20260108
2026-09-08 20:16:12    101360    63건 · 20260902 ~ 20250910
2026-09-08 20:16:13    101390     3건 · 20260727 ~ 20260317
2026-09-08 20:16:15    101400    43건 · 20260818 ~ 20251001
2026-09-08 20:16:17    101490    81건 · 20260901 ~ 20250909
2026-09-08 20:16:18    101530   201건 · 20260907 ~ 20260113
2026-09-08 20:16:20    101670    79건 · 20260908 ~ 20250910
2026-09-08 20:16:21    101680    21건 · 20260806 ~ 20250911
2026-09-08 20:16:22    101730   199건 · 20260901 ~ 20260209
2026-09-08 20:16:23    101930    16건 · 20260624 ~ 20250909
2026-09-08 20:16:25    101970    20건 · 20260727 ~ 20250910
2026-09-08 20:16:25    101990  뉴스 없음
2026-09-08 20:16:27    102120    40건 · 20260818 ~ 20250909
2026-09-08 20:16:27    102210  뉴스 없음
2026-09-08 20:16:29    102260    70건 · 20260906 ~ 20250910
2026-09-08 20:16:30    102280    28건 · 20260818 ~ 20250917
2026-09-08 20:16:32    102370    48건 · 20260822 ~ 20250912
2026-09-08 20:16:34    102460    40건 · 20260907 ~ 20250908
2026-09-08 20:16:35    102710    35건 · 20260831 ~ 20250910
2026-09-08 20:16:36    102940   205건 · 20260908 ~ 20250929
2026-09-08 20:16:37    103130  뉴스 없음
2026-09-08 20:16:38    103230    22건 · 20260908 ~ 20250911
2026-09-08 20:16:40    103590   201건 · 20260907 ~ 20260212
2026-09-08 20:16:41    103840     4건 · 20251117 ~ 20250912
2026-09-08 20:16:42    104040    73건 · 20260905 ~ 20250910
2026-09-08 20:16:43    104110  뉴스 없음
2026-09-08 20:16:44    104120  뉴스 없음
2026-09-08 20:16:45    104200    81건 · 20260820 ~ 20250923
2026-09-08 20:16:46    104460     9건 · 20260219 ~ 20250930
2026-09-08 20:16:47    104480    33건 · 20260728 ~ 20251021
2026-09-08 20:16:48    104540    12건 · 20260724 ~ 20251114
2026-09-08 20:16:50    104620   202건 · 20260908 ~ 20251220
2026-09-08 20:16:51    104700    29건 · 20260826 ~ 20250908
2026-09-08 20:16:53    104830    71건 · 20260901 ~ 20250912
2026-09-08 20:16:54    105070  뉴스 없음
2026-09-08 20:16:54    105330     8건 · 20260507 ~ 20251024
2026-09-08 20:16:56    105550    41건 · 20260830 ~ 20250917
2026-09-08 20:16:58    105630   188건 · 20260908 ~ 20250907
2026-09-08 20:16:59    105740    30건 · 20260908 ~ 20250909
2026-09-08 20:17:00    105760    23건 · 20260811 ~ 20250916
2026-09-08 20:17:02    105840    92건 · 20260908 ~ 20250903
2026-09-08 20:17:03    106080    48건 · 20260831 ~ 20250910
2026-09-08 20:17:04    106190     6건 · 20260427 ~ 20260320
2026-09-08 20:17:06    106240    47건 · 20260806 ~ 20251001
2026-09-08 20:17:07    106520    21건 · 20260715 ~ 20250914
2026-09-08 20:17:09    107590    20건 · 20260504 ~ 20250915
2026-09-08 20:17:10    107600    15건 · 20260814 ~ 20251013
2026-09-08 20:17:11    107640    82건 · 20260828 ~ 20250910
2026-09-08 20:17:12    108230    15건 · 20260904 ~ 20251023
2026-09-08 20:17:14    108380    62건 · 20260901 ~ 20250908
2026-09-08 20:17:15    108490   218건 · 20260908 ~ 20260803
2026-09-08 20:17:16    108675  뉴스 없음
2026-09-08 20:17:17    108790  뉴스 없음
2026-09-08 20:17:18    108860   171건 · 20260904 ~ 20250911
2026-09-08 20:17:19    109070    32건 · 20260831 ~ 20250922
2026-09-08 20:17:20    109080    13건 · 20260712 ~ 20260325
2026-09-08 20:17:21    109610     5건 · 20260709 ~ 20250919
2026-09-08 20:17:22    109670    15건 · 20260823 ~ 20250925
2026-09-08 20:17:23    109740     9건 · 20251201 ~ 20250908
2026-09-08 20:17:25    109820    42건 · 20260828 ~ 20250917
2026-09-08 20:17:26    109860     4건 · 20260904 ~ 20250923
2026-09-08 20:17:27    109960    13건 · 20260819 ~ 20250916
2026-09-08 20:17:28    110020    11건 · 20260722 ~ 20250929
2026-09-08 20:17:28    110310  뉴스 없음
2026-09-08 20:17:29    110500  뉴스 없음
2026-09-08 20:17:29    110570  뉴스 없음
2026-09-08 20:17:31    110790    24건 · 20260812 ~ 20250929
2026-09-08 20:17:32    110990    51건 · 20260615 ~ 20250922
2026-09-08 20:17:33    111110    26건 · 20260818 ~ 20250911
2026-09-08 20:17:35    111380    23건 · 20260709 ~ 20251024
2026-09-08 20:17:35    111610  뉴스 없음
2026-09-08 20:17:37    111710    23건 · 20260712 ~ 20260324
2026-09-08 20:17:37    111820  뉴스 없음
2026-09-08 20:17:38    111870    16건 · 20260709 ~ 20251019
2026-09-08 20:17:39    112240  뉴스 없음
2026-09-08 20:17:40    112290    52건 · 20260831 ~ 20250911
2026-09-08 20:17:41    113810    18건 · 20260819 ~ 20251022
2026-09-08 20:17:42    114120     2건 · 20251211 ~ 20251211
2026-09-08 20:17:44    114190    68건 · 20260908 ~ 20250924
2026-09-08 20:17:45    114450    31건 · 20260824 ~ 20250909
2026-09-08 20:17:46    114570  뉴스 없음
2026-09-08 20:17:47    114630    20건 · 20260818 ~ 20251027
2026-09-08 20:17:49    114810    52건 · 20260901 ~ 20250924
2026-09-08 20:17:50    114840    75건 · 20260829 ~ 20250903
2026-09-08 20:17:52    115160    37건 · 20260908 ~ 20260104
2026-09-08 20:17:53    115180   204건 · 20260908 ~ 20250919
2026-09-08 20:17:55    115310    24건 · 20260720 ~ 20250908
2026-09-08 20:17:56    115440    36건 · 20260903 ~ 20250930
2026-09-08 20:17:58    115450   142건 · 20260904 ~ 20250928
2026-09-08 20:17:59    115480    50건 · 20260908 ~ 20251031
2026-09-08 20:18:01    115500    79건 · 20260825 ~ 20250916
2026-09-08 20:18:02    115530    37건 · 20260902 ~ 20251112
2026-09-08 20:18:03    115570     8건 · 20260902 ~ 20251229
2026-09-08 20:18:05    115610    38건 · 20260813 ~ 20250917
2026-09-08 20:18:06    115960    13건 · 20260828 ~ 20251013
2026-09-08 20:18:08    117580   116건 · 20260731 ~ 20250917
2026-09-08 20:18:09    117670    40건 · 20260901 ~ 20250908
2026-09-08 20:18:11    117730   201건 · 20260906 ~ 20250916
2026-09-08 20:18:11    117930  뉴스 없음
2026-09-08 20:18:13    118000    36건 · 20260827 ~ 20250922
2026-09-08 20:18:14    118990    71건 · 20260902 ~ 20250915
2026-09-08 20:18:15    119250  뉴스 없음
2026-09-08 20:18:16    119500    20건 · 20260607 ~ 20251126
2026-09-08 20:18:18    119610    65건 · 20260828 ~ 20250916
2026-09-08 20:18:19    119650    32건 · 20260722 ~ 20251231
2026-09-08 20:18:20    119830    17건 · 20260819 ~ 20250909
2026-09-08 20:18:22    119850    62건 · 20260908 ~ 20250908
2026-09-08 20:18:24    119860   127건 · 20260907 ~ 20250910
2026-09-08 20:18:25    120030    20건 · 20260824 ~ 20250908
2026-09-08 20:18:25    120115  뉴스 없음
2026-09-08 20:18:26    120240     2건 · 20260224 ~ 20260224
2026-09-08 20:18:28    121440    54건 · 20260907 ~ 20250910
2026-09-08 20:18:29    121550  뉴스 없음
2026-09-08 20:18:30    121600    57건 · 20260831 ~ 20250910
2026-09-08 20:18:31    121800    21건 · 20260908 ~ 20251024
2026-09-08 20:18:33    121850    41건 · 20260908 ~ 20250916
2026-09-08 20:18:34    121890     2건 · 20260828 ~ 20250923
2026-09-08 20:18:35    121910  뉴스 없음
2026-09-08 20:18:35    121950  뉴스 없음
2026-09-08 20:18:36    122290  뉴스 없음
2026-09-08 20:18:37    122310    41건 · 20260722 ~ 20250908
2026-09-08 20:18:39    122350    82건 · 20260903 ~ 20250920
2026-09-08 20:18:40    122450    17건 · 20260903 ~ 20251024
2026-09-08 20:18:41    122640   106건 · 20260902 ~ 20250916
2026-09-08 20:18:43    122690    30건 · 20260702 ~ 20251112
2026-09-08 20:18:43    122800  뉴스 없음
2026-09-08 20:18:44    122990    11건 · 20260623 ~ 20251022
2026-09-08 20:18:46    123010    71건 · 20260821 ~ 20250918
2026-09-08 20:18:47    123040    12건 · 20260819 ~ 20250925
2026-09-08 20:18:47    123100  뉴스 없음
2026-09-08 20:18:48    123260  뉴스 없음
2026-09-08 20:18:49    123330    21건 · 20260907 ~ 20250918
2026-09-08 20:18:51    123410    33건 · 20260825 ~ 20250909
2026-09-08 20:18:52    123420   124건 · 20260831 ~ 20250903
2026-09-08 20:18:54    123570    20건 · 20260907 ~ 20250915
2026-09-08 20:18:55    123690   105건 · 20260904 ~ 20250910
2026-09-08 20:18:56    123700     4건 · 20260827 ~ 20251027
2026-09-08 20:18:58    123750    35건 · 20260826 ~ 20251024
2026-09-08 20:18:59    123840    24건 · 20260731 ~ 20251023
2026-09-08 20:19:00    123860    15건 · 20260708 ~ 20250908
2026-09-08 20:19:02    123890   126건 · 20260908 ~ 20250912
2026-09-08 20:19:03    124500   201건 · 20260903 ~ 20250923
2026-09-08 20:19:05    124560    69건 · 20260904 ~ 20250915
2026-09-08 20:19:06    125020    23건 · 20260902 ~ 20251014
2026-09-08 20:19:07    125210    16건 · 20260722 ~ 20251015
2026-09-08 20:19:09    125490   131건 · 20260907 ~ 20250909
2026-09-08 20:19:10    126340    49건 · 20260907 ~ 20250910
2026-09-08 20:19:12    126560    84건 · 20260907 ~ 20250916
2026-09-08 20:19:13    126600    14건 · 20260819 ~ 20251106
2026-09-08 20:19:15    126640    50건 · 20260902 ~ 20250908
2026-09-08 20:19:16    126700    29건 · 20260617 ~ 20250909
2026-09-08 20:19:17    126730    30건 · 20260901 ~ 20250903
2026-09-08 20:19:18    126870  뉴스 없음
2026-09-08 20:19:19    126880    14건 · 20260826 ~ 20251001
2026-09-08 20:19:20    127120    73건 · 20260907 ~ 20250908
2026-09-08 20:19:21    127160  뉴스 없음
2026-09-08 20:19:23    127710   118건 · 20260903 ~ 20250909
2026-09-08 20:19:24    127980     2건 · 20260323 ~ 20260215
2026-09-08 20:19:25    128540     5건 · 20260115 ~ 20260113
2026-09-08 20:19:26    128660     9건 · 20260811 ~ 20260116
2026-09-08 20:19:27    128820    68건 · 20260730 ~ 20250911
2026-09-08 20:19:29    129260    37건 · 20260727 ~ 20250922
2026-09-08 20:19:30    129890    42건 · 20260818 ~ 20250908
2026-09-08 20:19:32    129920    97건 · 20260819 ~ 20250909
2026-09-08 20:19:33    130500     9건 · 20260821 ~ 20260313
2026-09-08 20:19:34    130580    76건 · 20260907 ~ 20250909
2026-09-08 20:19:36    130660   139건 · 20260908 ~ 20250920
2026-09-08 20:19:37    130740    20건 · 20260602 ~ 20250915
2026-09-08 20:19:38    130960  뉴스 없음
2026-09-08 20:19:39    131030    31건 · 20260721 ~ 20250923
2026-09-08 20:19:40    131090    11건 · 20260629 ~ 20251002
2026-09-08 20:19:41    131100     7건 · 20260727 ~ 20250908
2026-09-08 20:19:42    131180    23건 · 20260812 ~ 20250915
2026-09-08 20:19:44    131220    38건 · 20260907 ~ 20251020
2026-09-08 20:19:45    131290    40건 · 20260903 ~ 20250915
2026-09-08 20:19:47    131370    45건 · 20260907 ~ 20250911
2026-09-08 20:19:48    131390     3건 · 20260821 ~ 20260310
2026-09-08 20:19:49    131400   127건 · 20260904 ~ 20250908
2026-09-08 20:19:51    131760    46건 · 20260810 ~ 20250929
2026-09-08 20:19:52    131970   203건 · 20260908 ~ 20251015
2026-09-08 20:19:53    133750     4건 · 20260325 ~ 20260312
2026-09-08 20:19:55    133820    35건 · 20260824 ~ 20250909
2026-09-08 20:19:56    134060    14건 · 20260819 ~ 20251117
2026-09-08 20:19:57    134380    20건 · 20260421 ~ 20251022
2026-09-08 20:19:59    134580    35건 · 20260902 ~ 20250916
2026-09-08 20:19:59    134780  뉴스 없음
2026-09-08 20:20:00    134790     2건 · 20260724 ~ 20260103
2026-09-08 20:20:01    136150    31건 · 20260908 ~ 20250917
2026-09-08 20:20:03    136410    21건 · 20260814 ~ 20250916
2026-09-08 20:20:04    136480   201건 · 20260906 ~ 20250916
2026-09-08 20:20:06    136490    44건 · 20260902 ~ 20250914
2026-09-08 20:20:07    136510    13건 · 20260517 ~ 20260203
2026-09-08 20:20:08    136540    44건 · 20260903 ~ 20250919
2026-09-08 20:20:10    137080    29건 · 20260818 ~ 20250911
2026-09-08 20:20:11    137400   123건 · 20260907 ~ 20250909
2026-09-08 20:20:13    137940    20건 · 20260818 ~ 20251030
2026-09-08 20:20:14    137950    36건 · 20260901 ~ 20251015
2026-09-08 20:20:16    138040   215건 · 20260908 ~ 20260731
2026-09-08 20:20:17    138070     2건 · 20260615 ~ 20260215
2026-09-08 20:20:18    138080   133건 · 20260905 ~ 20250911
2026-09-08 20:20:20    138250   205건 · 20260903 ~ 20260421
2026-09-08 20:20:22    138360   117건 · 20260824 ~ 20250919
2026-09-08 20:20:23    138490   114건 · 20260903 ~ 20251009
2026-09-08 20:20:24    138580     2건 · 20260627 ~ 20251226
2026-09-08 20:20:26    138610    95건 · 20260907 ~ 20250909
2026-09-08 20:20:27    138690     4건 · 20260427 ~ 20251113
2026-09-08 20:20:28    139050    22건 · 20260901 ~ 20251016
2026-09-08 20:20:29    139200  뉴스 없음
2026-09-08 20:20:30    139670    30건 · 20260826 ~ 20250924
2026-09-08 20:20:31    139990    58건 · 20260805 ~ 20251003
2026-09-08 20:20:33    140070    48건 · 20260903 ~ 20250910
2026-09-08 20:20:34    140410   184건 · 20260907 ~ 20250908
2026-09-08 20:20:36    140430    58건 · 20260903 ~ 20251028
2026-09-08 20:20:37    140520     2건 · 20260519 ~ 20260226
2026-09-08 20:20:39    140670    71건 · 20260826 ~ 20250912
2026-09-08 20:20:40    140860   123건 · 20260907 ~ 20250911
2026-09-08 20:20:41    140910    10건 · 20260529 ~ 20260212
2026-09-08 20:20:42    141000    27건 · 20260716 ~ 20250916
2026-09-08 20:20:43    141020     3건 · 20260529 ~ 20260415
2026-09-08 20:20:44    141070  뉴스 없음
2026-09-08 20:20:46    141080   202건 · 20260908 ~ 20260801
2026-09-08 20:20:47    142210    18건 · 20260821 ~ 20251030
2026-09-08 20:20:48    142280    62건 · 20260903 ~ 20250919
2026-09-08 20:20:50    142760   148건 · 20260907 ~ 20250907
2026-09-08 20:20:51    143160    20건 · 20260702 ~ 20251030
2026-09-08 20:20:53    143210    31건 · 20260709 ~ 20251020
2026-09-08 20:20:54    143240   133건 · 20260827 ~ 20250911
2026-09-08 20:20:56    143540    35건 · 20260820 ~ 20250924
2026-09-08 20:20:56    144620  뉴스 없음
2026-09-08 20:20:58    144960    22건 · 20260904 ~ 20250926
2026-09-08 20:20:59    145170    10건 · 20260729 ~ 20251002
2026-09-08 20:21:00    145210    71건 · 20260902 ~ 20250917
2026-09-08 20:21:01    145270     6건 · 20260901 ~ 20251117
2026-09-08 20:21:03    145990   212건 · 20260908 ~ 20260427
2026-09-08 20:21:04    146060    20건 · 20260814 ~ 20250929
2026-09-08 20:21:05    146320    29건 · 20260903 ~ 20250919
2026-09-08 20:21:07    147760    25건 · 20260709 ~ 20250923
2026-09-08 20:21:08    147830    19건 · 20260827 ~ 20251106
2026-09-08 20:21:09    148140     1건 · 20260306 ~ 20260306
2026-09-08 20:21:10    148150    10건 · 20260904 ~ 20250918
2026-09-08 20:21:11    148250    50건 · 20260825 ~ 20250915
2026-09-08 20:21:13    148780    51건 · 20260904 ~ 20250930
2026-09-08 20:21:14    148930    11건 · 20260819 ~ 20260209
2026-09-08 20:21:14    149940  뉴스 없음
2026-09-08 20:21:15    149950    29건 · 20260826 ~ 20250916
2026-09-08 20:21:17    149980    53건 · 20260906 ~ 20251010
2026-09-08 20:21:18    150840    20건 · 20260827 ~ 20251014
2026-09-08 20:21:20    150900   148건 · 20260905 ~ 20250910
2026-09-08 20:21:22    151860    69건 · 20260902 ~ 20250915
2026-09-08 20:21:23    151910    20건 · 20260605 ~ 20251023
2026-09-08 20:21:23    152330  뉴스 없음
2026-09-08 20:21:25    152550   127건 · 20260502 ~ 20250917
2026-09-08 20:21:26    153360  뉴스 없음
2026-09-08 20:21:27    153460    40건 · 20260824 ~ 20251029
2026-09-08 20:21:28    153490    27건 · 20260907 ~ 20251001
2026-09-08 20:21:30    153710    20건 · 20260810 ~ 20250910
2026-09-08 20:21:31    153890    77건 · 20260813 ~ 20251016
2026-09-08 20:21:32    154030    12건 · 20260826 ~ 20250922
2026-09-08 20:21:33    154040    15건 · 20260812 ~ 20250926
2026-09-08 20:21:34    155650    20건 · 20260805 ~ 20251022
2026-09-08 20:21:36    155660    63건 · 20260907 ~ 20251014
2026-09-08 20:21:37    155900  뉴스 없음
2026-09-08 20:21:37    155960  뉴스 없음
2026-09-08 20:21:39    156100    70건 · 20260831 ~ 20250908
2026-09-08 20:21:40    158310     5건 · 20260819 ~ 20251027
2026-09-08 20:21:40    158380  뉴스 없음
2026-09-08 20:21:42    158430   109건 · 20260902 ~ 20250910
2026-09-08 20:21:43    159010    15건 · 20260908 ~ 20250922
2026-09-08 20:21:44    159580    37건 · 20260824 ~ 20251017
2026-09-08 20:21:45    159650  뉴스 없음
2026-09-08 20:21:46    159910   202건 · 20260906 ~ 20260129
2026-09-08 20:21:47    160550    18건 · 20260720 ~ 20251114
2026-09-08 20:21:48    160600     3건 · 20260821 ~ 20250910
2026-09-08 20:21:49    160980    20건 · 20260817 ~ 20250908
2026-09-08 20:21:51    161000   209건 · 20260907 ~ 20250910
2026-09-08 20:21:52    161570  뉴스 없음
2026-09-08 20:21:53    161580    86건 · 20260908 ~ 20250915
2026-09-08 20:21:54    162300    22건 · 20260908 ~ 20251212
2026-09-08 20:21:56    163280    48건 · 20260830 ~ 20250918
2026-09-08 20:21:57    163560    27건 · 20260826 ~ 20250921
2026-09-08 20:21:59    163730    74건 · 20260907 ~ 20250910
2026-09-08 20:22:00    164060     5건 · 20260225 ~ 20251025
2026-09-08 20:22:01    166090   107건 · 20260903 ~ 20250908
2026-09-08 20:22:03    166480    74건 · 20260908 ~ 20250911
2026-09-08 20:22:04    168330     9건 · 20260903 ~ 20251205
2026-09-08 20:22:05    168360    25건 · 20260817 ~ 20250909
2026-09-08 20:22:06    168490  뉴스 없음
2026-09-08 20:22:07    169330   210건 · 20260908 ~ 20260311
2026-09-08 20:22:09    170030    23건 · 20260901 ~ 20251016
2026-09-08 20:22:10    170790   136건 · 20260903 ~ 20250917
2026-09-08 20:22:12    170920    49건 · 20260807 ~ 20250915
2026-09-08 20:22:13    171010    14건 · 20260814 ~ 20251106
2026-09-08 20:22:14    171090   134건 · 20260824 ~ 20250924
2026-09-08 20:22:15    171120     7건 · 20260521 ~ 20251117
2026-09-08 20:22:16    172580  뉴스 없음
2026-09-08 20:22:17    172670    26건 · 20260812 ~ 20250909
2026-09-08 20:22:18    173130     3건 · 20260227 ~ 20260209
2026-09-08 20:22:20    173940    88건 · 20260830 ~ 20250918
2026-09-08 20:22:21    174880    10건 · 20260203 ~ 20251230
2026-09-08 20:22:22    174900   101건 · 20260908 ~ 20250916
2026-09-08 20:22:24    175140    53건 · 20260901 ~ 20250911
2026-09-08 20:22:26    175250    62건 · 20260908 ~ 20250911
2026-09-08 20:22:26    176440     3건 · 20260525 ~ 20251020
2026-09-08 20:22:28    176750    73건 · 20260907 ~ 20250904
2026-09-08 20:22:29    177350    25건 · 20260708 ~ 20250908
2026-09-08 20:22:30    177830    11건 · 20260721 ~ 20250908
2026-09-08 20:22:32    177900    34건 · 20260828 ~ 20250910
2026-09-08 20:22:33    178320   202건 · 20260908 ~ 20260310
2026-09-08 20:22:34    178780     7건 · 20260828 ~ 20251215
2026-09-08 20:22:36    179290    41건 · 20260821 ~ 20250924
2026-09-08 20:22:38    179530    84건 · 20260908 ~ 20250909
2026-09-08 20:22:39    179900    64건 · 20260903 ~ 20250910
2026-09-08 20:22:41    180400    86건 · 20260830 ~ 20250912
2026-09-08 20:22:42    181340     3건 · 20251112 ~ 20251028
2026-09-08 20:22:43    182360    95건 · 20260813 ~ 20250908
2026-09-08 20:22:45    182400    48건 · 20260720 ~ 20250917
2026-09-08 20:22:46    182690  뉴스 없음
2026-09-08 20:22:47    183190   146건 · 20260908 ~ 20250908
2026-09-08 20:22:49    183300    51건 · 20260824 ~ 20250912
2026-09-08 20:22:50    183490    42건 · 20260822 ~ 20250917
2026-09-08 20:22:52    184230   132건 · 20260907 ~ 20250907
2026-09-08 20:22:53    185490    57건 · 20260904 ~ 20250912
2026-09-08 20:22:55    186230    25건 · 20260818 ~ 20250923
2026-09-08 20:22:56    187220    57건 · 20260825 ~ 20250908
2026-09-08 20:22:57    187270     3건 · 20260814 ~ 20250916
2026-09-08 20:22:59    187420   129건 · 20260908 ~ 20250917
2026-09-08 20:23:00    187660   162건 · 20260908 ~ 20250915
2026-09-08 20:23:02    187790    31건 · 20260819 ~ 20250912
2026-09-08 20:23:03    187870   232건 · 20260908 ~ 20260901
2026-09-08 20:23:05    188040    34건 · 20260908 ~ 20250922
2026-09-08 20:23:06    188260    21건 · 20260106 ~ 20260828
2026-09-08 20:23:07    189300   198건 · 20260902 ~ 20250917
2026-09-08 20:23:09    189330    79건 · 20260828 ~ 20250912
2026-09-08 20:23:11    189690    89건 · 20260904 ~ 20250909
2026-09-08 20:23:12    189860    41건 · 20260908 ~ 20251119
2026-09-08 20:23:14    189980    39건 · 20260903 ~ 20250911
2026-09-08 20:23:15    190510    62건 · 20260907 ~ 20250929
2026-09-08 20:23:17    190650    85건 · 20260908 ~ 20250911
2026-09-08 20:23:19    191410    36건 · 20260813 ~ 20250910
2026-09-08 20:23:20    191420    20건 · 20260814 ~ 20251026
2026-09-08 20:23:21    192250    40건 · 20260825 ~ 20250919
2026-09-08 20:23:23    192390    20건 · 20260819 ~ 20260323
2026-09-08 20:23:24    192410    73건 · 20260901 ~ 20250908
2026-09-08 20:23:26    192440    34건 · 20260826 ~ 20251205
2026-09-08 20:23:27    192650    54건 · 20251017 ~ 20260827
2026-09-08 20:23:28    193250    28건 · 20260821 ~ 20251030
2026-09-08 20:23:30    194370    38건 · 20260827 ~ 20250923
2026-09-08 20:23:32    194480   208건 · 20260908 ~ 20260402
2026-09-08 20:23:32    194510  뉴스 없음
2026-09-08 20:23:33    194610  뉴스 없음
2026-09-08 20:23:34    194700    67건 · 20260908 ~ 20250912
2026-09-08 20:23:35    195440  뉴스 없음
2026-09-08 20:23:36    195500    34건 · 20260908 ~ 20250914
2026-09-08 20:23:38    195870   113건 · 20260908 ~ 20250922
2026-09-08 20:23:39    195990    66건 · 20260720 ~ 20250925
2026-09-08 20:23:41    196170   249건 · 20260908 ~ 20260901
2026-09-08 20:23:42    196300   103건 · 20260908 ~ 20250911
2026-09-08 20:23:44    196450    35건 · 20260825 ~ 20251113
2026-09-08 20:23:45    196490    20건 · 20260814 ~ 20251113
2026-09-08 20:23:46    196700    11건 · 20260825 ~ 20251119
2026-09-08 20:23:47    197140     7건 · 20260831 ~ 20251031
2026-09-08 20:23:48    197210  뉴스 없음
2026-09-08 20:23:49    198080     9건 · 20260818 ~ 20251024
2026-09-08 20:23:50    198440    36건 · 20260903 ~ 20250908
2026-09-08 20:23:51    198940    20건 · 20260814 ~ 20251112
2026-09-08 20:23:53    199430    91건 · 20260907 ~ 20250908
2026-09-08 20:23:54    199480    44건 · 20260901 ~ 20250908
2026-09-08 20:23:56    199550    53건 · 20260814 ~ 20250919
2026-09-08 20:23:57    199730     6건 · 20260802 ~ 20260129
2026-09-08 20:23:58    199820    40건 · 20260827 ~ 20250923
2026-09-08 20:24:00    200130   202건 · 20260907 ~ 20251023
2026-09-08 20:24:02    200230    36건 · 20260728 ~ 20250911
2026-09-08 20:24:03    200350    32건 · 20260826 ~ 20250924
2026-09-08 20:24:05    200470    68건 · 20260906 ~ 20250908
2026-09-08 20:24:06    200670   240건 · 20260908 ~ 20250908
2026-09-08 20:24:08    200710    87건 · 20260908 ~ 20250909
2026-09-08 20:24:09    200780    28건 · 20260902 ~ 20251121
2026-09-08 20:24:11    200880    66건 · 20260906 ~ 20251016
2026-09-08 20:24:12    201490    42건 · 20260813 ~ 20250908
2026-09-08 20:24:14    203400   128건 · 20260908 ~ 20250909
2026-09-08 20:24:16    203450    64건 · 20260903 ~ 20250908
2026-09-08 20:24:17    203650   149건 · 20260825 ~ 20250919
2026-09-08 20:24:19    203690    20건 · 20260827 ~ 20251230
2026-09-08 20:24:19    204020     4건 · 20260615 ~ 20260312
2026-09-08 20:24:21    204210    20건 · 20260602 ~ 20250913
2026-09-08 20:24:22    204610    47건 · 20260827 ~ 20251010
2026-09-08 20:24:24    204620    57건 · 20260908 ~ 20250909
2026-09-08 20:24:25    204630     9건 · 20260610 ~ 20250929
2026-09-08 20:24:26    204840    51건 · 20260908 ~ 20250908
2026-09-08 20:24:27    204990  뉴스 없음
2026-09-08 20:24:29    205100    74건 · 20260904 ~ 20250911
2026-09-08 20:24:30    205470    47건 · 20260827 ~ 20260112
2026-09-08 20:24:32    205500   209건 · 20260907 ~ 20260304
2026-09-08 20:24:33    206400    33건 · 20260816 ~ 20250908
2026-09-08 20:24:34    206560    19건 · 20260821 ~ 20250911
2026-09-08 20:24:36    206640   108건 · 20260908 ~ 20250908
2026-09-08 20:24:37    206650   150건 · 20260908 ~ 20250910
2026-09-08 20:24:39    207760    40건 · 20260903 ~ 20250910
2026-09-08 20:24:40    208140    21건 · 20260626 ~ 20251028
2026-09-08 20:24:42    208340    20건 · 20260827 ~ 20251028
2026-09-08 20:24:43    208350    61건 · 20260907 ~ 20250908
2026-09-08 20:24:45    208370    53건 · 20260907 ~ 20250911
2026-09-08 20:24:46    208640    45건 · 20260828 ~ 20250912
2026-09-08 20:24:48    208710    55건 · 20260826 ~ 20250908
2026-09-08 20:24:49    208860    21건 · 20260904 ~ 20250926
2026-09-08 20:24:51    209640    47건 · 20260716 ~ 20250922
2026-09-08 20:24:52    210120    46건 · 20260828 ~ 20250908
2026-09-08 20:24:53    210540     4건 · 20260813 ~ 20260104
2026-09-08 20:24:55    210980   202건 · 20260906 ~ 20251003
2026-09-08 20:24:56    211050    92건 · 20260908 ~ 20250918
2026-09-08 20:24:58    211270   107건 · 20260824 ~ 20250912
2026-09-08 20:24:59    212560    19건 · 20260907 ~ 20251028
2026-09-08 20:25:01    212710    77건 · 20260817 ~ 20250911
2026-09-08 20:25:01    213090  뉴스 없음
2026-09-08 20:25:03    213420    75건 · 20260901 ~ 20250909
2026-09-08 20:25:04    213500   206건 · 20260906 ~ 20260108
2026-09-08 20:25:06    214180   173건 · 20260903 ~ 20250908
2026-09-08 20:25:08    214260    48건 · 20260821 ~ 20250916
2026-09-08 20:25:09    214270    65건 · 20260901 ~ 20250911
2026-09-08 20:25:10    214310     8건 · 20260622 ~ 20250929
2026-09-08 20:25:11    214330    18건 · 20260907 ~ 20250908
2026-09-08 20:25:13    214390    99건 · 20260902 ~ 20250910
2026-09-08 20:25:14    214420   202건 · 20260907 ~ 20251024
2026-09-08 20:25:16    214430    65건 · 20260825 ~ 20250912
2026-09-08 20:25:17    214610    80건 · 20260904 ~ 20250907
2026-09-08 20:25:19    214680    35건 · 20260815 ~ 20250911
2026-09-08 20:25:20    214870     5건 · 20260707 ~ 20250930
2026-09-08 20:25:21    215000    60건 · 20260630 ~ 20260907
2026-09-08 20:25:22    215090    24건 · 20260820 ~ 20250910
2026-09-08 20:25:24    215100    48건 · 20260602 ~ 20250911
2026-09-08 20:25:26    215200   201건 · 20260908 ~ 20251029
2026-09-08 20:25:27    215360    46건 · 20260807 ~ 20250922
2026-09-08 20:25:29    215380    76건 · 20260818 ~ 20250915
2026-09-08 20:25:30    215480    29건 · 20260819 ~ 20260109
2026-09-08 20:25:32    215790    86건 · 20260826 ~ 20251016
2026-09-08 20:25:33    216050    80건 · 20260904 ~ 20250922
2026-09-08 20:25:35    216080    72건 · 20260907 ~ 20250930
2026-09-08 20:25:36    217190    35건 · 20260908 ~ 20250924
2026-09-08 20:25:38    217270   141건 · 20260902 ~ 20250909
2026-09-08 20:25:39    217330    40건 · 20260813 ~ 20250908
2026-09-08 20:25:41    217480    34건 · 20260904 ~ 20251118
2026-09-08 20:25:42    217500    27건 · 20260814 ~ 20250922
2026-09-08 20:25:42    217600  뉴스 없음
2026-09-08 20:25:44    217620    37건 · 20260728 ~ 20250925
2026-09-08 20:25:46    217730    95건 · 20260831 ~ 20250919
2026-09-08 20:25:47    217820    11건 · 20260819 ~ 20251028
2026-09-08 20:25:48    218150    37건 · 20260902 ~ 20250919
2026-09-08 20:25:49    218410   117건 · 20260905 ~ 20250907
2026-09-08 20:25:51    219130    20건 · 20260715 ~ 20250915
2026-09-08 20:25:52    219420     4건 · 20260729 ~ 20260114
2026-09-08 20:25:53    219550    32건 · 20260716 ~ 20250911
2026-09-08 20:25:54    219750    18건 · 20260721 ~ 20251120
2026-09-08 20:25:56    220100   110건 · 20260908 ~ 20250907
2026-09-08 20:25:57    220180    85건 · 20260831 ~ 20250909
2026-09-08 20:25:58    220260    24건 · 20260827 ~ 20251023
2026-09-08 20:26:00    220630   201건 · 20260907 ~ 20260605
2026-09-08 20:26:01    221610  뉴스 없음
2026-09-08 20:26:02    221800    80건 · 20260831 ~ 20251029
2026-09-08 20:26:04    221840    27건 · 20260903 ~ 20250921
2026-09-08 20:26:04    221980     1건 · 20260310 ~ 20260310
2026-09-08 20:26:06    222040    62건 · 20260907 ~ 20250907
2026-09-08 20:26:08    222080    99건 · 20260907 ~ 20250911
2026-09-08 20:26:09    222110    40건 · 20260819 ~ 20250925
2026-09-08 20:26:10    222160    15건 · 20260827 ~ 20251123
2026-09-08 20:26:12    222420    43건 · 20260812 ~ 20251010
2026-09-08 20:26:13    222800   221건 · 20260908 ~ 20260427
2026-09-08 20:26:14    222810     7건 · 20260326 ~ 20260212
2026-09-08 20:26:16    222980    20건 · 20260814 ~ 20250930
2026-09-08 20:26:17    223250    51건 · 20260902 ~ 20250921
2026-09-08 20:26:19    223310   201건 · 20260908 ~ 20260622
2026-09-08 20:26:20    224060    24건 · 20260908 ~ 20250917
2026-09-08 20:26:21    224110    14건 · 20260701 ~ 20251103
2026-09-08 20:26:23    225190    89건 · 20260902 ~ 20250911
2026-09-08 20:26:24    225220    70건 · 20260826 ~ 20250911
2026-09-08 20:26:25    225330     1건 · 20260818 ~ 20260818
2026-09-08 20:26:27    225430   104건 · 20260908 ~ 20250930
2026-09-08 20:26:28    225530     8건 · 20260820 ~ 20251119
2026-09-08 20:26:29    225570   201건 · 20260908 ~ 20251110
2026-09-08 20:26:31    225590   143건 · 20260908 ~ 20250912
2026-09-08 20:26:31    225650  뉴스 없음
2026-09-08 20:26:33    226320    33건 · 20260908 ~ 20251001
2026-09-08 20:26:34    226330   163건 · 20260908 ~ 20250911
2026-09-08 20:26:36    226340    31건 · 20260907 ~ 20250918
2026-09-08 20:26:36    226350  뉴스 없음
2026-09-08 20:26:37    226360    19건 · 20260709 ~ 20251219
2026-09-08 20:26:38    226400    21건 · 20260814 ~ 20250908
2026-09-08 20:26:39    226440     4건 · 20251105 ~ 20250930
2026-09-08 20:26:41    226590    35건 · 20260901 ~ 20250908
2026-09-08 20:26:43    226950   201건 · 20260907 ~ 20251124
2026-09-08 20:26:44    227100    17건 · 20260630 ~ 20251103
2026-09-08 20:26:45    227610    38건 · 20260814 ~ 20250908
2026-09-08 20:26:46    227840     3건 · 20260701 ~ 20260206
2026-09-08 20:26:47    227950    28건 · 20260820 ~ 20260202
2026-09-08 20:26:49    228340    32건 · 20260908 ~ 20260130
2026-09-08 20:26:50    228670    53건 · 20260902 ~ 20250915
2026-09-08 20:26:52    228760    56건 · 20260819 ~ 20250909
2026-09-08 20:26:53    228850    20건 · 20260902 ~ 20251110
2026-09-08 20:26:55    229000    82건 · 20260908 ~ 20250919
2026-09-08 20:26:56    229640   209건 · 20260908 ~ 20260414
2026-09-08 20:26:58    230240    70건 · 20260905 ~ 20250918
2026-09-08 20:26:59    230360    83건 · 20260813 ~ 20250908
2026-09-08 20:27:00    230980    19건 · 20260706 ~ 20250924
2026-09-08 20:27:02    232140    35건 · 20260902 ~ 20250918
2026-09-08 20:27:04    232680    59건 · 20260902 ~ 20251027
2026-09-08 20:27:05    232830    70건 · 20260904 ~ 20250919
2026-09-08 20:27:06    234030    26건 · 20260819 ~ 20250912
2026-09-08 20:27:08    234080    53건 · 20260907 ~ 20250914
2026-09-08 20:27:10    234100    75건 · 20260827 ~ 20250910
2026-09-08 20:27:11    234300    24건 · 20260907 ~ 20250917
2026-09-08 20:27:12    234340   205건 · 20260907 ~ 20260126
2026-09-08 20:27:14    234690   190건 · 20260908 ~ 20250908
2026-09-08 20:27:15    234920    20건 · 20260521 ~ 20251022
2026-09-08 20:27:17    235980    86건 · 20260901 ~ 20250910
2026-09-08 20:27:18    236200    40건 · 20260902 ~ 20250908
2026-09-08 20:27:20    236810    62건 · 20260907 ~ 20250909
2026-09-08 20:27:21    237750    23건 · 20260701 ~ 20250916
2026-09-08 20:27:23    237820    52건 · 20260908 ~ 20250917
2026-09-08 20:27:24    237880   100건 · 20260907 ~ 20250908
2026-09-08 20:27:25    238090    13건 · 20260617 ~ 20250917
2026-09-08 20:27:26    238120    19건 · 20260805 ~ 20250909
2026-09-08 20:27:28    238200    56건 · 20260907 ~ 20250919
2026-09-08 20:27:29    238490    20건 · 20260724 ~ 20251106
2026-09-08 20:27:31    239340    79건 · 20260903 ~ 20250909
2026-09-08 20:27:32    239610     9건 · 20260819 ~ 20251229
2026-09-08 20:27:33    239890     5건 · 20260907 ~ 20251230
2026-09-08 20:27:34    240550    23건 · 20260828 ~ 20250922
2026-09-08 20:27:36    240600    57건 · 20260826 ~ 20250911
2026-09-08 20:27:37    241520   195건 · 20260902 ~ 20250907
2026-09-08 20:27:38    241590    19건 · 20260728 ~ 20250921
2026-09-08 20:27:40    241690    43건 · 20260824 ~ 20250930
2026-09-08 20:27:41    241710   202건 · 20260907 ~ 20260223
2026-09-08 20:27:43    241770    25건 · 20260812 ~ 20250922
2026-09-08 20:27:44    241790    16건 · 20260626 ~ 20251009
2026-09-08 20:27:45    241820     7건 · 20260822 ~ 20251010
2026-09-08 20:27:46    241840    30건 · 20260616 ~ 20251001
2026-09-08 20:27:47    242040    77건 · 20260907 ~ 20250911
2026-09-08 20:27:48    243840    12건 · 20260827 ~ 20250916
2026-09-08 20:27:50    244460    34건 · 20260901 ~ 20251001
2026-09-08 20:27:51    244920   144건 · 20260907 ~ 20250909
2026-09-08 20:27:53    245620    20건 · 20260729 ~ 20251120
2026-09-08 20:27:54    246250    40건 · 20260725 ~ 20250909
2026-09-08 20:27:56    246690   113건 · 20260904 ~ 20251017
2026-09-08 20:27:57    246710    89건 · 20260907 ~ 20250908
2026-09-08 20:27:59    246720    20건 · 20260730 ~ 20250922
2026-09-08 20:28:00    246960    84건 · 20260904 ~ 20250909
2026-09-08 20:28:02    247660    27건 · 20260907 ~ 20260128
2026-09-08 20:28:03    248170   173건 · 20260908 ~ 20250910
2026-09-08 20:28:05    250000    41건 · 20260907 ~ 20250930
2026-09-08 20:28:06    250060    33건 · 20260807 ~ 20251125
2026-09-08 20:28:08    250930    34건 · 20260831 ~ 20251027
2026-09-08 20:28:09    251120    20건 · 20260831 ~ 20250924
2026-09-08 20:28:10    251370    32건 · 20260907 ~ 20250917
2026-09-08 20:28:11    251630    29건 · 20260709 ~ 20251020
2026-09-08 20:28:13    251970    53건 · 20260908 ~ 20250908
2026-09-08 20:28:14    252500    20건 · 20260901 ~ 20250918
2026-09-08 20:28:16    252990    47건 · 20260831 ~ 20250922
2026-09-08 20:28:17    253590    32건 · 20260817 ~ 20250930
2026-09-08 20:28:19    253840    49건 · 20260828 ~ 20250910
2026-09-08 20:28:20    254120    31건 · 20260902 ~ 20251117
2026-09-08 20:28:22    254490   205건 · 20260908 ~ 20251120
2026-09-08 20:28:23    255220    94건 · 20260907 ~ 20250924
2026-09-08 20:28:24    255440    16건 · 20260819 ~ 20251002
2026-09-08 20:28:25    256150     2건 · 20260908 ~ 20260628
2026-09-08 20:28:26    256630    10건 · 20260716 ~ 20260205
2026-09-08 20:28:27    256840    39건 · 20260904 ~ 20250908
2026-09-08 20:28:29    256940    46건 · 20260907 ~ 20250926
2026-09-08 20:28:30    257370    20건 · 20260907 ~ 20250909
2026-09-08 20:28:32    257720   206건 · 20260907 ~ 20260615
2026-09-08 20:28:33    258610     4건 · 20260715 ~ 20251216
2026-09-08 20:28:34    258790   161건 · 20260826 ~ 20250909
2026-09-08 20:28:36    258830    37건 · 20260908 ~ 20250923
2026-09-08 20:28:37    259630   131건 · 20260820 ~ 20250907
2026-09-08 20:28:38    260660    26건 · 20260824 ~ 20251002
2026-09-08 20:28:40    260930    50건 · 20260810 ~ 20250912
2026-09-08 20:28:41    260970    33건 · 20260722 ~ 20250917
2026-09-08 20:28:43    261200    21건 · 20260903 ~ 20251114
2026-09-08 20:28:44    261520   104건 · 20260904 ~ 20250910
2026-09-08 20:28:46    261780   114건 · 20260908 ~ 20250908
2026-09-08 20:28:47    262260    39건 · 20260908 ~ 20251011
2026-09-08 20:28:49    262840    48건 · 20260821 ~ 20250925
2026-09-08 20:28:50    263020    30건 · 20260824 ~ 20250908
2026-09-08 20:28:52    263050    39건 · 20260822 ~ 20251203
2026-09-08 20:28:52    263540  뉴스 없음
2026-09-08 20:28:54    263600    21건 · 20260826 ~ 20250922
2026-09-08 20:28:55    263690    20건 · 20260820 ~ 20251216
2026-09-08 20:28:56    263700    34건 · 20260902 ~ 20250917
2026-09-08 20:28:58    263720    56건 · 20260824 ~ 20250916
2026-09-08 20:28:59    263770    14건 · 20260708 ~ 20260121
2026-09-08 20:29:01    263800   203건 · 20260908 ~ 20251222
2026-09-08 20:29:02    263810     5건 · 20260615 ~ 20251014
2026-09-08 20:29:03    263860   213건 · 20260908 ~ 20260129
2026-09-08 20:29:05    263920    55건 · 20260907 ~ 20250911
2026-09-08 20:29:06    264450    19건 · 20260821 ~ 20251016
2026-09-08 20:29:07    264660    26건 · 20260718 ~ 20250904
2026-09-08 20:29:08    264850    23건 · 20260807 ~ 20250926
2026-09-08 20:29:10    264900   165건 · 20260905 ~ 20250908
2026-09-08 20:29:11    265560    12건 · 20260410 ~ 20250912
2026-09-08 20:29:12    265740    20건 · 20260907 ~ 20251022
2026-09-08 20:29:14    267260   208건 · 20260908 ~ 20260729
2026-09-08 20:29:15    267290    42건 · 20260907 ~ 20250917
2026-09-08 20:29:17    267320    66건 · 20260828 ~ 20250912
2026-09-08 20:29:18    267790    24건 · 20260828 ~ 20250922
2026-09-08 20:29:20    267850    59건 · 20260902 ~ 20250917
2026-09-08 20:29:21    268600    20건 · 20260825 ~ 20250930
2026-09-08 20:29:22    269620    11건 · 20250922 ~ 20260824
2026-09-08 20:29:23    270520    40건 · 20260831 ~ 20250909
2026-09-08 20:29:25    270660   127건 · 20260904 ~ 20250915
2026-09-08 20:29:27    270870    54건 · 20260826 ~ 20250926
2026-09-08 20:29:28    271830    31건 · 20260818 ~ 20251013
2026-09-08 20:29:29    271980   189건 · 20260904 ~ 20250909
2026-09-08 20:29:31    272110    40건 · 20260902 ~ 20250912
2026-09-08 20:29:33    272450   152건 · 20260904 ~ 20250917
2026-09-08 20:29:34    272550    45건 · 20260827 ~ 20251104
2026-09-08 20:29:36    273060    74건 · 20260908 ~ 20250916
2026-09-08 20:29:37    273640    18건 · 20260818 ~ 20251001
2026-09-08 20:29:38    274090   108건 · 20260825 ~ 20250930
2026-09-08 20:29:40    274400    46건 · 20260709 ~ 20250912
2026-09-08 20:29:41    275630    28건 · 20260819 ~ 20251209
2026-09-08 20:29:43    276040    56건 · 20260806 ~ 20250916
2026-09-08 20:29:44    276730    73건 · 20260824 ~ 20250921
2026-09-08 20:29:45    277070    10건 · 20260519 ~ 20250914
2026-09-08 20:29:47    277410    26건 · 20260908 ~ 20250925
2026-09-08 20:29:48    277880    34건 · 20260904 ~ 20250915
2026-09-08 20:29:50    278650   121건 · 20260907 ~ 20250923
2026-09-08 20:29:51    279600    39건 · 20260908 ~ 20250916
2026-09-08 20:29:53    281740    26건 · 20260812 ~ 20250919
2026-09-08 20:29:54    281820    88건 · 20260827 ~ 20250914
2026-09-08 20:29:56    282620    65건 · 20260907 ~ 20260726
2026-09-08 20:29:57    282690     2건 · 20260104 ~ 20251001
2026-09-08 20:29:58    282720    37건 · 20260904 ~ 20250915
2026-09-08 20:30:00    282880    57건 · 20260901 ~ 20250903
2026-09-08 20:30:01    284620    36건 · 20260822 ~ 20250926
2026-09-08 20:30:02    28513K     7건 · 20260622 ~ 20251023
2026-09-08 20:30:04    285490    26건 · 20260427 ~ 20251010
2026-09-08 20:30:05    285800    38건 · 20260907 ~ 20250924
2026-09-08 20:30:07    286750    54건 · 20260907 ~ 20250912
2026-09-08 20:30:08    288180    39건 · 20260818 ~ 20251020
2026-09-08 20:30:10    288330    78건 · 20260831 ~ 20250912
2026-09-08 20:30:11    288620    21건 · 20260902 ~ 20250911
2026-09-08 20:30:12    288980    36건 · 20260907 ~ 20250929
2026-09-08 20:30:14    289010    93건 · 20260908 ~ 20250923
2026-09-08 20:30:15    289080   131건 · 20260908 ~ 20250915
2026-09-08 20:30:16    289220    19건 · 20260907 ~ 20251001
2026-09-08 20:30:18    289930    40건 · 20260724 ~ 20251007
2026-09-08 20:30:19    290090     3건 · 20260831 ~ 20260720
2026-09-08 20:30:20    290120    39건 · 20260908 ~ 20251031
2026-09-08 20:30:22    290270    70건 · 20260908 ~ 20250918
2026-09-08 20:30:23    290380     7건 · 20260601 ~ 20251028
2026-09-08 20:30:24    290510     3건 · 20260407 ~ 20251124
2026-09-08 20:30:25    290520    12건 · 20260903 ~ 20251023
2026-09-08 20:30:26    290550    31건 · 20260908 ~ 20251104
2026-09-08 20:30:28    290560    60건 · 20260115 ~ 20260904
2026-09-08 20:30:29    290650   204건 · 20260908 ~ 20260105
2026-09-08 20:30:31    290660    99건 · 20260831 ~ 20250912
2026-09-08 20:30:32    290670    19건 · 20260824 ~ 20251031
2026-09-08 20:30:34    290690   111건 · 20260908 ~ 20250912
2026-09-08 20:30:35    290720    37건 · 20260904 ~ 20250916
2026-09-08 20:30:36    290740    27건 · 20260820 ~ 20251112
2026-09-08 20:30:38    291230    34건 · 20260827 ~ 20260113
2026-09-08 20:30:39    291650    40건 · 20260826 ~ 20250909
2026-09-08 20:30:41    291810    21건 · 20260907 ~ 20251020
2026-09-08 20:30:42    293480    20건 · 20260904 ~ 20251124
2026-09-08 20:30:43    293580    94건 · 20260901 ~ 20250910
2026-09-08 20:30:45    293780    66건 · 20260830 ~ 20251023
2026-09-08 20:30:47    293940    40건 · 20250924 ~ 20260901
2026-09-08 20:30:48    294090    48건 · 20260825 ~ 20250916
2026-09-08 20:30:49    294140    18건 · 20260805 ~ 20251020
2026-09-08 20:30:51    294570   124건 · 20260907 ~ 20250911
2026-09-08 20:30:52    294630    12건 · 20260904 ~ 20260122
2026-09-08 20:30:53    295310   200건 · 20260827 ~ 20250918
2026-09-08 20:30:55    296640    68건 · 20260908 ~ 20250915
2026-09-08 20:30:56    297090    23건 · 20260804 ~ 20250908
2026-09-08 20:30:58    297570    53건 · 20260902 ~ 20251015
2026-09-08 20:30:59    297890    16건 · 20260811 ~ 20251212
2026-09-08 20:31:00    298000    23건 · 20260908 ~ 20250924
2026-09-08 20:31:02    298040   200건 · 20260907 ~ 20260112
2026-09-08 20:31:03    298050    60건 · 20260601 ~ 20260906
2026-09-08 20:31:05    298060    55건 · 20260818 ~ 20250908
2026-09-08 20:31:06    298540    69건 · 20260907 ~ 20250915
2026-09-08 20:31:08    298690   209건 · 20260908 ~ 20260611
2026-09-08 20:31:09    298830   105건 · 20260903 ~ 20250903
2026-09-08 20:31:11    298870    60건 · 20260610 ~ 20260904
2026-09-08 20:31:13    299030    35건 · 20260722 ~ 20251022
2026-09-08 20:31:14    299170    66건 · 20260908 ~ 20250910
2026-09-08 20:31:15    299660    38건 · 20260902 ~ 20250909
2026-09-08 20:31:17    299900    50건 · 20260824 ~ 20251114
2026-09-08 20:31:18    299910  뉴스 없음
2026-09-08 20:31:19    300080   127건 · 20260903 ~ 20250908
2026-09-08 20:31:21    300120   111건 · 20260908 ~ 20250909
2026-09-08 20:31:22    301300   130건 · 20260906 ~ 20250908
2026-09-08 20:31:24    302430    57건 · 20260908 ~ 20250919
2026-09-08 20:31:25    302550     9건 · 20260903 ~ 20250915
2026-09-08 20:31:26    303030    33건 · 20260831 ~ 20250908
2026-09-08 20:31:27    303360    24건 · 20260901 ~ 20250907
2026-09-08 20:31:29    303530    20건 · 20260814 ~ 20251022
2026-09-08 20:31:30    303810    68건 · 20260825 ~ 20250903
2026-09-08 20:31:32    304100   214건 · 20260906 ~ 20260211
2026-09-08 20:31:33    304360    73건 · 20260819 ~ 20250909
2026-09-08 20:31:35    304840    87건 · 20260902 ~ 20250930
2026-09-08 20:31:37    305090    66건 · 20260906 ~ 20250915
2026-09-08 20:31:38    306040    66건 · 20260904 ~ 20250910
2026-09-08 20:31:40    306200    90건 · 20260903 ~ 20250912
2026-09-08 20:31:41    306620    72건 · 20260827 ~ 20250907
2026-09-08 20:31:43    307180   135건 · 20260908 ~ 20250909
2026-09-08 20:31:44    307280    28건 · 20260818 ~ 20250912
2026-09-08 20:31:46    307750    39건 · 20260724 ~ 20250909
2026-09-08 20:31:47    307870    60건 · 20260901 ~ 20251001
2026-09-08 20:31:49    307930   169건 · 20260908 ~ 20250903
2026-09-08 20:31:50    308080   115건 · 20260901 ~ 20250912
2026-09-08 20:31:52    308100   141건 · 20260908 ~ 20250914
2026-09-08 20:31:53    308170    25건 · 20260814 ~ 20251030
2026-09-08 20:31:55    308430    54건 · 20260908 ~ 20250907
2026-09-08 20:31:56    309930    94건 · 20260904 ~ 20250912
2026-09-08 20:31:58    309960   201건 · 20260908 ~ 20250920
2026-09-08 20:31:59    310200    26건 · 20260903 ~ 20250916
2026-09-08 20:32:01    310870    20건 · 20260907 ~ 20250929
2026-09-08 20:32:02    311320    19건 · 20260812 ~ 20250923
2026-09-08 20:32:03    311390     9건 · 20260814 ~ 20250911
2026-09-08 20:32:04    311690    53건 · 20260901 ~ 20250910
2026-09-08 20:32:05    312610    27건 · 20260828 ~ 20260421
2026-09-08 20:32:07    313760   110건 · 20260908 ~ 20250909
2026-09-08 20:32:09    314130   149건 · 20260904 ~ 20250909
2026-09-08 20:32:10    314140    62건 · 20260904 ~ 20250909
2026-09-08 20:32:12    314930    29건 · 20260819 ~ 20251001
2026-09-08 20:32:13    315640   159건 · 20260908 ~ 20250908
2026-09-08 20:32:14    317120    27건 · 20260903 ~ 20250916
2026-09-08 20:32:16    317240   102건 · 20260902 ~ 20250917
2026-09-08 20:32:18    317330    39건 · 20260908 ~ 20250909
2026-09-08 20:32:19    317400   202건 · 20260903 ~ 20251209
2026-09-08 20:32:21    317530    69건 · 20260907 ~ 20251013
2026-09-08 20:32:22    317690    46건 · 20260902 ~ 20250915
2026-09-08 20:32:24    317770    71건 · 20260902 ~ 20250915
2026-09-08 20:32:25    317830    29건 · 20260706 ~ 20250915
2026-09-08 20:32:27    317850    20건 · 20260903 ~ 20250919
2026-09-08 20:32:28    317870    28건 · 20260821 ~ 20251021
2026-09-08 20:32:29    318000     3건 · 20260311 ~ 20260129
2026-09-08 20:32:30    318010    10건 · 20260819 ~ 20251118
2026-09-08 20:32:31    318020    36건 · 20260901 ~ 20250921
2026-09-08 20:32:33    318060   121건 · 20260908 ~ 20250907
2026-09-08 20:32:34    318160    18건 · 20260710 ~ 20250908
2026-09-08 20:32:35    318410     2건 · 20260204 ~ 20260204
2026-09-08 20:32:36    319400   201건 · 20260904 ~ 20260127
2026-09-08 20:32:38    319660    60건 · 20260720 ~ 20260908
2026-09-08 20:32:40    320000    56건 · 20260901 ~ 20250910
2026-09-08 20:32:41    321260    17건 · 20260714 ~ 20250916
2026-09-08 20:32:42    321370   118건 · 20260904 ~ 20250916
2026-09-08 20:32:44    321550    89건 · 20260907 ~ 20250912
2026-09-08 20:32:45    321820    40건 · 20260902 ~ 20250915
2026-09-08 20:32:47    322000   202건 · 20260907 ~ 20260306
2026-09-08 20:32:48    322180    44건 · 20260717 ~ 20250909
2026-09-08 20:32:50    322310    38건 · 20260907 ~ 20250911
2026-09-08 20:32:51    322510   176건 · 20260901 ~ 20250911
2026-09-08 20:32:53    322780    66건 · 20260907 ~ 20250908
2026-09-08 20:32:54    323230  뉴스 없음
2026-09-08 20:32:55    323280    62건 · 20260908 ~ 20250908
2026-09-08 20:32:56    323350    32건 · 20260813 ~ 20251105
2026-09-08 20:32:58    323990    65건 · 20260908 ~ 20250912
2026-09-08 20:33:00    327260   146건 · 20260908 ~ 20250907
2026-09-08 20:33:01    328380    62건 · 20260908 ~ 20250910
2026-09-08 20:33:03    330350    69건 · 20260903 ~ 20250919
2026-09-08 20:33:04    330730   182건 · 20260908 ~ 20250910
2026-09-08 20:33:06    330860    32건 · 20260907 ~ 20250922
2026-09-08 20:33:07    331380    75건 · 20260826 ~ 20250919
2026-09-08 20:33:09    331520    61건 · 20260904 ~ 20251001
2026-09-08 20:33:10    331740    97건 · 20260902 ~ 20250915
2026-09-08 20:33:12    331920    29건 · 20260904 ~ 20250910
2026-09-08 20:33:13    332290    23건 · 20260908 ~ 20250915
2026-09-08 20:33:14    332370     3건 · 20251111 ~ 20251111
2026-09-08 20:33:16    332570    45건 · 20260826 ~ 20250908
2026-09-08 20:33:17    333430    12건 · 20260805 ~ 20250908
2026-09-08 20:33:18    333620    13건 · 20260427 ~ 20250903
2026-09-08 20:33:19    334890    30건 · 20260828 ~ 20251017
2026-09-08 20:33:20    334970    60건 · 20260825 ~ 20250908
2026-09-08 20:33:22    335810    29건 · 20260804 ~ 20251017
2026-09-08 20:33:23    335870    12건 · 20260712 ~ 20251028
2026-09-08 20:33:24    335890    30건 · 20260828 ~ 20250922
2026-09-08 20:33:26    336060    33건 · 20260908 ~ 20251125
2026-09-08 20:33:26    33626K    10건 · 20260907 ~ 20251015
2026-09-08 20:33:27    33626L     5건 · 20260907 ~ 20251028
2026-09-08 20:33:29    336370    60건 · 20260430 ~ 20260906
2026-09-08 20:33:30    33637K    10건 · 20260831 ~ 20251112
2026-09-08 20:33:31    33637L     6건 · 20260209 ~ 20251112
2026-09-08 20:33:33    336680    45건 · 20260908 ~ 20250925
2026-09-08 20:33:34    337930   202건 · 20260908 ~ 20251105
2026-09-08 20:33:35    338100    12건 · 20260904 ~ 20251124
2026-09-08 20:33:37    338220   121건 · 20260905 ~ 20250908
2026-09-08 20:33:38    338840    88건 · 20260906 ~ 20250921
2026-09-08 20:33:40    339770   211건 · 20260908 ~ 20260508
2026-09-08 20:33:41    339950    24건 · 20260903 ~ 20251114
2026-09-08 20:33:43    340360    90건 · 20260908 ~ 20250911
2026-09-08 20:33:44    340440    27건 · 20260724 ~ 20251113
2026-09-08 20:33:46    340450    45건 · 20260814 ~ 20250908
2026-09-08 20:33:47    340570    19건 · 20260827 ~ 20250917
2026-09-08 20:33:48    340810    49건 · 20260907 ~ 20250919
2026-09-08 20:33:50    340930   103건 · 20260819 ~ 20250925
2026-09-08 20:33:51    342870    37건 · 20260826 ~ 20250909
2026-09-08 20:33:53    344820    92건 · 20260907 ~ 20250908
2026-09-08 20:33:54    344860    58건 · 20260706 ~ 20250918
2026-09-08 20:33:56    347000    26건 · 20260814 ~ 20251021
2026-09-08 20:33:57    347700   188건 · 20260904 ~ 20250929
2026-09-08 20:33:59    347740    40건 · 20260907 ~ 20250910
2026-09-08 20:34:00    347770     5건 · 20260723 ~ 20260313
2026-09-08 20:34:01    347860    50건 · 20260907 ~ 20250909
2026-09-08 20:34:03    347890    37건 · 20260818 ~ 20251029
2026-09-08 20:34:04    348030    11건 · 20260804 ~ 20251029
2026-09-08 20:34:06    348080    60건 · 20260820 ~ 20250912
2026-09-08 20:34:07    348150    35건 · 20260805 ~ 20250910
2026-09-08 20:34:08    348210    28건 · 20250909 ~ 20260825
2026-09-08 20:34:10    348340   204건 · 20260908 ~ 20260125
2026-09-08 20:34:11    348350    29건 · 20260819 ~ 20250930
2026-09-08 20:34:12    350520    20건 · 20260901 ~ 20251030
2026-09-08 20:34:14    351320    52건 · 20260907 ~ 20251215
2026-09-08 20:34:15    351330    12건 · 20260714 ~ 20251016
2026-09-08 20:34:16    351870    44건 · 20260903 ~ 20250926
2026-09-08 20:34:17    352090    12건 · 20260901 ~ 20251126
2026-09-08 20:34:19    352480   139건 · 20260907 ~ 20250907
2026-09-08 20:34:20    352700    18건 · 20260715 ~ 20251103
2026-09-08 20:34:21    352770    33건 · 20260824 ~ 20250912
2026-09-08 20:34:23    352910    52건 · 20260908 ~ 20250911
2026-09-08 20:34:24    352940    20건 · 20260813 ~ 20260319
2026-09-08 20:34:25    353190    14건 · 20260826 ~ 20250918
2026-09-08 20:34:26    35320K    11건 · 20260512 ~ 20251010
2026-09-08 20:34:27    353590    15건 · 20260812 ~ 20251117
2026-09-08 20:34:28    353810    15건 · 20260609 ~ 20250910
2026-09-08 20:34:30    354200   106건 · 20260908 ~ 20250912
2026-09-08 20:34:31    354320    24건 · 20260518 ~ 20250930
2026-09-08 20:34:32    355150    20건 · 20260714 ~ 20251014
2026-09-08 20:34:34    355390   206건 · 20260904 ~ 20250907
2026-09-08 20:34:35    355690    56건 · 20260903 ~ 20251002
2026-09-08 20:34:37    356680   187건 · 20260907 ~ 20250908
2026-09-08 20:34:38    356860    72건 · 20260901 ~ 20250910
2026-09-08 20:34:40    356890    80건 · 20260615 ~ 20250910
2026-09-08 20:34:42    357230    70건 · 20260902 ~ 20250908
2026-09-08 20:34:43    357250    10건 · 20260715 ~ 20251127
2026-09-08 20:34:44    357430    36건 · 20260821 ~ 20251207
2026-09-08 20:34:45    357550    25건 · 20260713 ~ 20251021
2026-09-08 20:34:47    357580    24건 · 20260729 ~ 20250909
2026-09-08 20:34:48    357880   101건 · 20260907 ~ 20250910
2026-09-08 20:34:50    359090    57건 · 20260902 ~ 20251001
2026-09-08 20:34:51    360070    44건 · 20260713 ~ 20250910
2026-09-08 20:34:53    360350    30건 · 20260820 ~ 20250908
2026-09-08 20:34:54    361390    40건 · 20260904 ~ 20251114
2026-09-08 20:34:56    361570    20건 · 20260903 ~ 20250908
2026-09-08 20:34:57    361670     7건 · 20260512 ~ 20251021
2026-09-08 20:34:58    362320    44건 · 20260831 ~ 20250917
2026-09-08 20:35:00    362990    20건 · 20260629 ~ 20250922
2026-09-08 20:35:01    363250    15건 · 20260811 ~ 20260114
2026-09-08 20:35:02    363260    60건 · 20260908 ~ 20250916
2026-09-08 20:35:04    363280    44건 · 20260831 ~ 20250910
2026-09-08 20:35:05    36328K     8건 · 20251027 ~ 20260601
2026-09-08 20:35:06    364950    40건 · 20260830 ~ 20250925
2026-09-08 20:35:08    365270    62건 · 20260902 ~ 20250908
2026-09-08 20:35:09    365330    39건 · 20260903 ~ 20250908
2026-09-08 20:35:11    365590    26건 · 20260614 ~ 20251020
2026-09-08 20:35:12    365660   175건 · 20260908 ~ 20251020
2026-09-08 20:35:13    365900    21건 · 20260831 ~ 20250909
2026-09-08 20:35:15    366030    20건 · 20260828 ~ 20250926
2026-09-08 20:35:16    367000   106건 · 20260907 ~ 20250912
2026-09-08 20:35:18    368600    55건 · 20260908 ~ 20250929
2026-09-08 20:35:19    368770    36건 · 20260810 ~ 20251113
2026-09-08 20:35:21    368970    97건 · 20260907 ~ 20250923
2026-09-08 20:35:22    369370    22건 · 20260626 ~ 20251112
2026-09-08 20:35:23    370090    15건 · 20260809 ~ 20251209
2026-09-08 20:35:24    371950    19건 · 20260907 ~ 20251216
2026-09-08 20:35:25    372170     8건 · 20260805 ~ 20250914
2026-09-08 20:35:26    372800    52건 · 20260901 ~ 20250919
2026-09-08 20:35:28    372910    76건 · 20260814 ~ 20250909
2026-09-08 20:35:30    373110    92건 · 20260907 ~ 20250910
2026-09-08 20:35:31    373160   174건 · 20260904 ~ 20250909
2026-09-08 20:35:33    373170    67건 · 20260904 ~ 20250919
2026-09-08 20:35:34    373200    31건 · 20260807 ~ 20251015
2026-09-08 20:35:35    37550K     2건 · 20260320 ~ 20251107
2026-09-08 20:35:36    37550L     6건 · 20260623 ~ 20250929
2026-09-08 20:35:38    376180    29건 · 20260907 ~ 20250915
2026-09-08 20:35:39    376190     2건 · 20260803 ~ 20260521
2026-09-08 20:35:40    376270    79건 · 20260906 ~ 20250917
2026-09-08 20:35:41    376290     2건 · 20260616 ~ 20260514
2026-09-08 20:35:43    376900    60건 · 20260526 ~ 20260908
2026-09-08 20:35:44    376930    91건 · 20260907 ~ 20250908
2026-09-08 20:35:46    376980   180건 · 20260831 ~ 20250911
2026-09-08 20:35:47    377030    89건 · 20260907 ~ 20250907
2026-09-08 20:35:49    377190    35건 · 20260901 ~ 20250912
2026-09-08 20:35:50    377220    96건 · 20260907 ~ 20251118
2026-09-08 20:35:51    377330    20건 · 20260702 ~ 20250925
2026-09-08 20:35:52    377450    16건 · 20260904 ~ 20250928
2026-09-08 20:35:54    377460    33건 · 20260825 ~ 20251002
2026-09-08 20:35:56    377480   176건 · 20260908 ~ 20250909
2026-09-08 20:35:57    378340    39건 · 20260820 ~ 20250922
2026-09-08 20:35:59    378800    91건 · 20260904 ~ 20250911
2026-09-08 20:36:00    378850     4건 · 20251016 ~ 20250908
2026-09-08 20:36:01    380320     1건 · 20251209 ~ 20251209
2026-09-08 20:36:01    380440  뉴스 없음
2026-09-08 20:36:03    380540    70건 · 20260529 ~ 20250909
2026-09-08 20:36:04    380550   144건 · 20260907 ~ 20250909
2026-09-08 20:36:06    381620    60건 · 20260904 ~ 20250912
2026-09-08 20:36:08    382150    99건 · 20260901 ~ 20250919
2026-09-08 20:36:09    382480    47건 · 20260814 ~ 20251017
2026-09-08 20:36:11    382800    33건 · 20260819 ~ 20250914
2026-09-08 20:36:11    382840     5건 · 20260529 ~ 20251210
2026-09-08 20:36:13    382900    57건 · 20260907 ~ 20250907
2026-09-08 20:36:15    383930    67건 · 20260824 ~ 20250908
2026-09-08 20:36:16    384470   115건 · 20260908 ~ 20250910
2026-09-08 20:36:18    387570    41건 · 20260903 ~ 20250907
2026-09-08 20:36:19    387690    86건 · 20260907 ~ 20260202
2026-09-08 20:36:21    388050    39건 · 20260827 ~ 20250907
2026-09-08 20:36:23    388610    46건 · 20260820 ~ 20250912
2026-09-08 20:36:24    388720   123건 · 20260908 ~ 20250907
2026-09-08 20:36:26    388790    46건 · 20260810 ~ 20250924
2026-09-08 20:36:27    388870   138건 · 20260902 ~ 20250918
2026-09-08 20:36:29    389020    50건 · 20260814 ~ 20250923
2026-09-08 20:36:30    389030    87건 · 20260907 ~ 20250908
2026-09-08 20:36:32    389140    82건 · 20260901 ~ 20250908
2026-09-08 20:36:34    389260    91건 · 20260819 ~ 20250922
2026-09-08 20:36:35    389470   204건 · 20260908 ~ 20251121
2026-09-08 20:36:37    389500   126건 · 20260825 ~ 20250917
2026-09-08 20:36:38    389650    60건 · 20251128 ~ 20260820
2026-09-08 20:36:40    389680    56건 · 20250916 ~ 20260827
2026-09-08 20:36:41    391060  뉴스 없음
2026-09-08 20:36:42    391710    32건 · 20260722 ~ 20250908
2026-09-08 20:36:43    393210   109건 · 20260902 ~ 20250908
2026-09-08 20:36:45    393890    60건 · 20260123 ~ 20260824
2026-09-08 20:36:47    393970    72건 · 20260823 ~ 20250908
2026-09-08 20:36:48    394280    91건 · 20260901 ~ 20250910
2026-09-08 20:36:50    394420   194건 · 20260906 ~ 20250911
2026-09-08 20:36:51    394800   130건 · 20260907 ~ 20250909
2026-09-08 20:36:53    396270    89건 · 20260902 ~ 20250910
2026-09-08 20:36:55    396300    50건 · 20260903 ~ 20250912
2026-09-08 20:36:55    396470    15건 · 20260907 ~ 20251112
2026-09-08 20:36:57    396690    29건 · 20260715 ~ 20251022
2026-09-08 20:36:58    397030   205건 · 20260908 ~ 20251208
2026-09-08 20:37:00    397810    40건 · 20260907 ~ 20250915
2026-09-08 20:37:01    398120    29건 · 20250909 ~ 20260907
2026-09-08 20:37:03    399720    95건 · 20260908 ~ 20250908
2026-09-08 20:37:04    400760    20건 · 20260901 ~ 20250910
2026-09-08 20:37:06    402030   200건 · 20260906 ~ 20251110
2026-09-08 20:37:07    402490    45건 · 20260730 ~ 20250909
2026-09-08 20:37:09    403490    39건 · 20260825 ~ 20250908
2026-09-08 20:37:10    403850   205건 · 20260829 ~ 20251009
2026-09-08 20:37:12    404990    24건 · 20260831 ~ 20250924
2026-09-08 20:37:13    405000    28건 · 20260824 ~ 20251020
2026-09-08 20:37:14    405100    19건 · 20260907 ~ 20250915
2026-09-08 20:37:16    405920    97건 · 20260905 ~ 20250909
2026-09-08 20:37:17    406820    56건 · 20260812 ~ 20251118
2026-09-08 20:37:18    407400    20건 · 20260819 ~ 20250918
2026-09-08 20:37:20    408470    94건 · 20260908 ~ 20250908
2026-09-08 20:37:21    408900    21건 · 20260827 ~ 20250922
2026-09-08 20:37:23    408920    53건 · 20260819 ~ 20250917
2026-09-08 20:37:24    411080    48건 · 20260828 ~ 20250910
2026-09-08 20:37:26    412350    86건 · 20260825 ~ 20250908
2026-09-08 20:37:27    412540    30건 · 20260827 ~ 20251002
2026-09-08 20:37:28    413390    20건 · 20260904 ~ 20251028
2026-09-08 20:37:30    413630    84건 · 20260907 ~ 20250908
2026-09-08 20:37:32    413640   106건 · 20260907 ~ 20250910
2026-09-08 20:37:33    415380    20건 · 20260901 ~ 20250908
2026-09-08 20:37:35    416180    60건 · 20260904 ~ 20250904
2026-09-08 20:37:36    417010    35건 · 20260703 ~ 20250929
2026-09-08 20:37:38    417030   100건 · 20260907 ~ 20250926
2026-09-08 20:37:39    417180    20건 · 20260802 ~ 20250916
2026-09-08 20:37:41    417310    52건 · 20260826 ~ 20250922
2026-09-08 20:37:41    417500    14건 · 20260907 ~ 20251229
2026-09-08 20:37:43    417790    34건 · 20260819 ~ 20251001
2026-09-08 20:37:44    417840    66건 · 20260907 ~ 20250915
2026-09-08 20:37:46    417860    45건 · 20260827 ~ 20250910
2026-09-08 20:37:48    417970    76건 · 20260824 ~ 20250904
2026-09-08 20:37:49    418250    25건 · 20260824 ~ 20251106
2026-09-08 20:37:50    418420    27건 · 20260903 ~ 20250908
2026-09-08 20:37:52    418470   201건 · 20260907 ~ 20260317
2026-09-08 20:37:53    418550    30건 · 20260708 ~ 20251026
2026-09-08 20:37:55    418620    72건 · 20260904 ~ 20250929
2026-09-08 20:37:56    419050    32건 · 20260903 ~ 20251017
2026-09-08 20:37:57    419080    20건 · 20260724 ~ 20251114
2026-09-08 20:37:59    419120    38건 · 20260814 ~ 20250908
2026-09-08 20:38:00    419530   204건 · 20260908 ~ 20250915
2026-09-08 20:38:02    419540    33건 · 20260824 ~ 20250916
2026-09-08 20:38:03    420570    30건 · 20260902 ~ 20250912
2026-09-08 20:38:05    424960    52건 · 20260904 ~ 20250918
2026-09-08 20:38:05    424980    17건 · 20260605 ~ 20250917
2026-09-08 20:38:07    425040    28건 · 20260804 ~ 20250911
2026-09-08 20:38:07    425290  뉴스 없음
2026-09-08 20:38:09    425420    59건 · 20260902 ~ 20250909
2026-09-08 20:38:11    429270    41건 · 20260908 ~ 20250915
2026-09-08 20:38:12    430690    46건 · 20260825 ~ 20250910
2026-09-08 20:38:14    431190    54건 · 20260818 ~ 20250908
2026-09-08 20:38:15    432320    38건 · 20251022 ~ 20260901
2026-09-08 20:38:16    432430    17건 · 20260731 ~ 20250916
2026-09-08 20:38:18    432470    79건 · 20260903 ~ 20250910
2026-09-08 20:38:19    432720    73건 · 20260709 ~ 20250909
2026-09-08 20:38:20    432980    15건 · 20260706 ~ 20251128
2026-09-08 20:38:22    434480    82건 · 20260828 ~ 20250907
2026-09-08 20:38:24    435570    48건 · 20260828 ~ 20250916
2026-09-08 20:38:25    437730    66건 · 20260907 ~ 20250908
2026-09-08 20:38:26    438700    20건 · 20260901 ~ 20251013
2026-09-08 20:38:28    439090   190건 · 20260908 ~ 20250908
2026-09-08 20:38:30    439580    43건 · 20260901 ~ 20250908
2026-09-08 20:38:31    440290   103건 · 20260828 ~ 20250912
2026-09-08 20:38:32    440320    33건 · 20260907 ~ 20251017
2026-09-08 20:38:34    441270    85건 · 20260907 ~ 20250908
2026-09-08 20:38:35    442900     1건 · 20251010 ~ 20251010
2026-09-08 20:38:37    443250    49건 · 20260729 ~ 20250909
2026-09-08 20:38:38    443670    53건 · 20260907 ~ 20250910
2026-09-08 20:38:40    444530    74건 · 20260825 ~ 20250917
2026-09-08 20:38:41    445090    92건 · 20260906 ~ 20250908
2026-09-08 20:38:42    445180     2건 · 20260420 ~ 20250917
2026-09-08 20:38:44    445680    75건 · 20260827 ~ 20250911
2026-09-08 20:38:45    446070    17건 · 20260622 ~ 20250915
2026-09-08 20:38:46    446540    20건 · 20260811 ~ 20250915
2026-09-08 20:38:48    446840    23건 · 20260828 ~ 20250924
2026-09-08 20:38:49    448280    39건 · 20260814 ~ 20250903
2026-09-08 20:38:50    448710    28건 · 20260826 ~ 20251022
2026-09-08 20:38:52    448900   114건 · 20260908 ~ 20250908
2026-09-08 20:38:54    450140   200건 · 20260901 ~ 20250909
2026-09-08 20:38:55    45014K    48건 · 20251216 ~ 20250911
2026-09-08 20:38:56    450330    10건 · 20260812 ~ 20251125
2026-09-08 20:38:58    450520    71건 · 20260908 ~ 20250908
2026-09-08 20:38:59    450950    44건 · 20260901 ~ 20250917
2026-09-08 20:39:01    451220    25건 · 20260903 ~ 20250911
2026-09-08 20:39:02    451250    19건 · 20260704 ~ 20250918
2026-09-08 20:39:03    451700    20건 · 20251114 ~ 20260610
2026-09-08 20:39:04    451760    74건 · 20260824 ~ 20250930
2026-09-08 20:39:05    452160    11건 · 20260526 ~ 20251230
2026-09-08 20:39:07    452190    44건 · 20260908 ~ 20251028
2026-09-08 20:39:08    452200    23건 · 20260707 ~ 20251016
2026-09-08 20:39:10    452260   210건 · 20260908 ~ 20260513
2026-09-08 20:39:11    45226K    60건 · 20251217 ~ 20260803
2026-09-08 20:39:13    452280    41건 · 20260908 ~ 20250911
2026-09-08 20:39:15    452300   120건 · 20260908 ~ 20250908
2026-09-08 20:39:16    452400     3건 · 20251223 ~ 20250915
2026-09-08 20:39:17    452430    58건 · 20260824 ~ 20250919
2026-09-08 20:39:19    452450    53건 · 20260902 ~ 20250916
2026-09-08 20:39:20    453450    60건 · 20260901 ~ 20250915
2026-09-08 20:39:21    453860    14건 · 20260604 ~ 20250930
2026-09-08 20:39:23    455180    61건 · 20260807 ~ 20250908
2026-09-08 20:39:24    456010   151건 · 20260907 ~ 20250910
2026-09-08 20:39:26    456070    84건 · 20260826 ~ 20250908
2026-09-08 20:39:27    457370    12건 · 20260618 ~ 20250916
2026-09-08 20:39:29    457550    40건 · 20260908 ~ 20250911
2026-09-08 20:39:30    457600    38건 · 20260904 ~ 20250916
2026-09-08 20:39:32    458350    98건 · 20260907 ~ 20260120
2026-09-08 20:39:33    458650     6건 · 20260520 ~ 20251113
2026-09-08 20:39:34    458870   203건 · 20260907 ~ 20260112
2026-09-08 20:39:35    459100    35건 · 20260803 ~ 20250911
2026-09-08 20:39:37    459510   150건 · 20260907 ~ 20250907
2026-09-08 20:39:39    459550   185건 · 20260908 ~ 20250907
2026-09-08 20:39:40    460470    32건 · 20260824 ~ 20251027
2026-09-08 20:39:41    460850   200건 · 20260814 ~ 20251031
2026-09-08 20:39:43    460870    28건 · 20260810 ~ 20250908
2026-09-08 20:39:44    460940    36건 · 20260801 ~ 20251020
2026-09-08 20:39:46    461030    43건 · 20260901 ~ 20250908
2026-09-08 20:39:47    461300    82건 · 20260908 ~ 20250903
2026-09-08 20:39:48    462310    25건 · 20260818 ~ 20250926
2026-09-08 20:39:50    462350   205건 · 20260907 ~ 20260331
2026-09-08 20:39:52    462510    80건 · 20260828 ~ 20250911
2026-09-08 20:39:53    462520     3건 · 20250925 ~ 20250924
2026-09-08 20:39:54    462860    45건 · 20260904 ~ 20250912
2026-09-08 20:39:56    462980    44건 · 20260822 ~ 20250909
2026-09-08 20:39:57    463020    61건 · 20260908 ~ 20250910
2026-09-08 20:39:59    463480    43건 · 20260813 ~ 20250925
2026-09-08 20:40:01    464080   133건 · 20260908 ~ 20250908
2026-09-08 20:40:02    464280    19건 · 20260819 ~ 20251104
2026-09-08 20:40:03    464490   163건 · 20260908 ~ 20250917
2026-09-08 20:40:05    464500    40건 · 20260831 ~ 20250917
2026-09-08 20:40:06    464580    34건 · 20260821 ~ 20250909
2026-09-08 20:40:08    465480    35건 · 20260907 ~ 20250912
2026-09-08 20:40:09    465770   149건 · 20260907 ~ 20251022
2026-09-08 20:40:11    466100   167건 · 20260902 ~ 20250908
2026-09-08 20:40:12    466410    69건 · 20260831 ~ 20250909
2026-09-08 20:40:13    466910    13건 · 20260814 ~ 20260205
2026-09-08 20:40:15    468530   202건 · 20260908 ~ 20251001
2026-09-08 20:40:17    469610   201건 · 20260907 ~ 20251012
2026-09-08 20:40:18    469750    37건 · 20260904 ~ 20250911
2026-09-08 20:40:19    471820    17건 · 20260814 ~ 20250908
2026-09-08 20:40:21    472850    86건 · 20260902 ~ 20250910
2026-09-08 20:40:22    473980    68건 · 20260904 ~ 20250917
2026-09-08 20:40:24    474170    23건 · 20260610 ~ 20251002
2026-09-08 20:40:25    474610    58건 · 20260904 ~ 20250907
2026-09-08 20:40:27    474650   114건 · 20260904 ~ 20250908
2026-09-08 20:40:28    475040   203건 · 20260908 ~ 20250917
2026-09-08 20:40:30    475230    31건 · 20260819 ~ 20250908
2026-09-08 20:40:31    475400    80건 · 20260906 ~ 20250917
2026-09-08 20:40:32    475430    28건 · 20260626 ~ 20250930
2026-09-08 20:40:34    475460    44건 · 20260905 ~ 20250918
2026-09-08 20:40:36    475560   208건 · 20260908 ~ 20260629
2026-09-08 20:40:37    475580    57건 · 20260827 ~ 20250908
2026-09-08 20:40:38    475660     7건 · 20260601 ~ 20260121
2026-09-08 20:40:40    475960    75건 · 20260901 ~ 20250909
2026-09-08 20:40:41    476040   122건 · 20260908 ~ 20250907
2026-09-08 20:40:43    476060   207건 · 20260906 ~ 20260205
2026-09-08 20:40:45    476080    42건 · 20260908 ~ 20251104
2026-09-08 20:40:46    478340   200건 · 20260904 ~ 20251211
2026-09-08 20:40:47    478560    29건 · 20260827 ~ 20251014
2026-09-08 20:40:49    479960    32건 · 20260814 ~ 20251023
2026-09-08 20:40:50    480370    42건 · 20260904 ~ 20250909
2026-09-08 20:40:52    481070    55건 · 20260818 ~ 20250908
2026-09-08 20:40:53    481850    35건 · 20260821 ~ 20251030
2026-09-08 20:40:55    482630    75건 · 20260831 ~ 20250911
2026-09-08 20:40:57    483350   127건 · 20260907 ~ 20250912
2026-09-08 20:40:58    484120    36건 · 20260828 ~ 20250930
2026-09-08 20:40:59    484810   106건 · 20260907 ~ 20250907
2026-09-08 20:41:01    484870    60건 · 20260318 ~ 20260907
2026-09-08 20:41:03    487400    80건 · 20260901 ~ 20251120
2026-09-08 20:41:04    487570   210건 · 20260908 ~ 20260330
2026-09-08 20:41:06    487580    89건 · 20260901 ~ 20251201
2026-09-08 20:41:08    488280   202건 · 20260908 ~ 20251104
2026-09-08 20:41:09    488900    60건 · 20251222 ~ 20260813
2026-09-08 20:41:11    489460    46건 · 20260907 ~ 20250911
2026-09-08 20:41:12    489500    59건 · 20260814 ~ 20250912
2026-09-08 20:41:14    493330    33건 · 20260901 ~ 20250917
2026-09-08 20:41:15    494120   203건 · 20260908 ~ 20251029
2026-09-08 20:41:16    900010  뉴스 없음
2026-09-08 20:41:16    900020  뉴스 없음
2026-09-08 20:41:17    900040  뉴스 없음
2026-09-08 20:41:17    900050  뉴스 없음
2026-09-08 20:41:18    900060  뉴스 없음
2026-09-08 20:41:19    900070    20건 · 20260901 ~ 20260211
2026-09-08 20:41:20    900080  뉴스 없음
2026-09-08 20:41:20    900090  뉴스 없음
2026-09-08 20:41:22    900100    56건 · 20260904 ~ 20250909
2026-09-08 20:41:23    900110    23건 · 20260802 ~ 20251005
2026-09-08 20:41:25    900120    31건 · 20260805 ~ 20251016
2026-09-08 20:41:25    900130  뉴스 없음
2026-09-08 20:41:27    900140    38건 · 20260907 ~ 20250928
2026-09-08 20:41:27    900150  뉴스 없음
2026-09-08 20:41:28    900180  뉴스 없음
2026-09-08 20:41:29    900250    29건 · 20260907 ~ 20250918
2026-09-08 20:41:30    900260    23건 · 20260304 ~ 20251114
2026-09-08 20:41:32    900270    54건 · 20260826 ~ 20250922
2026-09-08 20:41:33    900280     3건 · 20251105 ~ 20250930
2026-09-08 20:41:34    900290     3건 · 20260805 ~ 20260119
2026-09-08 20:41:35    900300   102건 · 20260902 ~ 20251017
2026-09-08 20:41:37    900310    31건 · 20260908 ~ 20250908
2026-09-08 20:41:38    900340    24건 · 20260825 ~ 20251117
2026-09-08 20:41:39    950070  뉴스 없음
2026-09-08 20:41:39    950100  뉴스 없음
2026-09-08 20:41:40    950110     3건 · 20260827 ~ 20251215
2026-09-08 20:41:41    950130    37건 · 20260727 ~ 20250926
2026-09-08 20:41:43    950140    63건 · 20260907 ~ 20250911
2026-09-08 20:41:44    950170    21건 · 20260831 ~ 20250912
2026-09-08 20:41:46    950190    35건 · 20260828 ~ 20250926
2026-09-08 20:41:47    950200    36건 · 20260904 ~ 20251111
2026-09-08 20:41:49    950220   115건 · 20260904 ~ 20250908
2026-09-08 20:41:51    950250   152건 · 20260908 ~ 20250918
2026-09-08 20:41:51    끝 · 받음 2410 · 빈 것 344
2026-09-09 22:44:01    시총 500~2,000억에 한 번이라도 든 종목 2754개를 받는다
2026-09-09 22:44:01  ===== 종목뉴스 수집 (네이버 금융) · 2754종목 · 최대 3쪽 =====
2026-09-09 22:44:03    000020   207건 · 20260909 ~ 20260101
2026-09-09 22:44:04    000040    39건 · 20260908 ~ 20250915
2026-09-09 22:44:06    000050    59건 · 20260813 ~ 20250918
2026-09-09 22:44:07    000105     1건 · 20260724 ~ 20260724
2026-09-09 22:44:09    000140    31건 · 20260820 ~ 20250910
2026-09-09 22:44:10    000155    60건 · 20260901 ~ 20250908
2026-09-09 22:44:11    000157    26건 · 20260831 ~ 20250908
2026-09-09 22:44:12    000180    16건 · 20260713 ~ 20250918
2026-09-09 22:44:14    0001A0   119건 · 20260907 ~ 20250915
2026-09-09 22:44:15    000215     4건 · 20260320 ~ 20251028
2026-09-09 22:44:17    000220   141건 · 20260908 ~ 20250913
2026-09-09 22:44:18    000230    72건 · 20260513 ~ 20250908
2026-09-09 22:44:20    000250   210건 · 20260909 ~ 20260721
2026-09-09 22:44:21    000300    15건 · 20260504 ~ 20251031
2026-09-09 22:44:22    000320    37건 · 20260720 ~ 20250908
2026-09-09 22:44:23    000360  뉴스 없음
2026-09-09 22:44:24    000370   209건 · 20260909 ~ 20260525
2026-09-09 22:44:26    000390   213건 · 20260907 ~ 20260311
2026-09-09 22:44:27    000400   211건 · 20260909 ~ 20260604
2026-09-09 22:44:28    000420  뉴스 없음
2026-09-09 22:44:29    000430    39건 · 20260908 ~ 20250916
2026-09-09 22:44:31    000440   189건 · 20260902 ~ 20250917
2026-09-09 22:44:32    000470  뉴스 없음
2026-09-09 22:44:33    000480    19건 · 20260814 ~ 20250925
2026-09-09 22:44:34    000490   218건 · 20260909 ~ 20250910
2026-09-09 22:44:36    0004V0    65건 · 20260907 ~ 20250915
2026-09-09 22:44:37    000500   220건 · 20260909 ~ 20260618
2026-09-09 22:44:39    000520    92건 · 20260901 ~ 20250926
2026-09-09 22:44:40    000540   208건 · 20260909 ~ 20260223
2026-09-09 22:44:41    000590     6건 · 20260819 ~ 20260202
2026-09-09 22:44:42    000610  뉴스 없음
2026-09-09 22:44:44    000650   194건 · 20260720 ~ 20251118
2026-09-09 22:44:45    000680    47건 · 20260901 ~ 20250910
2026-09-09 22:44:46    000700     9건 · 20260421 ~ 20260120
2026-09-09 22:44:47    000725    11건 · 20260804 ~ 20251027
2026-09-09 22:44:49    000760    35건 · 20260805 ~ 20251128
2026-09-09 22:44:50    0007C0   148건 · 20260904 ~ 20250910
2026-09-09 22:44:52    0007J0   186건 · 20260909 ~ 20251002
2026-09-09 22:44:52    000800  뉴스 없음
2026-09-09 22:44:53    000835  뉴스 없음
2026-09-09 22:44:54    000850    16건 · 20260630 ~ 20251014
2026-09-09 22:44:55    000860    70건 · 20260824 ~ 20250912
2026-09-09 22:44:56    00088K     7건 · 20260901 ~ 20251027
2026-09-09 22:44:58    000890    86건 · 20260903 ~ 20250916
2026-09-09 22:45:00    0008Z0    59건 · 20260901 ~ 20250909
2026-09-09 22:45:01    000910    48건 · 20260828 ~ 20251010
2026-09-09 22:45:03    000950   181건 · 20260908 ~ 20250910
2026-09-09 22:45:04    000970     5건 · 20260224 ~ 20250925
2026-09-09 22:45:05    000990   212건 · 20260909 ~ 20260413
2026-09-09 22:45:07    001000    20건 · 20260820 ~ 20251106
2026-09-09 22:45:08    001020    41건 · 20260909 ~ 20250930
2026-09-09 22:45:09    001045     3건 · 20260115 ~ 20250929
2026-09-09 22:45:10    00104K     1건 · 20260518 ~ 20260518
2026-09-09 22:45:12    001060   204건 · 20260909 ~ 20260423
2026-09-09 22:45:13    001070    46건 · 20260909 ~ 20250916
2026-09-09 22:45:15    001080    86건 · 20260907 ~ 20250909
2026-09-09 22:45:16    0010F0    37건 · 20260908 ~ 20250917
2026-09-09 22:45:18    0010V0    38건 · 20260828 ~ 20250908
2026-09-09 22:45:19    001130   203건 · 20260908 ~ 20260221
2026-09-09 22:45:20    001140    16건 · 20260619 ~ 20260123
2026-09-09 22:45:22    0011A0   189건 · 20260908 ~ 20250919
2026-09-09 22:45:23    0011T0   202건 · 20260904 ~ 20260225
2026-09-09 22:45:25    001200   242건 · 20260909 ~ 20260819
2026-09-09 22:45:26    001210   111건 · 20260908 ~ 20250926
2026-09-09 22:45:28    001230   212건 · 20260903 ~ 20260402
2026-09-09 22:45:30    001250   166건 · 20260908 ~ 20250908
2026-09-09 22:45:31    001260   201건 · 20260909 ~ 20250910
2026-09-09 22:45:33    001270   202건 · 20260831 ~ 20260121
2026-09-09 22:45:34    001275    20건 · 20260312 ~ 20250928
2026-09-09 22:45:36    001290   211건 · 20260909 ~ 20260714
2026-09-09 22:45:36    001310  뉴스 없음
2026-09-09 22:45:37    001340    18건 · 20260814 ~ 20250923
2026-09-09 22:45:39    001360    62건 · 20260831 ~ 20251003
2026-09-09 22:45:40    001380    12건 · 20260512 ~ 20251012
2026-09-09 22:45:41    001390    91건 · 20260902 ~ 20250910
2026-09-09 22:45:43    0013V0   203건 · 20260909 ~ 20251201
2026-09-09 22:45:44    001420    24건 · 20260902 ~ 20251023
2026-09-09 22:45:46    001430    60건 · 20260908 ~ 20260422
2026-09-09 22:45:47    001440   218건 · 20260909 ~ 20260611
2026-09-09 22:45:49    001460    58건 · 20260824 ~ 20250912
2026-09-09 22:45:50    001465     3건 · 20260205 ~ 20250928
2026-09-09 22:45:52    001470   143건 · 20260831 ~ 20250908
2026-09-09 22:45:53    001500   227건 · 20260909 ~ 20260806
2026-09-09 22:45:55    001510    69건 · 20260909 ~ 20260901
2026-09-09 22:45:56    001520    87건 · 20260909 ~ 20250917
2026-09-09 22:45:58    001530   133건 · 20260906 ~ 20250912
2026-09-09 22:45:59    001540    91건 · 20260908 ~ 20250909
2026-09-09 22:46:01    001550    76건 · 20260907 ~ 20250910
2026-09-09 22:46:02    001560    19건 · 20260413 ~ 20250918
2026-09-09 22:46:04    001570   114건 · 20260909 ~ 20250911
2026-09-09 22:46:05    0015G0   202건 · 20260908 ~ 20251001
2026-09-09 22:46:07    0015N0   201건 · 20260909 ~ 20251113
2026-09-09 22:46:08    0015S0   144건 · 20260903 ~ 20250911
2026-09-09 22:46:10    001620    30건 · 20260722 ~ 20250911
2026-09-09 22:46:11    001630   114건 · 20260831 ~ 20250910
2026-09-09 22:46:12    001725  뉴스 없음
2026-09-09 22:46:13    001750   204건 · 20260909 ~ 20260617
2026-09-09 22:46:14    001770    13건 · 20260908 ~ 20260107
2026-09-09 22:46:16    001780    45건 · 20260723 ~ 20250910
2026-09-09 22:46:17    001790   197건 · 20260904 ~ 20251119
2026-09-09 22:46:19    0017J0    54건 · 20260901 ~ 20251117
2026-09-09 22:46:21    001810    50건 · 20260909 ~ 20251113
2026-09-09 22:46:22    001820   146건 · 20260909 ~ 20250909
2026-09-09 22:46:24    001840    29건 · 20260615 ~ 20250929
2026-09-09 22:46:25    001880   138건 · 20260907 ~ 20250915
2026-09-09 22:46:26    001940    27건 · 20260830 ~ 20250912
2026-09-09 22:46:27    002000  뉴스 없음
2026-09-09 22:46:29    002020   204건 · 20260909 ~ 20260318
2026-09-09 22:46:30    002025    12건 · 20260721 ~ 20250910
2026-09-09 22:46:30    002030    17건 · 20260708 ~ 20250909
2026-09-09 22:46:32    002070    49건 · 20260831 ~ 20250930
2026-09-09 22:46:33    002100    23건 · 20260907 ~ 20250910
2026-09-09 22:46:35    002140    29건 · 20260902 ~ 20251015
2026-09-09 22:46:36    002150    49건 · 20260819 ~ 20250910
2026-09-09 22:46:38    002170    42건 · 20260828 ~ 20250921
2026-09-09 22:46:39    002200    20건 · 20260526 ~ 20251113
2026-09-09 22:46:41    002210   203건 · 20260908 ~ 20251015
2026-09-09 22:46:42    002220    12건 · 20260803 ~ 20250923
2026-09-09 22:46:43    002230    37건 · 20260831 ~ 20250917
2026-09-09 22:46:44    002250  뉴스 없음
2026-09-09 22:46:45    002290     4건 · 20251203 ~ 20251203
2026-09-09 22:46:45    002300  뉴스 없음
2026-09-09 22:46:47    002310    48건 · 20260816 ~ 20250909
2026-09-09 22:46:48    002320   212건 · 20260909 ~ 20260407
2026-09-09 22:46:49    002355  뉴스 없음
2026-09-09 22:46:51    002360    37건 · 20260813 ~ 20260212
2026-09-09 22:46:52    002390   103건 · 20260909 ~ 20250909
2026-09-09 22:46:54    002410    49건 · 20260905 ~ 20250924
2026-09-09 22:46:55    002420    20건 · 20260831 ~ 20251105
2026-09-09 22:46:56    002450    25건 · 20260830 ~ 20251029
2026-09-09 22:46:58    002460   181건 · 20260909 ~ 20250908
2026-09-09 22:46:58    002530  뉴스 없음
2026-09-09 22:46:59    002600     5건 · 20260702 ~ 20251209
2026-09-09 22:47:01    002620    26건 · 20260903 ~ 20250924
2026-09-09 22:47:02    002630    60건 · 20260901 ~ 20250925
2026-09-09 22:47:03    002670  뉴스 없음
2026-09-09 22:47:04    002680    75건 · 20260908 ~ 20250915
2026-09-09 22:47:05    002690    19건 · 20260629 ~ 20250912
2026-09-09 22:47:07    002700   178건 · 20260908 ~ 20250917
2026-09-09 22:47:09    002710    75건 · 20260904 ~ 20250912
2026-09-09 22:47:10    002720    36건 · 20260825 ~ 20251021
2026-09-09 22:47:11    002760    15건 · 20260506 ~ 20251208
2026-09-09 22:47:13    002780   149건 · 20260908 ~ 20250925
2026-09-09 22:47:14    002795     8건 · 20260209 ~ 20251107
2026-09-09 22:47:14    002797  뉴스 없음
2026-09-09 22:47:15    00279K     5건 · 20260209 ~ 20251107
2026-09-09 22:47:17    002800    58건 · 20260906 ~ 20250917
2026-09-09 22:47:18    002810     6건 · 20260527 ~ 20250922
2026-09-09 22:47:19    002820    33건 · 20260907 ~ 20251112
2026-09-09 22:47:20    002840    19건 · 20260730 ~ 20251209
2026-09-09 22:47:21    002870     7건 · 20260709 ~ 20251106
2026-09-09 22:47:23    002880    37건 · 20260818 ~ 20251001
2026-09-09 22:47:24    002900   138건 · 20260904 ~ 20250918
2026-09-09 22:47:25    002920     1건 · 20251129 ~ 20251129
2026-09-09 22:47:26    002960    20건 · 20260907 ~ 20250908
2026-09-09 22:47:28    002990   207건 · 20260909 ~ 20260630
2026-09-09 22:47:29    003010    33건 · 20260909 ~ 20250911
2026-09-09 22:47:31    003030   160건 · 20260903 ~ 20250908
2026-09-09 22:47:32    003060    70건 · 20260904 ~ 20250908
2026-09-09 22:47:34    003070   209건 · 20260909 ~ 20260416
2026-09-09 22:47:35    003080    20건 · 20260824 ~ 20251020
2026-09-09 22:47:37    003090    39건 · 20260729 ~ 20250918
2026-09-09 22:47:38    003100    20건 · 20260710 ~ 20250925
2026-09-09 22:47:40    003120    60건 · 20260812 ~ 20250907
2026-09-09 22:47:41    003160   105건 · 20260902 ~ 20250917
2026-09-09 22:47:42    003190  뉴스 없음
2026-09-09 22:47:44    003200   189건 · 20260908 ~ 20250917
2026-09-09 22:47:45    003220   201건 · 20260905 ~ 20260128
2026-09-09 22:47:47    003230   224건 · 20260909 ~ 20260731
2026-09-09 22:47:48    003280   202건 · 20260907 ~ 20260303
2026-09-09 22:47:50    003300    45건 · 20260709 ~ 20250911
2026-09-09 22:47:51    003310    40건 · 20260720 ~ 20250926
2026-09-09 22:47:53    003350    23건 · 20260907 ~ 20251002
2026-09-09 22:47:53    003415  뉴스 없음
2026-09-09 22:47:54    00341A  뉴스 없음
2026-09-09 22:47:55    003460    56건 · 20260907 ~ 20250911
2026-09-09 22:47:57    003465    20건 · 20260903 ~ 20251209
2026-09-09 22:47:58    003475     3건 · 20260507 ~ 20260219
2026-09-09 22:47:59    003480     8건 · 20260812 ~ 20250911
2026-09-09 22:48:00    003495    10건 · 20260821 ~ 20251105
2026-09-09 22:48:01    003520    25건 · 20260831 ~ 20251002
2026-09-09 22:48:02    003530   227건 · 20260909 ~ 20260820
2026-09-09 22:48:04    003535    28건 · 20260526 ~ 20250929
2026-09-09 22:48:05    003545     3건 · 20260327 ~ 20260213
2026-09-09 22:48:06    003547     5건 · 20260223 ~ 20260213
2026-09-09 22:48:07    003555    21건 · 20260624 ~ 20251205
2026-09-09 22:48:08    003560    13건 · 20260709 ~ 20251104
2026-09-09 22:48:09    003570   123건 · 20260908 ~ 20250908
2026-09-09 22:48:11    003580   150건 · 20260909 ~ 20250915
2026-09-09 22:48:12    003605  뉴스 없음
2026-09-09 22:48:13    003610    18건 · 20260621 ~ 20250909
2026-09-09 22:48:14    003620   208건 · 20260909 ~ 20260715
2026-09-09 22:48:15    003640  뉴스 없음
2026-09-09 22:48:16    003650    10건 · 20260901 ~ 20260106
2026-09-09 22:48:17    003680   167건 · 20260909 ~ 20250917
2026-09-09 22:48:19    003720    49건 · 20260831 ~ 20250908
2026-09-09 22:48:20    003780    28건 · 20260722 ~ 20260112
2026-09-09 22:48:22    003800   203건 · 20260907 ~ 20260130
2026-09-09 22:48:23    003830    55건 · 20260906 ~ 20250910
2026-09-09 22:48:25    003850   203건 · 20260908 ~ 20250911
2026-09-09 22:48:27    003920   212건 · 20260909 ~ 20260601
2026-09-09 22:48:28    003925    12건 · 20260316 ~ 20250915
2026-09-09 22:48:28    003940  뉴스 없음
2026-09-09 22:48:30    003960   174건 · 20260909 ~ 20250907
2026-09-09 22:48:31    0039P0    98건 · 20260908 ~ 20250922
2026-09-09 22:48:33    004060    44건 · 20260414 ~ 20251010
2026-09-09 22:48:34    004080    37건 · 20260824 ~ 20250915
2026-09-09 22:48:36    004090    92건 · 20260727 ~ 20250917
2026-09-09 22:48:37    004100    23건 · 20260723 ~ 20250930
2026-09-09 22:48:38    004130  뉴스 없음
2026-09-09 22:48:39    004140    45건 · 20260907 ~ 20250926
2026-09-09 22:48:41    004150    63건 · 20260904 ~ 20250908
2026-09-09 22:48:41    004200  뉴스 없음
2026-09-09 22:48:42    004250    15건 · 20260507 ~ 20250930
2026-09-09 22:48:43    004270    31건 · 20260813 ~ 20250916
2026-09-09 22:48:45    004310   213건 · 20260909 ~ 20251206
2026-09-09 22:48:46    004320  뉴스 없음
2026-09-09 22:48:47    004360    38건 · 20260828 ~ 20250909
2026-09-09 22:48:48    004367  뉴스 없음
2026-09-09 22:48:49    004380    30건 · 20260909 ~ 20250921
2026-09-09 22:48:51    004410    70건 · 20260909 ~ 20250912
2026-09-09 22:48:52    004430     6건 · 20260821 ~ 20251031
2026-09-09 22:48:53    004440    41건 · 20260709 ~ 20250918
2026-09-09 22:48:54    004450    15건 · 20260616 ~ 20250930
2026-09-09 22:48:56    004540   212건 · 20260907 ~ 20260305
2026-09-09 22:48:56    004550  뉴스 없음
2026-09-09 22:48:58    004560    61건 · 20260818 ~ 20250904
2026-09-09 22:48:59    004590    20건 · 20260824 ~ 20250928
2026-09-09 22:49:00    004620  뉴스 없음
2026-09-09 22:49:01    004650    20건 · 20260825 ~ 20260106
2026-09-09 22:49:02    004700    17건 · 20260223 ~ 20250909
2026-09-09 22:49:04    004710   121건 · 20260904 ~ 20250924
2026-09-09 22:49:05    004720    58건 · 20260818 ~ 20250915
2026-09-09 22:49:06    004740  뉴스 없음
2026-09-09 22:49:07    004770    12건 · 20260907 ~ 20260603
2026-09-09 22:49:08    004780     3건 · 20260715 ~ 20251229
2026-09-09 22:49:08    004790  뉴스 없음
2026-09-09 22:49:09    004830    10건 · 20260715 ~ 20251106
2026-09-09 22:49:10    004835    15건 · 20260604 ~ 20251001
2026-09-09 22:49:11    004840    27건 · 20260909 ~ 20250908
2026-09-09 22:49:13    004870   106건 · 20260904 ~ 20250919
2026-09-09 22:49:15    004890    43건 · 20260818 ~ 20250916
2026-09-09 22:49:16    004910    73건 · 20260907 ~ 20250908
2026-09-09 22:49:18    004920    45건 · 20260903 ~ 20250918
2026-09-09 22:49:19    004960   201건 · 20260831 ~ 20251031
2026-09-09 22:49:20    004970    10건 · 20260904 ~ 20251110
2026-09-09 22:49:22    004980    74건 · 20260831 ~ 20250908
2026-09-09 22:49:23    00499K     4건 · 20260831 ~ 20250930
2026-09-09 22:49:24    005010    48건 · 20260903 ~ 20250915
2026-09-09 22:49:25    005030    21건 · 20260706 ~ 20250908
2026-09-09 22:49:27    005070    91건 · 20260908 ~ 20250917
2026-09-09 22:49:29    005090   129건 · 20260908 ~ 20250923
2026-09-09 22:49:30    005110    45건 · 20260820 ~ 20250912
2026-09-09 22:49:31    005160    16건 · 20260730 ~ 20250908
2026-09-09 22:49:32    005190  뉴스 없음
2026-09-09 22:49:32    005255  뉴스 없음
2026-09-09 22:49:33    005257    10건 · 20260825 ~ 20250928
2026-09-09 22:49:35    005290   201건 · 20260904 ~ 20251001
2026-09-09 22:49:36    005305     1건 · 20251211 ~ 20251211
2026-09-09 22:49:37    005320    39건 · 20260902 ~ 20251023
2026-09-09 22:49:39    005360   202건 · 20260906 ~ 20250912
2026-09-09 22:49:40    005389    30건 · 20260904 ~ 20251017
2026-09-09 22:49:42    005390   172건 · 20260909 ~ 20250910
2026-09-09 22:49:43    005420    35건 · 20260908 ~ 20250917
2026-09-09 22:49:45    005430    21건 · 20260902 ~ 20250909
2026-09-09 22:49:46    005440    60건 · 20260908 ~ 20260626
2026-09-09 22:49:47    005450  뉴스 없음
2026-09-09 22:49:48    005500   201건 · 20260907 ~ 20251119
2026-09-09 22:49:49    005560  뉴스 없음
2026-09-09 22:49:50    005610   206건 · 20260909 ~ 20260310
2026-09-09 22:49:51    005620  뉴스 없음
2026-09-09 22:49:52    005670    18건 · 20260509 ~ 20251215
2026-09-09 22:49:53    005680    31건 · 20260805 ~ 20251021
2026-09-09 22:49:55    005690   121건 · 20260824 ~ 20250911
2026-09-09 22:49:56    005710    38건 · 20260908 ~ 20250914
2026-09-09 22:49:57    005720    15건 · 20260709 ~ 20250911
2026-09-09 22:49:58    005740    14건 · 20260828 ~ 20251104
2026-09-09 22:50:00    005750    45건 · 20260907 ~ 20250912
2026-09-09 22:50:01    005800    22건 · 20260902 ~ 20251001
2026-09-09 22:50:03    005810    71건 · 20260904 ~ 20250916
2026-09-09 22:50:04    005820     8건 · 20260907 ~ 20260223
2026-09-09 22:50:05    005860    31건 · 20260902 ~ 20251015
2026-09-09 22:50:07    005870    57건 · 20260729 ~ 20250924
2026-09-09 22:50:08    005880   201건 · 20260907 ~ 20251211
2026-09-09 22:50:09    005900  뉴스 없음
2026-09-09 22:50:10    005945    12건 · 20260819 ~ 20260122
2026-09-09 22:50:11    005950    96건 · 20260824 ~ 20251022
2026-09-09 22:50:13    005960   204건 · 20260909 ~ 20260407
2026-09-09 22:50:13    005980  뉴스 없음
2026-09-09 22:50:15    005990    34건 · 20260819 ~ 20250915
2026-09-09 22:50:16    006050    17건 · 20260812 ~ 20251015
2026-09-09 22:50:17    006060    25건 · 20260728 ~ 20251111
2026-09-09 22:50:18    006090    20건 · 20260904 ~ 20250923
2026-09-09 22:50:19    006110   103건 · 20260902 ~ 20250917
2026-09-09 22:50:20    006125  뉴스 없음
2026-09-09 22:50:21    006140     5건 · 20260317 ~ 20260106
2026-09-09 22:50:22    006200    31건 · 20260817 ~ 20250923
2026-09-09 22:50:24    006220   205건 · 20260909 ~ 20260403
2026-09-09 22:50:25    006340   226건 · 20260907 ~ 20250923
2026-09-09 22:50:27    006345    36건 · 20260811 ~ 20251028
2026-09-09 22:50:28    006370    73건 · 20260908 ~ 20250907
2026-09-09 22:50:30    006380    22건 · 20260909 ~ 20251029
2026-09-09 22:50:31    006390    20건 · 20260710 ~ 20250908
2026-09-09 22:50:32    006405     9건 · 20260622 ~ 20251024
2026-09-09 22:50:32    006440  뉴스 없음
2026-09-09 22:50:34    006490   110건 · 20260909 ~ 20250909
2026-09-09 22:50:35    006570    52건 · 20260831 ~ 20250911
2026-09-09 22:50:36    006580     2건 · 20260807 ~ 20260401
2026-09-09 22:50:38    006620    94건 · 20260908 ~ 20250915
2026-09-09 22:50:39    006660    29건 · 20260721 ~ 20250924
2026-09-09 22:50:41    006740    91건 · 20260909 ~ 20251002
2026-09-09 22:50:43    006805    48건 · 20260724 ~ 20250909
2026-09-09 22:50:44    006840   144건 · 20260908 ~ 20250907
2026-09-09 22:50:45    006880    14건 · 20260731 ~ 20251015
2026-09-09 22:50:46    006890    15건 · 20260727 ~ 20251024
2026-09-09 22:50:48    006910    51건 · 20260909 ~ 20250903
2026-09-09 22:50:49    006920    14건 · 20260730 ~ 20251212
2026-09-09 22:50:50    006980    14건 · 20260909 ~ 20250929
2026-09-09 22:50:51    007110    70건 · 20260826 ~ 20250922
2026-09-09 22:50:53    007120    47건 · 20260909 ~ 20251105
2026-09-09 22:50:53    007150  뉴스 없음
2026-09-09 22:50:55    007160    32건 · 20260904 ~ 20250909
2026-09-09 22:50:55    007190  뉴스 없음
2026-09-09 22:50:56    007200  뉴스 없음
2026-09-09 22:50:57    007210    20건 · 20260702 ~ 20251022
2026-09-09 22:50:58    007280    13건 · 20260827 ~ 20251022
2026-09-09 22:51:00    007330    40건 · 20260807 ~ 20250909
2026-09-09 22:51:01    007340    71건 · 20260908 ~ 20250909
2026-09-09 22:51:02    007370    20건 · 20260713 ~ 20251002
2026-09-09 22:51:04    007390    98건 · 20260828 ~ 20250908
2026-09-09 22:51:06    007460   130건 · 20260904 ~ 20250908
2026-09-09 22:51:06    007480  뉴스 없음
2026-09-09 22:51:07    007530  뉴스 없음
2026-09-09 22:51:08    007540    38건 · 20260824 ~ 20250922
2026-09-09 22:51:10    007570   134건 · 20260909 ~ 20250910
2026-09-09 22:51:11    007575    13건 · 20260429 ~ 20250928
2026-09-09 22:51:12    007590    13건 · 20260708 ~ 20251029
2026-09-09 22:51:13    007610    43건 · 20260827 ~ 20250925
2026-09-09 22:51:14    007630  뉴스 없음
2026-09-09 22:51:15    007660   206건 · 20260909 ~ 20260409
2026-09-09 22:51:17    007680   107건 · 20260831 ~ 20250909
2026-09-09 22:51:19    007690    38건 · 20260821 ~ 20250907
2026-09-09 22:51:20    007700   141건 · 20260907 ~ 20250911
2026-09-09 22:51:22    007720    78건 · 20260908 ~ 20250922
2026-09-09 22:51:23    007770     6건 · 20260604 ~ 20260210
2026-09-09 22:51:23    007800  뉴스 없음
2026-09-09 22:51:25    007810   193건 · 20260908 ~ 20250909
2026-09-09 22:51:26    007815    26건 · 20260728 ~ 20250909
2026-09-09 22:51:28    007820    52건 · 20260819 ~ 20250908
2026-09-09 22:51:29    007860    11건 · 20260909 ~ 20251016
2026-09-09 22:51:30    007980    39건 · 20260828 ~ 20250919
2026-09-09 22:51:31    008020  뉴스 없음
2026-09-09 22:51:32    008040   197건 · 20260904 ~ 20260206
2026-09-09 22:51:34    008060    75건 · 20260812 ~ 20250915
2026-09-09 22:51:35    008080  뉴스 없음
2026-09-09 22:51:36    008110    15건 · 20260904 ~ 20250919
2026-09-09 22:51:37    008250    20건 · 20260825 ~ 20250913
2026-09-09 22:51:38    008260    11건 · 20260902 ~ 20251116
2026-09-09 22:51:39    008290    54건 · 20260909 ~ 20251105
2026-09-09 22:51:41    0082N0   204건 · 20260909 ~ 20260119
2026-09-09 22:51:42    008320  뉴스 없음
2026-09-09 22:51:43    008350   125건 · 20260903 ~ 20250908
2026-09-09 22:51:44    008370     7건 · 20260304 ~ 20250909
2026-09-09 22:51:45    008420    34건 · 20260903 ~ 20251106
2026-09-09 22:51:46    008470    14건 · 20260813 ~ 20251020
2026-09-09 22:51:47    008490    15건 · 20260908 ~ 20250909
2026-09-09 22:51:48    008540  뉴스 없음
2026-09-09 22:51:49    008600    37건 · 20260423 ~ 20250909
2026-09-09 22:51:51    008700    20건 · 20260805 ~ 20251223
2026-09-09 22:51:52    008730    75건 · 20260817 ~ 20250909
2026-09-09 22:51:53    008775     8건 · 20260622 ~ 20250919
2026-09-09 22:51:54    008800  뉴스 없음
2026-09-09 22:51:55    008830    91건 · 20260810 ~ 20250923
2026-09-09 22:51:56    008870    11건 · 20260226 ~ 20251017
2026-09-09 22:51:58    0088M0    97건 · 20260909 ~ 20250919
2026-09-09 22:51:58    008900  뉴스 없음
2026-09-09 22:52:00    008930   204건 · 20260909 ~ 20260521
2026-09-09 22:52:02    008970    88건 · 20260903 ~ 20250911
2026-09-09 22:52:02    009010  뉴스 없음
2026-09-09 22:52:03    009070    26건 · 20260814 ~ 20250930
2026-09-09 22:52:04    009140     8건 · 20260907 ~ 20250909
2026-09-09 22:52:06    009155    75건 · 20260905 ~ 20260126
2026-09-09 22:52:07    009160    20건 · 20260710 ~ 20250922
2026-09-09 22:52:08    009180    56건 · 20260909 ~ 20250916
2026-09-09 22:52:10    009190    23건 · 20260909 ~ 20251029
2026-09-09 22:52:11    009200   125건 · 20260909 ~ 20250911
2026-09-09 22:52:13    009270    62건 · 20260903 ~ 20250909
2026-09-09 22:52:14    009280  뉴스 없음
2026-09-09 22:52:15    009290   208건 · 20260909 ~ 20260212
2026-09-09 22:52:16    009300    13건 · 20260908 ~ 20251002
2026-09-09 22:52:17    009310    22건 · 20260905 ~ 20251015
2026-09-09 22:52:18    009320     9건 · 20260712 ~ 20251210
2026-09-09 22:52:19    009380  뉴스 없음
2026-09-09 22:52:20    009410   201건 · 20260909 ~ 20260225
2026-09-09 22:52:22    009415    65건 · 20260622 ~ 20250917
2026-09-09 22:52:24    009420   203건 · 20260909 ~ 20251201
2026-09-09 22:52:25    009440    33건 · 20260903 ~ 20251128
2026-09-09 22:52:27    009450   209건 · 20260908 ~ 20260325
2026-09-09 22:52:28    009460    61건 · 20260907 ~ 20250913
2026-09-09 22:52:30    009470    42건 · 20260708 ~ 20250911
2026-09-09 22:52:32    009520    83건 · 20260825 ~ 20250924
2026-09-09 22:52:33    009580   122건 · 20260909 ~ 20250909
2026-09-09 22:52:34    009620    24건 · 20260819 ~ 20251001
2026-09-09 22:52:35    009680    12건 · 20260616 ~ 20250925
2026-09-09 22:52:37    009730    27건 · 20260814 ~ 20251117
2026-09-09 22:52:38    009770    10건 · 20260410 ~ 20251105
2026-09-09 22:52:39    009780    24건 · 20260719 ~ 20250907
2026-09-09 22:52:40    009810    12건 · 20260826 ~ 20250915
2026-09-09 22:52:41    009835     8건 · 20260807 ~ 20260204
2026-09-09 22:52:42    010040     6건 · 20260317 ~ 20251024
2026-09-09 22:52:43    010050    59건 · 20260904 ~ 20250929
2026-09-09 22:52:45    010100    23건 · 20260907 ~ 20250911
2026-09-09 22:52:46    010145     9건 · 20251206 ~ 20250928
2026-09-09 22:52:47    010170   220건 · 20260909 ~ 20260312
2026-09-09 22:52:48    010240     6건 · 20260715 ~ 20251209
2026-09-09 22:52:50    010280   128건 · 20260901 ~ 20250908
2026-09-09 22:52:51    010400    35건 · 20260814 ~ 20250908
2026-09-09 22:52:52    010420    14건 · 20260904 ~ 20250908
2026-09-09 22:52:53    010460  뉴스 없음
2026-09-09 22:52:54    010470    20건 · 20260819 ~ 20250921
2026-09-09 22:52:55    010580    87건 · 20260909 ~ 20250918
2026-09-09 22:52:57    010600    69건 · 20260731 ~ 20250911
2026-09-09 22:52:58    010640    37건 · 20260828 ~ 20250908
2026-09-09 22:53:00    010660    41건 · 20260902 ~ 20250910
2026-09-09 22:53:00    010670  뉴스 없음
2026-09-09 22:53:02    010690    58건 · 20260821 ~ 20250924
2026-09-09 22:53:03    010770    11건 · 20260824 ~ 20260114
2026-09-09 22:53:05    010780   204건 · 20260909 ~ 20260114
2026-09-09 22:53:06    010820    73건 · 20260903 ~ 20250911
2026-09-09 22:53:07    010955     8건 · 20260306 ~ 20250924
2026-09-09 22:53:08    010960    26건 · 20260903 ~ 20250912
2026-09-09 22:53:10    011000   113건 · 20260907 ~ 20250918
2026-09-09 22:53:12    011040    70건 · 20260903 ~ 20250910
2026-09-09 22:53:13    011080   136건 · 20260904 ~ 20250922
2026-09-09 22:53:15    011090   154건 · 20260904 ~ 20250909
2026-09-09 22:53:16    011150    34건 · 20260821 ~ 20250907
2026-09-09 22:53:17    011160  뉴스 없음
2026-09-09 22:53:18    011230    63건 · 20260727 ~ 20250909
2026-09-09 22:53:20    011280    76건 · 20260909 ~ 20250916
2026-09-09 22:53:21    011300    72건 · 20260901 ~ 20250924
2026-09-09 22:53:22    011320    11건 · 20260728 ~ 20251002
2026-09-09 22:53:24    011330    80건 · 20260824 ~ 20250908
2026-09-09 22:53:26    011370   206건 · 20260909 ~ 20260422
2026-09-09 22:53:27    011390    62건 · 20260908 ~ 20250916
2026-09-09 22:53:28    011400  뉴스 없음
2026-09-09 22:53:29    011420    33건 · 20260814 ~ 20250923
2026-09-09 22:53:31    011500    28건 · 20260708 ~ 20250929
2026-09-09 22:53:32    011560    33건 · 20260904 ~ 20250910
2026-09-09 22:53:33    0115H0    29건 · 20260713 ~ 20251013
2026-09-09 22:53:35    011690    97건 · 20260909 ~ 20250910
2026-09-09 22:53:36    011700    49건 · 20260908 ~ 20250922
2026-09-09 22:53:37    011720  뉴스 없음
2026-09-09 22:53:39    011760   100건 · 20260907 ~ 20251002
2026-09-09 22:53:40    011785     1건 · 20260112 ~ 20260112
2026-09-09 22:53:41    0117P0   177건 · 20260909 ~ 20251117
2026-09-09 22:53:42    011800  뉴스 없음
2026-09-09 22:53:43    011810    65건 · 20260906 ~ 20250910
2026-09-09 22:53:45    011930   203건 · 20260908 ~ 20260105
2026-09-09 22:53:46    012030   204건 · 20260909 ~ 20260117
2026-09-09 22:53:47    012090  뉴스 없음
2026-09-09 22:53:48    012160    19건 · 20260811 ~ 20250925
2026-09-09 22:53:50    012170    59건 · 20260903 ~ 20250917
2026-09-09 22:53:51    012200   118건 · 20260908 ~ 20250908
2026-09-09 22:53:53    012210    74건 · 20260909 ~ 20250909
2026-09-09 22:53:54    012280    13건 · 20260827 ~ 20251211
2026-09-09 22:53:55    012320    16건 · 20260728 ~ 20260128
2026-09-09 22:53:56    012340    60건 · 20260813 ~ 20251203
2026-09-09 22:53:57    012410  뉴스 없음
2026-09-09 22:53:57    012420  뉴스 없음
2026-09-09 22:53:59    012510   162건 · 20260810 ~ 20250916
2026-09-09 22:54:00    012600    17건 · 20260619 ~ 20251214
2026-09-09 22:54:01    012610    29건 · 20260602 ~ 20251201
2026-09-09 22:54:02    012620     9건 · 20260409 ~ 20251110
2026-09-09 22:54:03    012650  뉴스 없음
2026-09-09 22:54:04    012690    54건 · 20260827 ~ 20250912
2026-09-09 22:54:06    012700    45건 · 20260827 ~ 20250917
2026-09-09 22:54:06    012790  뉴스 없음
2026-09-09 22:54:08    012800    42건 · 20260826 ~ 20250925
2026-09-09 22:54:10    012860    88건 · 20260903 ~ 20250908
2026-09-09 22:54:11    013000     4건 · 20260605 ~ 20251027
2026-09-09 22:54:12    013030    35건 · 20260909 ~ 20250908
2026-09-09 22:54:13    013120   202건 · 20260909 ~ 20251001
2026-09-09 22:54:14    013240  뉴스 없음
2026-09-09 22:54:16    013310    60건 · 20260827 ~ 20250909
2026-09-09 22:54:16    013340  뉴스 없음
2026-09-09 22:54:18    013360   131건 · 20260907 ~ 20250908
2026-09-09 22:54:18    013450  뉴스 없음
2026-09-09 22:54:20    013520    40건 · 20260901 ~ 20250908
2026-09-09 22:54:21    013570    16건 · 20260813 ~ 20251002
2026-09-09 22:54:22    013580   206건 · 20260909 ~ 20260119
2026-09-09 22:54:24    013700    36건 · 20260901 ~ 20250930
2026-09-09 22:54:25    013720    28건 · 20260821 ~ 20250919
2026-09-09 22:54:26    013810    10건 · 20260722 ~ 20250911
2026-09-09 22:54:27    013870    20건 · 20260421 ~ 20251016
2026-09-09 22:54:29    013890   111건 · 20260827 ~ 20250922
2026-09-09 22:54:30    013990    27건 · 20260818 ~ 20250904
2026-09-09 22:54:32    014100    62건 · 20260909 ~ 20250918
2026-09-09 22:54:33    014130    31건 · 20260908 ~ 20250920
2026-09-09 22:54:35    014160    47건 · 20260816 ~ 20260209
2026-09-09 22:54:36    014190    20건 · 20260901 ~ 20251001
2026-09-09 22:54:37    014200    12건 · 20260605 ~ 20250930
2026-09-09 22:54:39    014280    48건 · 20260604 ~ 20250908
2026-09-09 22:54:39    014300  뉴스 없음
2026-09-09 22:54:40    014440     2건 · 20260121 ~ 20260121
2026-09-09 22:54:41    014470    15건 · 20260909 ~ 20251116
2026-09-09 22:54:43    014530   150건 · 20260902 ~ 20250917
2026-09-09 22:54:44    014570    20건 · 20260816 ~ 20260105
2026-09-09 22:54:45    014580    20건 · 20260529 ~ 20251023
2026-09-09 22:54:46    014590  뉴스 없음
2026-09-09 22:54:47    014620    88건 · 20260909 ~ 20250912
2026-09-09 22:54:49    014680   164건 · 20260907 ~ 20250912
2026-09-09 22:54:50    014710    45건 · 20260904 ~ 20250909
2026-09-09 22:54:52    014790   184건 · 20260826 ~ 20250908
2026-09-09 22:54:54    014820   176건 · 20260904 ~ 20250923
2026-09-09 22:54:55    014910    54건 · 20260903 ~ 20251230
2026-09-09 22:54:57    014940    63건 · 20260722 ~ 20250904
2026-09-09 22:54:58    014950    88건 · 20260909 ~ 20250915
2026-09-09 22:54:59    014970    27건 · 20260727 ~ 20250908
2026-09-09 22:55:01    014990    79건 · 20260907 ~ 20250918
2026-09-09 22:55:02    015020    21건 · 20260526 ~ 20250908
2026-09-09 22:55:03    015200  뉴스 없음
2026-09-09 22:55:04    015230     3건 · 20260323 ~ 20260317
2026-09-09 22:55:05    015260    58건 · 20260908 ~ 20250924
2026-09-09 22:55:06    015350  뉴스 없음
2026-09-09 22:55:08    015360    77건 · 20260903 ~ 20250910
2026-09-09 22:55:08    015390  뉴스 없음
2026-09-09 22:55:09    015540  뉴스 없음
2026-09-09 22:55:10    015590    20건 · 20260630 ~ 20251112
2026-09-09 22:55:12    0155E0    64건 · 20260907 ~ 20260330
2026-09-09 22:55:13    0156T0   100건 · 20260909 ~ 20260406
2026-09-09 22:55:14    015710     9건 · 20260831 ~ 20251217
2026-09-09 22:55:16    015750   114건 · 20260908 ~ 20250909
2026-09-09 22:55:17    015860    40건 · 20260824 ~ 20250911
2026-09-09 22:55:18    015890     3건 · 20260806 ~ 20251202
2026-09-09 22:55:19    016090     6건 · 20260819 ~ 20251216
2026-09-09 22:55:20    016100    22건 · 20260812 ~ 20251010
2026-09-09 22:55:21    016140  뉴스 없음
2026-09-09 22:55:22    016170  뉴스 없음
2026-09-09 22:55:23    016250    37건 · 20260902 ~ 20251027
2026-09-09 22:55:25    016380   205건 · 20260907 ~ 20251016
2026-09-09 22:55:26    016450    77건 · 20260908 ~ 20250907
2026-09-09 22:55:27    016510  뉴스 없음
2026-09-09 22:55:28    016560  뉴스 없음
2026-09-09 22:55:28    016570  뉴스 없음
2026-09-09 22:55:30    016580    47건 · 20260831 ~ 20250908
2026-09-09 22:55:31    016590    43건 · 20260816 ~ 20251103
2026-09-09 22:55:33    016600    93건 · 20260906 ~ 20250908
2026-09-09 22:55:34    016610   216건 · 20260909 ~ 20260803
2026-09-09 22:55:35    016670    15건 · 20260521 ~ 20250915
2026-09-09 22:55:36    016710    20건 · 20260826 ~ 20250923
2026-09-09 22:55:38    016740    33건 · 20260814 ~ 20250922
2026-09-09 22:55:39    016790    27건 · 20260909 ~ 20250923
2026-09-09 22:55:41    016880    97건 · 20260903 ~ 20250908
2026-09-09 22:55:42    016920    49건 · 20260724 ~ 20250915
2026-09-09 22:55:44    017000    44건 · 20260706 ~ 20250908
2026-09-09 22:55:46    017040    56건 · 20260814 ~ 20250923
2026-09-09 22:55:46    017170  뉴스 없음
2026-09-09 22:55:47    017180    13건 · 20260902 ~ 20250913
2026-09-09 22:55:48    017250     4건 · 20260518 ~ 20251223
2026-09-09 22:55:49    017300  뉴스 없음
2026-09-09 22:55:50    017370    10건 · 20260813 ~ 20250913
2026-09-09 22:55:51    017480    17건 · 20260604 ~ 20251229
2026-09-09 22:55:52    017510    28건 · 20260827 ~ 20250915
2026-09-09 22:55:53    017550    31건 · 20260826 ~ 20260120
2026-09-09 22:55:54    017650    16건 · 20260816 ~ 20251208
2026-09-09 22:55:55    017680  뉴스 없음
2026-09-09 22:55:56    017810   212건 · 20260909 ~ 20260723
2026-09-09 22:55:58    017860    93건 · 20260902 ~ 20250908
2026-09-09 22:55:59    017890    20건 · 20260825 ~ 20251202
2026-09-09 22:56:01    017900    71건 · 20260908 ~ 20250924
2026-09-09 22:56:02    017940   114건 · 20260908 ~ 20250907
2026-09-09 22:56:04    017960   148건 · 20260908 ~ 20250908
2026-09-09 22:56:05    018000    87건 · 20260901 ~ 20250908
2026-09-09 22:56:06    018120     9건 · 20260825 ~ 20260224
2026-09-09 22:56:08    018290    81건 · 20260908 ~ 20250908
2026-09-09 22:56:09    018310    36건 · 20260628 ~ 20250907
2026-09-09 22:56:11    018470    75건 · 20260823 ~ 20251111
2026-09-09 22:56:12    018500    17건 · 20260824 ~ 20250910
2026-09-09 22:56:13    018620    42건 · 20260827 ~ 20250923
2026-09-09 22:56:15    018680     5건 · 20260617 ~ 20260118
2026-09-09 22:56:16    018700    41건 · 20260802 ~ 20250912
2026-09-09 22:56:17    019010    20건 · 20260904 ~ 20251014
2026-09-09 22:56:19    019170   118건 · 20260908 ~ 20250910
2026-09-09 22:56:20    019175    18건 · 20260828 ~ 20251028
2026-09-09 22:56:21    019180    62건 · 20260827 ~ 20250909
2026-09-09 22:56:23    019210    29건 · 20260904 ~ 20251002
2026-09-09 22:56:23    019260  뉴스 없음
2026-09-09 22:56:24    019300  뉴스 없음
2026-09-09 22:56:25    019440    27건 · 20260610 ~ 20251030
2026-09-09 22:56:27    019490    55건 · 20260831 ~ 20250910
2026-09-09 22:56:28    019540    19건 · 20260831 ~ 20251028
2026-09-09 22:56:29    019550   146건 · 20260908 ~ 20250909
2026-09-09 22:56:31    019570    48건 · 20260812 ~ 20250911
2026-09-09 22:56:32    019590     6건 · 20251105 ~ 20250927
2026-09-09 22:56:33    019660    20건 · 20260818 ~ 20251013
2026-09-09 22:56:35    019680   201건 · 20260907 ~ 20250909
2026-09-09 22:56:36    019685     3건 · 20260811 ~ 20250924
2026-09-09 22:56:37    019770     7건 · 20260713 ~ 20251121
2026-09-09 22:56:38    019990    42건 · 20260909 ~ 20250924
2026-09-09 22:56:40    020120    60건 · 20260909 ~ 20250915
2026-09-09 22:56:41    020180    48건 · 20260828 ~ 20250916
2026-09-09 22:56:43    020710    20건 · 20260831 ~ 20250923
2026-09-09 22:56:44    020760     5건 · 20260730 ~ 20251206
2026-09-09 22:56:45    021040    14건 · 20260812 ~ 20250929
2026-09-09 22:56:46    021050    18건 · 20260814 ~ 20251210
2026-09-09 22:56:47    021080   202건 · 20260908 ~ 20251113
2026-09-09 22:56:49    021320   203건 · 20260909 ~ 20250909
2026-09-09 22:56:50    021650    20건 · 20260423 ~ 20250913
2026-09-09 22:56:51    021820     9건 · 20260414 ~ 20251110
2026-09-09 22:56:53    021880    38건 · 20260827 ~ 20251014
2026-09-09 22:56:54    0218L0    21건 · 20260827 ~ 20260105
2026-09-09 22:56:54    021960  뉴스 없음
2026-09-09 22:56:55    0220WL     4건 · 20260903 ~ 20260825
2026-09-09 22:56:57    022220    37건 · 20260831 ~ 20251119
2026-09-09 22:56:57    022520  뉴스 없음
2026-09-09 22:56:58    023000    17건 · 20260531 ~ 20251120
2026-09-09 22:56:59    023020  뉴스 없음
2026-09-09 22:57:00    023150    11건 · 20260825 ~ 20260204
2026-09-09 22:57:02    023160    43건 · 20260908 ~ 20250910
2026-09-09 22:57:03    023350    16건 · 20260512 ~ 20250916
2026-09-09 22:57:04    023410   144건 · 20260909 ~ 20250908
2026-09-09 22:57:05    023430  뉴스 없음
2026-09-09 22:57:06    023440    46건 · 20260714 ~ 20250915
2026-09-09 22:57:07    023450     7건 · 20260504 ~ 20250915
2026-09-09 22:57:08    023460     5건 · 20260702 ~ 20251208
2026-09-09 22:57:09    023600     6건 · 20260531 ~ 20260206
2026-09-09 22:57:11    023760    43건 · 20260821 ~ 20250909
2026-09-09 22:57:12    023770    91건 · 20260909 ~ 20250908
2026-09-09 22:57:14    023790    83건 · 20260907 ~ 20250908
2026-09-09 22:57:15    023800    35건 · 20260821 ~ 20250907
2026-09-09 22:57:16    023810    23건 · 20260716 ~ 20250928
2026-09-09 22:57:17    023890  뉴스 없음
2026-09-09 22:57:18    023900    13건 · 20260825 ~ 20260223
2026-09-09 22:57:19    023910    20건 · 20260907 ~ 20251212
2026-09-09 22:57:21    023960    41건 · 20260908 ~ 20250915
2026-09-09 22:57:23    024060   209건 · 20260904 ~ 20260304
2026-09-09 22:57:24    024070     1건 · 20251105 ~ 20251105
2026-09-09 22:57:25    024090    64건 · 20260909 ~ 20250918
2026-09-09 22:57:26    024100  뉴스 없음
2026-09-09 22:57:27    024120    15건 · 20260527 ~ 20250923
2026-09-09 22:57:27    024660  뉴스 없음
2026-09-09 22:57:29    024720   205건 · 20260909 ~ 20251023
2026-09-09 22:57:30    024740    40건 · 20260616 ~ 20251208
2026-09-09 22:57:31    024800    20건 · 20260830 ~ 20251001
2026-09-09 22:57:33    024810    53건 · 20260909 ~ 20250908
2026-09-09 22:57:34    024830     5건 · 20260806 ~ 20251015
2026-09-09 22:57:35    024840   108건 · 20260904 ~ 20250911
2026-09-09 22:57:37    024850   205건 · 20260909 ~ 20251104
2026-09-09 22:57:39    024880    58건 · 20260728 ~ 20250917
2026-09-09 22:57:40    024890    37건 · 20260903 ~ 20251013
2026-09-09 22:57:41    024900    16건 · 20260816 ~ 20250910
2026-09-09 22:57:43    024910    41건 · 20260824 ~ 20250917
2026-09-09 22:57:44    024940     7건 · 20260720 ~ 20250918
2026-09-09 22:57:45    024950    77건 · 20260826 ~ 20250929
2026-09-09 22:57:47    025000    20건 · 20260706 ~ 20251105
2026-09-09 22:57:47    025270  뉴스 없음
2026-09-09 22:57:49    025320    84건 · 20260909 ~ 20250908
2026-09-09 22:57:50    025440    41건 · 20260706 ~ 20251023
2026-09-09 22:57:51    025530     4건 · 20260716 ~ 20260616
2026-09-09 22:57:53    025540    45건 · 20260901 ~ 20250918
2026-09-09 22:57:54    025550    21건 · 20260601 ~ 20250911
2026-09-09 22:57:56    025560   202건 · 20260908 ~ 20251021
2026-09-09 22:57:56    025610  뉴스 없음
2026-09-09 22:57:58    025620    88건 · 20260902 ~ 20250908
2026-09-09 22:57:59    025750    61건 · 20260907 ~ 20250909
2026-09-09 22:58:01    025770   132건 · 20260909 ~ 20250915
2026-09-09 22:58:02    025820    20건 · 20260824 ~ 20250925
2026-09-09 22:58:03    025850  뉴스 없음
2026-09-09 22:58:04    025870    37건 · 20260909 ~ 20250916
2026-09-09 22:58:05    025880     4건 · 20260714 ~ 20250925
2026-09-09 22:58:06    025890    30건 · 20260812 ~ 20250909
2026-09-09 22:58:08    025900    53건 · 20260908 ~ 20250917
2026-09-09 22:58:08    025920  뉴스 없음
2026-09-09 22:58:10    025950    89건 · 20260812 ~ 20250908
2026-09-09 22:58:11    025970  뉴스 없음
2026-09-09 22:58:12    025980    90건 · 20260904 ~ 20250911
2026-09-09 22:58:14    026040   126건 · 20260905 ~ 20250911
2026-09-09 22:58:15    026150    20건 · 20260825 ~ 20251205
2026-09-09 22:58:16    026180  뉴스 없음
2026-09-09 22:58:16    026220  뉴스 없음
2026-09-09 22:58:17    026250  뉴스 없음
2026-09-09 22:58:17    026260  뉴스 없음
2026-09-09 22:58:19    026890   208건 · 20260909 ~ 20260212
2026-09-09 22:58:20    026910    25건 · 20260831 ~ 20250915
2026-09-09 22:58:22    026940    40건 · 20260903 ~ 20260121
2026-09-09 22:58:23    027040    40건 · 20260901 ~ 20251107
2026-09-09 22:58:25    027050    27건 · 20260907 ~ 20250908
2026-09-09 22:58:26    027360   201건 · 20260909 ~ 20260225
2026-09-09 22:58:27    027390  뉴스 없음
2026-09-09 22:58:28    027580    21건 · 20260527 ~ 20251013
2026-09-09 22:58:30    027710    49건 · 20260804 ~ 20250912
2026-09-09 22:58:31    027740    73건 · 20260909 ~ 20250909
2026-09-09 22:58:33    027830    58건 · 20260908 ~ 20250909
2026-09-09 22:58:33    027840  뉴스 없음
2026-09-09 22:58:35    027970    79건 · 20260909 ~ 20250912
2026-09-09 22:58:35    028040  뉴스 없음
2026-09-09 22:58:37    028080    37건 · 20260903 ~ 20250916
2026-09-09 22:58:38    028090  뉴스 없음
2026-09-09 22:58:39    028100    40건 · 20260819 ~ 20250912
2026-09-09 22:58:40    02826K    11건 · 20260811 ~ 20251002
2026-09-09 22:58:42    028300   212건 · 20260909 ~ 20260805
2026-09-09 22:58:43    028670   204건 · 20260909 ~ 20260415
2026-09-09 22:58:44    029460    21건 · 20260826 ~ 20250915
2026-09-09 22:58:46    029480    35건 · 20260814 ~ 20251001
2026-09-09 22:58:47    029530    39건 · 20260904 ~ 20250930
2026-09-09 22:58:48    029960    10건 · 20260226 ~ 20251119
2026-09-09 22:58:49    030030  뉴스 없음
2026-09-09 22:58:50    030190   202건 · 20260909 ~ 20260205
2026-09-09 22:58:52    030210   206건 · 20260909 ~ 20260727
2026-09-09 22:58:52    030270  뉴스 없음
2026-09-09 22:58:54    030350    72건 · 20260905 ~ 20250915
2026-09-09 22:58:56    030520   210건 · 20260909 ~ 20260513
2026-09-09 22:58:57    030530   204건 · 20260908 ~ 20251211
2026-09-09 22:58:59    030610   212건 · 20260909 ~ 20260804
2026-09-09 22:59:00    030720    36건 · 20260903 ~ 20250924
2026-09-09 22:59:01    030790     1건 · 20251012 ~ 20251012
2026-09-09 22:59:02    030960    12건 · 20260707 ~ 20251105
2026-09-09 22:59:04    031310    63건 · 20260828 ~ 20250922
2026-09-09 22:59:05    031330    24건 · 20260902 ~ 20250908
2026-09-09 22:59:06    031390  뉴스 없음
2026-09-09 22:59:07    031440   198건 · 20260907 ~ 20251109
2026-09-09 22:59:08    031510    10건 · 20260821 ~ 20260223
2026-09-09 22:59:10    031820    53건 · 20260901 ~ 20250917
2026-09-09 22:59:11    031860    49건 · 20260904 ~ 20250908
2026-09-09 22:59:12    031950  뉴스 없음
2026-09-09 22:59:13    031980   164건 · 20260909 ~ 20250918
2026-09-09 22:59:14    032040  뉴스 없음
2026-09-09 22:59:15    032080     9건 · 20260724 ~ 20251209
2026-09-09 22:59:17    032190    88건 · 20260906 ~ 20250908
2026-09-09 22:59:18    032280    27건 · 20260803 ~ 20250916
2026-09-09 22:59:18    032290  뉴스 없음
2026-09-09 22:59:20    032300    31건 · 20260909 ~ 20251003
2026-09-09 22:59:21    032350   201건 · 20260908 ~ 20260324
2026-09-09 22:59:22    032380  뉴스 없음
2026-09-09 22:59:22    032420  뉴스 없음
2026-09-09 22:59:24    032500    95건 · 20260905 ~ 20250908
2026-09-09 22:59:26    032540    56건 · 20260828 ~ 20250916
2026-09-09 22:59:26    032560     2건 · 20260421 ~ 20250922
2026-09-09 22:59:28    032580    26건 · 20260827 ~ 20250917
2026-09-09 22:59:29    032620    83건 · 20260907 ~ 20250916
2026-09-09 22:59:31    032680    27건 · 20260608 ~ 20251106
2026-09-09 22:59:32    032750    16건 · 20260827 ~ 20250924
2026-09-09 22:59:33    032790    61건 · 20260909 ~ 20250916
2026-09-09 22:59:35    032800   108건 · 20260909 ~ 20250911
2026-09-09 22:59:36    032820   211건 · 20260909 ~ 20260120
2026-09-09 22:59:38    032850    45건 · 20260909 ~ 20250928
2026-09-09 22:59:39    032860     7건 · 20260901 ~ 20251202
2026-09-09 22:59:39    032930  뉴스 없음
2026-09-09 22:59:41    032940    56건 · 20260904 ~ 20250916
2026-09-09 22:59:42    032960    16건 · 20260702 ~ 20250908
2026-09-09 22:59:43    032980    12건 · 20260630 ~ 20251217
2026-09-09 22:59:44    033050    39건 · 20260826 ~ 20260219
2026-09-09 22:59:46    033100    70건 · 20260831 ~ 20250910
2026-09-09 22:59:47    033110  뉴스 없음
2026-09-09 22:59:48    033130    38건 · 20260811 ~ 20250911
2026-09-09 22:59:49    033160   116건 · 20260908 ~ 20250910
2026-09-09 22:59:51    033170    23건 · 20260826 ~ 20251002
2026-09-09 22:59:52    033180    28건 · 20260909 ~ 20251105
2026-09-09 22:59:53    033200     8건 · 20260512 ~ 20250925
2026-09-09 22:59:55    033230    40건 · 20260825 ~ 20250917
2026-09-09 22:59:56    033240    38건 · 20260819 ~ 20251015
2026-09-09 22:59:57    033250    15건 · 20260907 ~ 20250923
2026-09-09 22:59:59    033270   128건 · 20260904 ~ 20250907
2026-09-09 23:00:00    033290    21건 · 20260909 ~ 20250922
2026-09-09 23:00:01    033310    12건 · 20260827 ~ 20251013
2026-09-09 23:00:02    033320     4건 · 20260310 ~ 20251001
2026-09-09 23:00:03    033340    88건 · 20260909 ~ 20250908
2026-09-09 23:00:04    033430  뉴스 없음
2026-09-09 23:00:06    033500    82건 · 20260723 ~ 20250908
2026-09-09 23:00:07    033530    67건 · 20260904 ~ 20250909
2026-09-09 23:00:09    033540    39건 · 20260811 ~ 20250929
2026-09-09 23:00:10    033560     1건 · 20251205 ~ 20251205
2026-09-09 23:00:10    033600  뉴스 없음
2026-09-09 23:00:12    033640    60건 · 20260908 ~ 20250908
2026-09-09 23:00:13    033790    58건 · 20260908 ~ 20251013
2026-09-09 23:00:14    033830    19건 · 20260703 ~ 20250919
2026-09-09 23:00:16    033920    59건 · 20260908 ~ 20250908
2026-09-09 23:00:18    034120    62건 · 20260909 ~ 20260818
2026-09-09 23:00:19    034300    96건 · 20260909 ~ 20250924
2026-09-09 23:00:21    034310   201건 · 20260907 ~ 20260417
2026-09-09 23:00:22    034590    31건 · 20260408 ~ 20251019
2026-09-09 23:00:23    034600  뉴스 없음
2026-09-09 23:00:24    03473K    20건 · 20260811 ~ 20250909
2026-09-09 23:00:25    034810    21건 · 20260908 ~ 20251121
2026-09-09 23:00:27    034830   204건 · 20260909 ~ 20260324
2026-09-09 23:00:28    034940    94건 · 20260830 ~ 20250911
2026-09-09 23:00:30    034950   202건 · 20260906 ~ 20260329
2026-09-09 23:00:31    035000    56건 · 20260821 ~ 20250907
2026-09-09 23:00:33    035080    99건 · 20260909 ~ 20250923
2026-09-09 23:00:34    035150    17건 · 20260623 ~ 20250915
2026-09-09 23:00:35    035200     8건 · 20260719 ~ 20251217
2026-09-09 23:00:36    035210  뉴스 없음
2026-09-09 23:00:37    035290    75건 · 20260909 ~ 20251013
2026-09-09 23:00:38    035450  뉴스 없음
2026-09-09 23:00:39    035460    11건 · 20260809 ~ 20260213
2026-09-09 23:00:39    035480  뉴스 없음
2026-09-09 23:00:41    035510   296건 · 20260905 ~ 20250903
2026-09-09 23:00:42    035600   190건 · 20260905 ~ 20250908
2026-09-09 23:00:44    035610    26건 · 20260731 ~ 20250925
2026-09-09 23:00:45    035620    33건 · 20260909 ~ 20251015
2026-09-09 23:00:46    035710  뉴스 없음
2026-09-09 23:00:48    035810    45건 · 20260908 ~ 20251023
2026-09-09 23:00:49    035890   202건 · 20260909 ~ 20250907
2026-09-09 23:00:51    035900   206건 · 20260909 ~ 20260421
2026-09-09 23:00:52    036000    27건 · 20260826 ~ 20250919
2026-09-09 23:00:53    036010    11건 · 20260508 ~ 20251002
2026-09-09 23:00:54    036030    36건 · 20260909 ~ 20250915
2026-09-09 23:00:56    036090    35건 · 20260904 ~ 20260316
2026-09-09 23:00:57    036120    93건 · 20260904 ~ 20250916
2026-09-09 23:00:59    036170    45건 · 20260622 ~ 20250925
2026-09-09 23:01:00    036180    12건 · 20260316 ~ 20250924
2026-09-09 23:01:01    036190    26건 · 20260806 ~ 20251010
2026-09-09 23:01:02    036200    32건 · 20260830 ~ 20250913
2026-09-09 23:01:03    036210  뉴스 없음
2026-09-09 23:01:05    036220    59건 · 20260901 ~ 20250904
2026-09-09 23:01:05    036260  뉴스 없음
2026-09-09 23:01:07    036420   202건 · 20260909 ~ 20260616
2026-09-09 23:01:08    036480    20건 · 20260818 ~ 20250914
2026-09-09 23:01:08    036500  뉴스 없음
2026-09-09 23:01:10    036530    98건 · 20260906 ~ 20250908
2026-09-09 23:01:11    036540    92건 · 20260908 ~ 20250919
2026-09-09 23:01:14    036560   118건 · 20260909 ~ 20250908
2026-09-09 23:01:15    036580    35건 · 20260902 ~ 20250909
2026-09-09 23:01:17    036620    93건 · 20260907 ~ 20250912
2026-09-09 23:01:18    036630    63건 · 20260818 ~ 20250912
2026-09-09 23:01:19    036640    10건 · 20260908 ~ 20251224
2026-09-09 23:01:21    036670    32건 · 20260714 ~ 20250930
2026-09-09 23:01:22    036690    40건 · 20260908 ~ 20251113
2026-09-09 23:01:23    036710    28건 · 20260827 ~ 20250922
2026-09-09 23:01:25    036800    76건 · 20260807 ~ 20250908
2026-09-09 23:01:27    036810    60건 · 20260826 ~ 20250910
2026-09-09 23:01:27    036840  뉴스 없음
2026-09-09 23:01:28    036850  뉴스 없음
2026-09-09 23:01:29    036890    23건 · 20260902 ~ 20251023
2026-09-09 23:01:31    036930   306건 · 20260909 ~ 20260826
2026-09-09 23:01:31    037030    19건 · 20260708 ~ 20251001
2026-09-09 23:01:33    037070    66건 · 20260902 ~ 20251109
2026-09-09 23:01:35    037230    49건 · 20260724 ~ 20250908
2026-09-09 23:01:36    037270    51건 · 20260906 ~ 20250916
2026-09-09 23:01:37    037320  뉴스 없음
2026-09-09 23:01:38    037330    25건 · 20260820 ~ 20250907
2026-09-09 23:01:39    037340  뉴스 없음
2026-09-09 23:01:40    037350    20건 · 20260822 ~ 20250926
2026-09-09 23:01:41    037370    18건 · 20260908 ~ 20251013
2026-09-09 23:01:41    037380  뉴스 없음
2026-09-09 23:01:43    037400    39건 · 20260906 ~ 20250910
2026-09-09 23:01:44    037440   137건 · 20260909 ~ 20250908
2026-09-09 23:01:46    037460    40건 · 20260819 ~ 20251026
2026-09-09 23:01:48    037560   219건 · 20260908 ~ 20260507
2026-09-09 23:01:48    037630  뉴스 없음
2026-09-09 23:01:49    037700  뉴스 없음
2026-09-09 23:01:50    037710    91건 · 20260909 ~ 20250916
2026-09-09 23:01:51    037760     8건 · 20260520 ~ 20250915
2026-09-09 23:01:52    037950    13건 · 20260829 ~ 20251013
2026-09-09 23:01:53    038010     9건 · 20260808 ~ 20250911
2026-09-09 23:01:54    038060    24건 · 20260902 ~ 20251110
2026-09-09 23:01:56    038070    32건 · 20260826 ~ 20251005
2026-09-09 23:01:57    038110    60건 · 20260724 ~ 20250924
2026-09-09 23:01:58    038120  뉴스 없음
2026-09-09 23:01:58    038160  뉴스 없음
2026-09-09 23:02:00    038290    85건 · 20260909 ~ 20250907
2026-09-09 23:02:01    038340    45건 · 20260826 ~ 20250909
2026-09-09 23:02:03    038390    40건 · 20260806 ~ 20251022
2026-09-09 23:02:04    038460    21건 · 20260901 ~ 20250908
2026-09-09 23:02:06    038500   203건 · 20260908 ~ 20251127
2026-09-09 23:02:07    038530    73건 · 20260909 ~ 20250912
2026-09-09 23:02:09    038540   128건 · 20260909 ~ 20250908
2026-09-09 23:02:10    038620    11건 · 20260714 ~ 20260108
2026-09-09 23:02:11    038680    71건 · 20260908 ~ 20250908
2026-09-09 23:02:12    038710  뉴스 없음
2026-09-09 23:02:12    038720  뉴스 없음
2026-09-09 23:02:14    038870    68건 · 20260907 ~ 20250914
2026-09-09 23:02:16    038880    87건 · 20260907 ~ 20250907
2026-09-09 23:02:16    038950    11건 · 20260701 ~ 20250919
2026-09-09 23:02:17    038990  뉴스 없음
2026-09-09 23:02:18    039010    20건 · 20260716 ~ 20251120
2026-09-09 23:02:20    039020    40건 · 20260819 ~ 20251014
2026-09-09 23:02:21    039030   280건 · 20260909 ~ 20260825
2026-09-09 23:02:23    039200   205건 · 20260909 ~ 20260313
2026-09-09 23:02:24    039230  뉴스 없음
2026-09-09 23:02:25    039240    13건 · 20260824 ~ 20250908
2026-09-09 23:02:26    039290    95건 · 20260909 ~ 20250922
2026-09-09 23:02:27    039310    10건 · 20260428 ~ 20260318
2026-09-09 23:02:29    039340   229건 · 20260909 ~ 20260720
2026-09-09 23:02:29    039350  뉴스 없음
2026-09-09 23:02:30    039420     7건 · 20260410 ~ 20250925
2026-09-09 23:02:32    039440    67건 · 20260902 ~ 20250919
2026-09-09 23:02:32    039530  뉴스 없음
2026-09-09 23:02:34    039560    79건 · 20260908 ~ 20250907
2026-09-09 23:02:36    039570   172건 · 20260909 ~ 20250911
2026-09-09 23:02:37    039610    51건 · 20260909 ~ 20250916
2026-09-09 23:02:38    039670  뉴스 없음
2026-09-09 23:02:39    039740    59건 · 20260827 ~ 20250910
2026-09-09 23:02:40    039790  뉴스 없음
2026-09-09 23:02:41    039830    66건 · 20260901 ~ 20251001
2026-09-09 23:02:43    039840    83건 · 20260819 ~ 20250915
2026-09-09 23:02:44    039850  뉴스 없음
2026-09-09 23:02:45    039860    65건 · 20260901 ~ 20250910
2026-09-09 23:02:47    039980    43건 · 20260824 ~ 20250923
2026-09-09 23:02:48    040160    38건 · 20260819 ~ 20250930
2026-09-09 23:02:50    040300   208건 · 20260909 ~ 20260707
2026-09-09 23:02:52    040350    41건 · 20260908 ~ 20250922
2026-09-09 23:02:53    040420    19건 · 20260824 ~ 20250926
2026-09-09 23:02:54    040610     4건 · 20260520 ~ 20260322
2026-09-09 23:02:54    040670  뉴스 없음
2026-09-09 23:02:55    040740  뉴스 없음
2026-09-09 23:02:56    040910    20건 · 20260713 ~ 20251010
2026-09-09 23:02:58    041020   130건 · 20260829 ~ 20250911
2026-09-09 23:02:58    041060  뉴스 없음
2026-09-09 23:02:59    041140     5건 · 20260828 ~ 20250930
2026-09-09 23:03:01    041190   170건 · 20260907 ~ 20250917
2026-09-09 23:03:02    041440    64건 · 20260907 ~ 20250916
2026-09-09 23:03:03    041460     5건 · 20260611 ~ 20251208
2026-09-09 23:03:05    041510   213건 · 20260909 ~ 20260618
2026-09-09 23:03:06    041520     3건 · 20260716 ~ 20251120
2026-09-09 23:03:07    041590     8건 · 20260909 ~ 20250919
2026-09-09 23:03:07    041630  뉴스 없음
2026-09-09 23:03:08    041650    16건 · 20260825 ~ 20250908
2026-09-09 23:03:10    041830   118건 · 20260908 ~ 20250912
2026-09-09 23:03:12    041910    67건 · 20260827 ~ 20250923
2026-09-09 23:03:13    041920   136건 · 20260909 ~ 20250908
2026-09-09 23:03:14    041930    29건 · 20260907 ~ 20251016
2026-09-09 23:03:16    042000   203건 · 20260909 ~ 20260407
2026-09-09 23:03:18    042040    37건 · 20260807 ~ 20251203
2026-09-09 23:03:19    042110    28건 · 20260828 ~ 20251014
2026-09-09 23:03:19    042340  뉴스 없음
2026-09-09 23:03:21    042370    58건 · 20260908 ~ 20250922
2026-09-09 23:03:23    042420    53건 · 20260909 ~ 20250912
2026-09-09 23:03:24    042500    58건 · 20260904 ~ 20250917
2026-09-09 23:03:26    042510   214건 · 20260908 ~ 20260417
2026-09-09 23:03:27    042520   157건 · 20260908 ~ 20250909
2026-09-09 23:03:29    042600    20건 · 20260630 ~ 20250922
2026-09-09 23:03:30    042700   217건 · 20260909 ~ 20260724
2026-09-09 23:03:31    042820  뉴스 없음
2026-09-09 23:03:31    042870  뉴스 없음
2026-09-09 23:03:33    042940    86건 · 20260901 ~ 20250908
2026-09-09 23:03:34    043090    36건 · 20260807 ~ 20251028
2026-09-09 23:03:36    043100    40건 · 20260831 ~ 20250916
2026-09-09 23:03:37    043150    34건 · 20260813 ~ 20250918
2026-09-09 23:03:39    043200    21건 · 20260826 ~ 20250922
2026-09-09 23:03:40    043220    19건 · 20260629 ~ 20250923
2026-09-09 23:03:41    043260   205건 · 20260909 ~ 20260303
2026-09-09 23:03:42    043290  뉴스 없음
2026-09-09 23:03:43    043340    40건 · 20260825 ~ 20251204
2026-09-09 23:03:44    043360     5건 · 20260406 ~ 20260220
2026-09-09 23:03:45    043370    29건 · 20260824 ~ 20250921
2026-09-09 23:03:46    043580  뉴스 없음
2026-09-09 23:03:47    043590    16건 · 20260721 ~ 20260206
2026-09-09 23:03:49    043610   203건 · 20260907 ~ 20250908
2026-09-09 23:03:49    043630  뉴스 없음
2026-09-09 23:03:51    043650   169건 · 20260909 ~ 20250908
2026-09-09 23:03:52    043710    20건 · 20260702 ~ 20251028
2026-09-09 23:03:53    043910    23건 · 20260827 ~ 20250908
2026-09-09 23:03:54    044060     2건 · 20251028 ~ 20251017
2026-09-09 23:03:56    044180    50건 · 20260609 ~ 20250908
2026-09-09 23:03:57    044340   200건 · 20260831 ~ 20251002
2026-09-09 23:03:59    044380    53건 · 20260908 ~ 20250929
2026-09-09 23:04:00    044450    81건 · 20260824 ~ 20250929
2026-09-09 23:04:02    044480    52건 · 20260814 ~ 20250908
2026-09-09 23:04:04    044490    85건 · 20260909 ~ 20250908
2026-09-09 23:04:04    044640  뉴스 없음
2026-09-09 23:04:06    044780    53건 · 20260908 ~ 20250910
2026-09-09 23:04:07    044820   136건 · 20260908 ~ 20250916
2026-09-09 23:04:08    044960    19건 · 20260807 ~ 20250914
2026-09-09 23:04:10    044990    28건 · 20260824 ~ 20250929
2026-09-09 23:04:10    045050  뉴스 없음
2026-09-09 23:04:11    045060    10건 · 20260406 ~ 20251112
2026-09-09 23:04:13    045100    66건 · 20260907 ~ 20250912
2026-09-09 23:04:13    045260  뉴스 없음
2026-09-09 23:04:14    045300     2건 · 20260415 ~ 20251124
2026-09-09 23:04:15    045340    10건 · 20260831 ~ 20251002
2026-09-09 23:04:16    045390    15건 · 20260909 ~ 20250923
2026-09-09 23:04:17    045470  뉴스 없음
2026-09-09 23:04:18    045510    31건 · 20260909 ~ 20250911
2026-09-09 23:04:19    045520    21건 · 20260909 ~ 20251217
2026-09-09 23:04:20    045660     8건 · 20260907 ~ 20251023
2026-09-09 23:04:21    045890  뉴스 없음
2026-09-09 23:04:22    045970    13건 · 20260809 ~ 20251114
2026-09-09 23:04:23    046070    21건 · 20260903 ~ 20250907
2026-09-09 23:04:24    046110     8건 · 20260730 ~ 20251016
2026-09-09 23:04:25    046120   127건 · 20260909 ~ 20250908
2026-09-09 23:04:26    046140     7건 · 20260905 ~ 20251208
2026-09-09 23:04:28    046210   128건 · 20260909 ~ 20250930
2026-09-09 23:04:29    046240  뉴스 없음
2026-09-09 23:04:29    046310     6건 · 20260710 ~ 20260106
2026-09-09 23:04:31    046390    20건 · 20260901 ~ 20250917
2026-09-09 23:04:31    046400  뉴스 없음
2026-09-09 23:04:32    046430  뉴스 없음
2026-09-09 23:04:33    046440   106건 · 20260902 ~ 20250922
2026-09-09 23:04:34    046840  뉴스 없음
2026-09-09 23:04:35    046940    31건 · 20260825 ~ 20251027
2026-09-09 23:04:37    046970   105건 · 20260909 ~ 20250930
2026-09-09 23:04:38    047080    45건 · 20260814 ~ 20250908
2026-09-09 23:04:39    047310    14건 · 20260825 ~ 20250929
2026-09-09 23:04:41    047400    92건 · 20260828 ~ 20251010
2026-09-09 23:04:42    047440  뉴스 없음
2026-09-09 23:04:42    047450  뉴스 없음
2026-09-09 23:04:44    047560   202건 · 20260907 ~ 20260103
2026-09-09 23:04:44    047710  뉴스 없음
2026-09-09 23:04:45    047730  뉴스 없음
2026-09-09 23:04:46    047770    94건 · 20260902 ~ 20251001
2026-09-09 23:04:48    047820    31건 · 20260814 ~ 20250909
2026-09-09 23:04:49    047920   174건 · 20260909 ~ 20250926
2026-09-09 23:04:51    048260    40건 · 20260909 ~ 20250908
2026-09-09 23:04:52    048410   139건 · 20260909 ~ 20250907
2026-09-09 23:04:53    048430     4건 · 20260828 ~ 20260310
2026-09-09 23:04:54    048460  뉴스 없음
2026-09-09 23:04:55    048470    20건 · 20260904 ~ 20250922
2026-09-09 23:04:57    048530    37건 · 20260904 ~ 20250923
2026-09-09 23:04:58    048550    66건 · 20260906 ~ 20250919
2026-09-09 23:05:00    048770    44건 · 20260907 ~ 20250915
2026-09-09 23:05:01    048830    15건 · 20260811 ~ 20251027
2026-09-09 23:05:02    048870    37건 · 20260714 ~ 20250926
2026-09-09 23:05:04    048910   123건 · 20260905 ~ 20250911
2026-09-09 23:05:04    049000  뉴스 없음
2026-09-09 23:05:06    049070    93건 · 20260909 ~ 20250908
2026-09-09 23:05:08    049080   103건 · 20260828 ~ 20250915
2026-09-09 23:05:09    049120    24건 · 20260907 ~ 20250908
2026-09-09 23:05:10    049180   109건 · 20260909 ~ 20250908
2026-09-09 23:05:11    049430    19건 · 20260904 ~ 20251126
2026-09-09 23:05:13    049470   150건 · 20260909 ~ 20250908
2026-09-09 23:05:15    049480    40건 · 20260905 ~ 20250917
2026-09-09 23:05:15    049520    18건 · 20260715 ~ 20250909
2026-09-09 23:05:16    049550     5건 · 20260628 ~ 20251126
2026-09-09 23:05:18    049630   104건 · 20260821 ~ 20250916
2026-09-09 23:05:19    049690  뉴스 없음
2026-09-09 23:05:20    049720    16건 · 20260908 ~ 20251027
2026-09-09 23:05:21    049770    14건 · 20260609 ~ 20250916
2026-09-09 23:05:22    049800    28건 · 20260909 ~ 20250921
2026-09-09 23:05:22    049830  뉴스 없음
2026-09-09 23:05:24    049950    34건 · 20260903 ~ 20251021
2026-09-09 23:05:25    049960    72건 · 20260901 ~ 20250909
2026-09-09 23:05:26    050050  뉴스 없음
2026-09-09 23:05:27    050090    35건 · 20260904 ~ 20251017
2026-09-09 23:05:29    050110    63건 · 20260825 ~ 20250929
2026-09-09 23:05:30    050120     5건 · 20260612 ~ 20260106
2026-09-09 23:05:30    050320  뉴스 없음
2026-09-09 23:05:31    050470  뉴스 없음
2026-09-09 23:05:32    050540    11건 · 20260902 ~ 20251111
2026-09-09 23:05:33    050640  뉴스 없음
2026-09-09 23:05:34    050760    30건 · 20260908 ~ 20260223
2026-09-09 23:05:35    050860    25건 · 20260903 ~ 20250912
2026-09-09 23:05:37    050890   129건 · 20260901 ~ 20250918
2026-09-09 23:05:38    050960    48건 · 20260903 ~ 20250909
2026-09-09 23:05:40    051160    45건 · 20260903 ~ 20250910
2026-09-09 23:05:40    051170  뉴스 없음
2026-09-09 23:05:41    051310     5건 · 20260522 ~ 20251129
2026-09-09 23:05:43    051360    63건 · 20260820 ~ 20250908
2026-09-09 23:05:44    051370    20건 · 20260903 ~ 20251021
2026-09-09 23:05:45    051380    14건 · 20260824 ~ 20250919
2026-09-09 23:05:46    051390     2건 · 20260402 ~ 20260311
2026-09-09 23:05:47    051490     1건 · 20260210 ~ 20260210
2026-09-09 23:05:49    051500   210건 · 20260909 ~ 20260331
2026-09-09 23:05:50    051630    38건 · 20260903 ~ 20251017
2026-09-09 23:05:51    051710  뉴스 없음
2026-09-09 23:05:52    051780    60건 · 20260901 ~ 20250917
2026-09-09 23:05:53    051820  뉴스 없음
2026-09-09 23:05:54    051905     3건 · 20260730 ~ 20260223
2026-09-09 23:05:56    051980    71건 · 20260908 ~ 20250919
2026-09-09 23:05:57    052020    61건 · 20260909 ~ 20250907
2026-09-09 23:05:58    052190     2건 · 20260512 ~ 20260511
2026-09-09 23:05:59    052220     9건 · 20260904 ~ 20251014
2026-09-09 23:06:01    052260    64건 · 20260907 ~ 20250916
2026-09-09 23:06:01    052270  뉴스 없음
2026-09-09 23:06:02    052290  뉴스 없음
2026-09-09 23:06:03    052300    26건 · 20260819 ~ 20250918
2026-09-09 23:06:04    052330     9건 · 20260508 ~ 20251021
2026-09-09 23:06:04    052350  뉴스 없음
2026-09-09 23:06:06    052400   149건 · 20260909 ~ 20250909
2026-09-09 23:06:08    052420    68건 · 20260903 ~ 20250903
2026-09-09 23:06:09    052460    51건 · 20260901 ~ 20251110
2026-09-09 23:06:10    052600     2건 · 20260404 ~ 20251119
2026-09-09 23:06:11    052650  뉴스 없음
2026-09-09 23:06:12    052670    20건 · 20260427 ~ 20260112
2026-09-09 23:06:14    052710    74건 · 20260909 ~ 20250908
2026-09-09 23:06:15    052770    86건 · 20260814 ~ 20250908
2026-09-09 23:06:17    052790    91건 · 20260908 ~ 20250920
2026-09-09 23:06:18    052860    20건 · 20260827 ~ 20251110
2026-09-09 23:06:19    052900    29건 · 20260820 ~ 20251002
2026-09-09 23:06:21    053030    78건 · 20260907 ~ 20250907
2026-09-09 23:06:22    053050    40건 · 20260907 ~ 20260121
2026-09-09 23:06:23    053080    17건 · 20260906 ~ 20250922
2026-09-09 23:06:24    053110  뉴스 없음
2026-09-09 23:06:25    053160    15건 · 20260616 ~ 20251229
2026-09-09 23:06:26    053210   206건 · 20260909 ~ 20251204
2026-09-09 23:06:28    053260    31건 · 20260908 ~ 20250925
2026-09-09 23:06:29    053270    25건 · 20260817 ~ 20251028
2026-09-09 23:06:31    053280   205건 · 20260909 ~ 20260210
2026-09-09 23:06:32    053290    44건 · 20260908 ~ 20250909
2026-09-09 23:06:34    053300    66건 · 20260820 ~ 20250911
2026-09-09 23:06:35    053320  뉴스 없음
2026-09-09 23:06:35    053330  뉴스 없음
2026-09-09 23:06:37    053350    60건 · 20260826 ~ 20250910
2026-09-09 23:06:38    053450    20건 · 20260819 ~ 20250911
2026-09-09 23:06:40    053580   198건 · 20260901 ~ 20250910
2026-09-09 23:06:40    053590  뉴스 없음
2026-09-09 23:06:41    053610    20건 · 20260709 ~ 20250914
2026-09-09 23:06:42    053620     2건 · 20260129 ~ 20250917
2026-09-09 23:06:43    053660  뉴스 없음
2026-09-09 23:06:45    053690   201건 · 20260907 ~ 20251123
2026-09-09 23:06:46    053700   113건 · 20260909 ~ 20250908
2026-09-09 23:06:47    053740  뉴스 없음
2026-09-09 23:06:48    053800   212건 · 20260909 ~ 20260212
2026-09-09 23:06:49    053810  뉴스 없음
2026-09-09 23:06:50    053950   100건 · 20260904 ~ 20250908
2026-09-09 23:06:51    053980     6건 · 20260330 ~ 20260203
2026-09-09 23:06:52    054010  뉴스 없음
2026-09-09 23:06:53    054040     1건 · 20250912 ~ 20250912
2026-09-09 23:06:54    054050    58건 · 20260831 ~ 20250909
2026-09-09 23:06:56    054090    27건 · 20260826 ~ 20260212
2026-09-09 23:06:56    054120  뉴스 없음
2026-09-09 23:06:58    054180    30건 · 20260814 ~ 20250923
2026-09-09 23:06:59    054210    20건 · 20260804 ~ 20250916
2026-09-09 23:07:01    054220    37건 · 20260907 ~ 20251009
2026-09-09 23:07:02    054300    36건 · 20260903 ~ 20250922
2026-09-09 23:07:03    054340  뉴스 없음
2026-09-09 23:07:04    054410    11건 · 20260806 ~ 20251117
2026-09-09 23:07:05    054450    85건 · 20260908 ~ 20250911
2026-09-09 23:07:07    054540    76건 · 20260907 ~ 20250904
2026-09-09 23:07:09    054620    34건 · 20260807 ~ 20250909
2026-09-09 23:07:09    054630     6건 · 20260517 ~ 20251218
2026-09-09 23:07:10    054670    14건 · 20260720 ~ 20250908
2026-09-09 23:07:12    054780    53건 · 20260812 ~ 20250919
2026-09-09 23:07:13    054800     3건 · 20260421 ~ 20260213
2026-09-09 23:07:15    054920   166건 · 20260908 ~ 20250908
2026-09-09 23:07:16    054930    20건 · 20260826 ~ 20250910
2026-09-09 23:07:17    054940    40건 · 20260831 ~ 20250923
2026-09-09 23:07:19    054950    73건 · 20260907 ~ 20250917
2026-09-09 23:07:20    055250  뉴스 없음
2026-09-09 23:07:21    055490    20건 · 20260901 ~ 20251103
2026-09-09 23:07:21    056000  뉴스 없음
2026-09-09 23:07:22    056010  뉴스 없음
2026-09-09 23:07:24    056080   125건 · 20260903 ~ 20250909
2026-09-09 23:07:25    056090    83건 · 20260908 ~ 20250911
2026-09-09 23:07:26    056200  뉴스 없음
2026-09-09 23:07:26    056340  뉴스 없음
2026-09-09 23:07:28    056360    41건 · 20260903 ~ 20250907
2026-09-09 23:07:29    056700  뉴스 없음
2026-09-09 23:07:29    056710  뉴스 없음
2026-09-09 23:07:30    056730     5건 · 20260708 ~ 20251211
2026-09-09 23:07:31    056810  뉴스 없음
2026-09-09 23:07:32    057030    38건 · 20260821 ~ 20250912
2026-09-09 23:07:33    057500  뉴스 없음
2026-09-09 23:07:34    057540    27건 · 20260813 ~ 20251105
2026-09-09 23:07:36    057680    55건 · 20260908 ~ 20250916
2026-09-09 23:07:37    057880    11건 · 20260622 ~ 20251001
2026-09-09 23:07:38    058110    16건 · 20260907 ~ 20251104
2026-09-09 23:07:38    058220  뉴스 없음
2026-09-09 23:07:39    058370  뉴스 없음
2026-09-09 23:07:40    058400    19건 · 20260722 ~ 20250910
2026-09-09 23:07:40    058420  뉴스 없음
2026-09-09 23:07:42    058430    89건 · 20260904 ~ 20250903
2026-09-09 23:07:44    058450    42건 · 20260820 ~ 20250923
2026-09-09 23:07:45    058470   282건 · 20260909 ~ 20260821
2026-09-09 23:07:46    058530  뉴스 없음
2026-09-09 23:07:47    058610   201건 · 20260908 ~ 20251222
2026-09-09 23:07:49    058630   145건 · 20260904 ~ 20250909
2026-09-09 23:07:50    058650    81건 · 20260821 ~ 20250918
2026-09-09 23:07:52    058730    59건 · 20260907 ~ 20250916
2026-09-09 23:07:54    058820    86건 · 20260903 ~ 20250911
2026-09-09 23:07:55    058850    74건 · 20260909 ~ 20250909
2026-09-09 23:07:56    058860    21건 · 20260826 ~ 20251124
2026-09-09 23:07:58    058970    69건 · 20260909 ~ 20250907
2026-09-09 23:08:00    059090    72건 · 20260909 ~ 20250915
2026-09-09 23:08:01    059100    19건 · 20260908 ~ 20260204
2026-09-09 23:08:02    059120    23건 · 20260814 ~ 20251128
2026-09-09 23:08:03    059210    64건 · 20260909 ~ 20250908
2026-09-09 23:08:05    059270    56건 · 20260907 ~ 20250915
2026-09-09 23:08:06    060150    15건 · 20260626 ~ 20251030
2026-09-09 23:08:07    060230    82건 · 20260826 ~ 20250912
2026-09-09 23:08:09    060240    26건 · 20260723 ~ 20250917
2026-09-09 23:08:10    060250   101건 · 20260904 ~ 20250916
2026-09-09 23:08:12    060260    42건 · 20260908 ~ 20260106
2026-09-09 23:08:14    060280    84건 · 20260908 ~ 20250912
2026-09-09 23:08:15    060300     1건 · 20260601 ~ 20260601
2026-09-09 23:08:15    060310     3건 · 20260527 ~ 20251215
2026-09-09 23:08:17    060370   211건 · 20260909 ~ 20251114
2026-09-09 23:08:18    060380     8건 · 20260220 ~ 20250911
2026-09-09 23:08:19    060480    22건 · 20260828 ~ 20260330
2026-09-09 23:08:20    060540     8건 · 20260601 ~ 20250911
2026-09-09 23:08:21    060560     8건 · 20260820 ~ 20251002
2026-09-09 23:08:23    060570   152건 · 20260906 ~ 20250903
2026-09-09 23:08:24    060590    36건 · 20260826 ~ 20250923
2026-09-09 23:08:26    060720    52건 · 20260909 ~ 20250908
2026-09-09 23:08:27    060750  뉴스 없음
2026-09-09 23:08:28    060850   189건 · 20260907 ~ 20250911
2026-09-09 23:08:30    060900   206건 · 20260909 ~ 20260506
2026-09-09 23:08:31    061040    40건 · 20260903 ~ 20250910
2026-09-09 23:08:32    061050  뉴스 없음
2026-09-09 23:08:33    061090   200건 · 20260905 ~ 20251001
2026-09-09 23:08:34    061140  뉴스 없음
2026-09-09 23:08:35    061250    29건 · 20260819 ~ 20250908
2026-09-09 23:08:36    061460  뉴스 없음
2026-09-09 23:08:37    061970    48건 · 20260908 ~ 20250918
2026-09-09 23:08:38    062860     1건 · 20260331 ~ 20260331
2026-09-09 23:08:40    062970   164건 · 20260907 ~ 20250915
2026-09-09 23:08:42    063080   206건 · 20260904 ~ 20260528
2026-09-09 23:08:43    063160    72건 · 20260831 ~ 20250909
2026-09-09 23:08:45    063170    73건 · 20260909 ~ 20250918
2026-09-09 23:08:46    063440    19건 · 20260804 ~ 20251104
2026-09-09 23:08:47    063570    25건 · 20260803 ~ 20251019
2026-09-09 23:08:48    063760     5건 · 20260508 ~ 20251117
2026-09-09 23:08:49    064090    57건 · 20260703 ~ 20250911
2026-09-09 23:08:50    064240    17건 · 20260730 ~ 20251117
2026-09-09 23:08:52    064260   183건 · 20260904 ~ 20250908
2026-09-09 23:08:54    064290    66건 · 20260909 ~ 20250919
2026-09-09 23:08:55    064480    11건 · 20260611 ~ 20260126
2026-09-09 23:08:55    064510  뉴스 없음
2026-09-09 23:08:56    064520     5건 · 20260810 ~ 20251202
2026-09-09 23:08:58    064550   140건 · 20260909 ~ 20250911
2026-09-09 23:08:59    064760    35건 · 20260907 ~ 20250912
2026-09-09 23:09:00    064800    56건 · 20260909 ~ 20250921
2026-09-09 23:09:02    064820    42건 · 20260819 ~ 20250904
2026-09-09 23:09:04    064850   223건 · 20260909 ~ 20260811
2026-09-09 23:09:05    065060    12건 · 20260901 ~ 20250917
2026-09-09 23:09:06    065130    45건 · 20260827 ~ 20250907
2026-09-09 23:09:07    065150     8건 · 20260602 ~ 20251019
2026-09-09 23:09:08    065160  뉴스 없음
2026-09-09 23:09:09    065170    90건 · 20260814 ~ 20251020
2026-09-09 23:09:10    065270  뉴스 없음
2026-09-09 23:09:11    065350    53건 · 20260805 ~ 20250919
2026-09-09 23:09:13    065370    80건 · 20260909 ~ 20250908
2026-09-09 23:09:14    065420    33건 · 20260727 ~ 20251029
2026-09-09 23:09:16    065440    41건 · 20260909 ~ 20250908
2026-09-09 23:09:17    065450    48건 · 20260724 ~ 20250912
2026-09-09 23:09:19    065500    22건 · 20260901 ~ 20250908
2026-09-09 23:09:20    065510    41건 · 20260714 ~ 20250910
2026-09-09 23:09:21    065530    12건 · 20260824 ~ 20250922
2026-09-09 23:09:22    065560  뉴스 없음
2026-09-09 23:09:23    065570    35건 · 20260810 ~ 20250924
2026-09-09 23:09:24    065610  뉴스 없음
2026-09-09 23:09:25    065620  뉴스 없음
2026-09-09 23:09:26    065650    50건 · 20260827 ~ 20250915
2026-09-09 23:09:28    065660    41건 · 20260721 ~ 20251026
2026-09-09 23:09:29    065680     4건 · 20260528 ~ 20251117
2026-09-09 23:09:30    065690    13건 · 20260903 ~ 20251204
2026-09-09 23:09:31    065710     8건 · 20260812 ~ 20250912
2026-09-09 23:09:32    065770    37건 · 20260821 ~ 20251001
2026-09-09 23:09:33    065940  뉴스 없음
2026-09-09 23:09:34    065950    39건 · 20260903 ~ 20250919
2026-09-09 23:09:35    066060  뉴스 없음
2026-09-09 23:09:35    066110  뉴스 없음
2026-09-09 23:09:37    066130    48건 · 20260908 ~ 20250911
2026-09-09 23:09:38    066270  뉴스 없음
2026-09-09 23:09:39    066310    24건 · 20260708 ~ 20260119
2026-09-09 23:09:39    066340  뉴스 없음
2026-09-09 23:09:40    066350  뉴스 없음
2026-09-09 23:09:42    066360    38건 · 20260813 ~ 20251031
2026-09-09 23:09:43    066410    42건 · 20260825 ~ 20251015
2026-09-09 23:09:45    066430    74건 · 20260907 ~ 20250909
2026-09-09 23:09:46    066590    21건 · 20260908 ~ 20250917
2026-09-09 23:09:47    066620     7건 · 20260805 ~ 20250925
2026-09-09 23:09:48    066670     3건 · 20260818 ~ 20260125
2026-09-09 23:09:49    066700    14건 · 20260821 ~ 20250910
2026-09-09 23:09:50    066790    34건 · 20260903 ~ 20250912
2026-09-09 23:09:51    066900    16건 · 20260904 ~ 20250909
2026-09-09 23:09:53    066910    62건 · 20260909 ~ 20250915
2026-09-09 23:09:54    066970   206건 · 20260909 ~ 20260402
2026-09-09 23:09:56    066980    67건 · 20260828 ~ 20251105
2026-09-09 23:09:58    067000   209건 · 20260909 ~ 20251218
2026-09-09 23:09:59    067010    20건 · 20260819 ~ 20251027
2026-09-09 23:10:00    067080    67건 · 20260907 ~ 20250919
2026-09-09 23:10:01    067130  뉴스 없음
2026-09-09 23:10:03    067160   205건 · 20260908 ~ 20260331
2026-09-09 23:10:04    067170    39건 · 20260902 ~ 20250908
2026-09-09 23:10:04    067250  뉴스 없음
2026-09-09 23:10:06    067280    76건 · 20260831 ~ 20250909
2026-09-09 23:10:08    067290   131건 · 20260908 ~ 20250925
2026-09-09 23:10:09    067310   204건 · 20260909 ~ 20260107
2026-09-09 23:10:10    067370    17건 · 20260820 ~ 20251105
2026-09-09 23:10:12    067390    43건 · 20260904 ~ 20250923
2026-09-09 23:10:13    067570    21건 · 20260821 ~ 20250909
2026-09-09 23:10:15    067630   165건 · 20260909 ~ 20250911
2026-09-09 23:10:16    067730     2건 · 20260220 ~ 20260202
2026-09-09 23:10:17    067770    21건 · 20260909 ~ 20260209
2026-09-09 23:10:18    067830     5건 · 20260831 ~ 20251211
2026-09-09 23:10:19    067900    11건 · 20260305 ~ 20251106
2026-09-09 23:10:20    067920   127건 · 20260904 ~ 20250919
2026-09-09 23:10:22    067990   201건 · 20260831 ~ 20250910
2026-09-09 23:10:23    068050    18건 · 20260903 ~ 20250925
2026-09-09 23:10:24    068060  뉴스 없음
2026-09-09 23:10:25    068100    60건 · 20260908 ~ 20250916
2026-09-09 23:10:26    068150  뉴스 없음
2026-09-09 23:10:27    068240   201건 · 20260904 ~ 20251014
2026-09-09 23:10:29    068290    29건 · 20260604 ~ 20250909
2026-09-09 23:10:30    068330    20건 · 20260816 ~ 20251013
2026-09-09 23:10:31    068400   203건 · 20260908 ~ 20260126
2026-09-09 23:10:32    068630  뉴스 없음
2026-09-09 23:10:33    068760   202건 · 20260908 ~ 20250917
2026-09-09 23:10:35    068790    53건 · 20260908 ~ 20250911
2026-09-09 23:10:36    068930    65건 · 20260828 ~ 20250922
2026-09-09 23:10:37    068940    19건 · 20260713 ~ 20250907
2026-09-09 23:10:39    069080   216건 · 20260909 ~ 20260211
2026-09-09 23:10:40    069110     2건 · 20251027 ~ 20251014
2026-09-09 23:10:41    069140    24건 · 20260901 ~ 20250912
2026-09-09 23:10:42    069330    20건 · 20260813 ~ 20250925
2026-09-09 23:10:44    069410    35건 · 20260814 ~ 20250922
2026-09-09 23:10:45    069460    63건 · 20260825 ~ 20250929
2026-09-09 23:10:46    069510    11건 · 20260724 ~ 20250904
2026-09-09 23:10:48    069540   161건 · 20260909 ~ 20250930
2026-09-09 23:10:49    069640   138건 · 20260831 ~ 20250908
2026-09-09 23:10:50    069730     9건 · 20260818 ~ 20250909
2026-09-09 23:10:52    069920    61건 · 20260909 ~ 20250917
2026-09-09 23:10:52    070080  뉴스 없음
2026-09-09 23:10:54    070300    53건 · 20260824 ~ 20250909
2026-09-09 23:10:55    070480  뉴스 없음
2026-09-09 23:10:56    070590    21건 · 20260820 ~ 20250908
2026-09-09 23:10:57    070960   137건 · 20260909 ~ 20250909
2026-09-09 23:10:59    071055    31건 · 20260819 ~ 20250916
2026-09-09 23:10:59    071057  뉴스 없음
2026-09-09 23:11:01    071090    37건 · 20260903 ~ 20250910
2026-09-09 23:11:02    071200    40건 · 20260804 ~ 20251014
2026-09-09 23:11:03    071280     6건 · 20260723 ~ 20251002
2026-09-09 23:11:05    071460    30건 · 20260828 ~ 20250910
2026-09-09 23:11:05    071660  뉴스 없음
2026-09-09 23:11:06    071670    17건 · 20260622 ~ 20251104
2026-09-09 23:11:08    071840   216건 · 20260909 ~ 20260624
2026-09-09 23:11:09    071850    10건 · 20260703 ~ 20251016
2026-09-09 23:11:09    071930  뉴스 없음
2026-09-09 23:11:11    071950   123건 · 20260828 ~ 20250908
2026-09-09 23:11:12    071970   210건 · 20260909 ~ 20251103
2026-09-09 23:11:14    072020    35건 · 20260818 ~ 20250914
2026-09-09 23:11:15    072130    16건 · 20260819 ~ 20250929
2026-09-09 23:11:16    072470     5건 · 20260519 ~ 20251022
2026-09-09 23:11:17    072520    12건 · 20260909 ~ 20250930
2026-09-09 23:11:18    072770    34건 · 20260827 ~ 20250911
2026-09-09 23:11:20    072870    77건 · 20260828 ~ 20250915
2026-09-09 23:11:21    072950    21건 · 20260909 ~ 20251014
2026-09-09 23:11:22    072990    63건 · 20260826 ~ 20250910
2026-09-09 23:11:23    073010    21건 · 20260819 ~ 20250904
2026-09-09 23:11:24    073070  뉴스 없음
2026-09-09 23:11:25    073110    15건 · 20260729 ~ 20250925
2026-09-09 23:11:25    073130  뉴스 없음
2026-09-09 23:11:27    073190    40건 · 20260904 ~ 20260323
2026-09-09 23:11:29    073240   206건 · 20260909 ~ 20260513
2026-09-09 23:11:30    073490    95건 · 20260905 ~ 20250910
2026-09-09 23:11:31    073540    20건 · 20260814 ~ 20260303
2026-09-09 23:11:32    073560    15건 · 20260605 ~ 20250909
2026-09-09 23:11:34    073570   210건 · 20260908 ~ 20260301
2026-09-09 23:11:36    073640    33건 · 20260805 ~ 20250909
2026-09-09 23:11:36    074000  뉴스 없음
2026-09-09 23:11:37    074130  뉴스 없음
2026-09-09 23:11:37    074150  뉴스 없음
2026-09-09 23:11:38    074430    11건 · 20260723 ~ 20250926
2026-09-09 23:11:40    074600   120건 · 20260909 ~ 20250912
2026-09-09 23:11:41    074610    31건 · 20260825 ~ 20251026
2026-09-09 23:11:43    075130    58건 · 20260901 ~ 20250908
2026-09-09 23:11:44    075180     4건 · 20260704 ~ 20251230
2026-09-09 23:11:45    075580    87건 · 20260901 ~ 20250908
2026-09-09 23:11:47    075970    41건 · 20260513 ~ 20251010
2026-09-09 23:11:49    076080    33건 · 20260903 ~ 20250930
2026-09-09 23:11:50    076610    79건 · 20260819 ~ 20250909
2026-09-09 23:11:51    077280  뉴스 없음
2026-09-09 23:11:52    077360   120건 · 20260909 ~ 20250917
2026-09-09 23:11:53    077500    18건 · 20260813 ~ 20250909
2026-09-09 23:11:55    077970   204건 · 20260909 ~ 20250909
2026-09-09 23:11:56    078000    17건 · 20260520 ~ 20250909
2026-09-09 23:11:57    078020   222건 · 20260909 ~ 20260818
2026-09-09 23:11:58    078070    14건 · 20260826 ~ 20251202
2026-09-09 23:12:00    078130    46건 · 20260907 ~ 20251009
2026-09-09 23:12:02    078140    40건 · 20260907 ~ 20251002
2026-09-09 23:12:03    078150    29건 · 20260819 ~ 20250923
2026-09-09 23:12:04    078160   171건 · 20260909 ~ 20250911
2026-09-09 23:12:06    078340   209건 · 20260909 ~ 20260807
2026-09-09 23:12:07    078350    22건 · 20260720 ~ 20250912
2026-09-09 23:12:09    078520   176건 · 20260908 ~ 20250908
2026-09-09 23:12:10    078590    73건 · 20260909 ~ 20250915
2026-09-09 23:12:12    078600   137건 · 20260904 ~ 20250909
2026-09-09 23:12:13    078650  뉴스 없음
2026-09-09 23:12:13    078780  뉴스 없음
2026-09-09 23:12:15    078860    47건 · 20260810 ~ 20250908
2026-09-09 23:12:16    078890    89건 · 20260909 ~ 20250908
2026-09-09 23:12:17    078935     2건 · 20260225 ~ 20260115
2026-09-09 23:12:18    078940     5건 · 20260414 ~ 20250919
2026-09-09 23:12:19    079000    15건 · 20260416 ~ 20250912
2026-09-09 23:12:20    079170     2건 · 20260813 ~ 20260813
2026-09-09 23:12:22    079190    50건 · 20260820 ~ 20251014
2026-09-09 23:12:23    079370    81건 · 20260907 ~ 20250906
2026-09-09 23:12:25    079430   204건 · 20260907 ~ 20260209
2026-09-09 23:12:26    079650    54건 · 20260908 ~ 20251117
2026-09-09 23:12:27    079660  뉴스 없음
2026-09-09 23:12:28    079810    21건 · 20260904 ~ 20251031
2026-09-09 23:12:30    079940   203건 · 20260909 ~ 20260205
2026-09-09 23:12:31    079950    51건 · 20260826 ~ 20250910
2026-09-09 23:12:33    079960    41건 · 20260808 ~ 20250916
2026-09-09 23:12:35    079970    54건 · 20260901 ~ 20250918
2026-09-09 23:12:36    079980    48건 · 20260813 ~ 20251016
2026-09-09 23:12:37    080000     8건 · 20260827 ~ 20251127
2026-09-09 23:12:38    080010    12건 · 20260626 ~ 20251221
2026-09-09 23:12:40    080160    83건 · 20260909 ~ 20250908
2026-09-09 23:12:41    080220   205건 · 20260909 ~ 20260209
2026-09-09 23:12:42    080420    11건 · 20260722 ~ 20251209
2026-09-09 23:12:43    080440  뉴스 없음
2026-09-09 23:12:44    080470    10건 · 20260806 ~ 20251218
2026-09-09 23:12:45    080520    20건 · 20260706 ~ 20250912
2026-09-09 23:12:46    080530    20건 · 20260818 ~ 20260210
2026-09-09 23:12:47    080580    64건 · 20260828 ~ 20250911
2026-09-09 23:12:49    080720    92건 · 20260902 ~ 20250909
2026-09-09 23:12:50    081000    23건 · 20260527 ~ 20251013
2026-09-09 23:12:51    081090  뉴스 없음
2026-09-09 23:12:52    081150    27건 · 20260805 ~ 20251010
2026-09-09 23:12:53    081180    31건 · 20260825 ~ 20250916
2026-09-09 23:12:54    081220  뉴스 없음
2026-09-09 23:12:55    081580    10건 · 20260320 ~ 20251105
2026-09-09 23:12:55    081970  뉴스 없음
2026-09-09 23:12:57    082210    48건 · 20260814 ~ 20250908
2026-09-09 23:12:59    082270   128건 · 20260909 ~ 20250908
2026-09-09 23:12:59    082390  뉴스 없음
2026-09-09 23:13:00    082660    16건 · 20260908 ~ 20251010
2026-09-09 23:13:02    082740   207건 · 20260909 ~ 20260330
2026-09-09 23:13:03    082800   111건 · 20260909 ~ 20250908
2026-09-09 23:13:04    082850    21건 · 20260908 ~ 20250930
2026-09-09 23:13:06    082920   127건 · 20260904 ~ 20250909
2026-09-09 23:13:07    082930  뉴스 없음
2026-09-09 23:13:08    083310    20건 · 20260818 ~ 20250911
2026-09-09 23:13:09    083420    58건 · 20260908 ~ 20250912
2026-09-09 23:13:11    083450    46건 · 20260907 ~ 20250914
2026-09-09 23:13:13    083470    66건 · 20260813 ~ 20250912
2026-09-09 23:13:14    083500    34건 · 20260908 ~ 20250925
2026-09-09 23:13:15    083550    13건 · 20260827 ~ 20250926
2026-09-09 23:13:16    083640    31건 · 20260904 ~ 20260119
2026-09-09 23:13:18    083650   208건 · 20260909 ~ 20251121
2026-09-09 23:13:19    083660    54건 · 20260828 ~ 20251015
2026-09-09 23:13:21    083790    62건 · 20260829 ~ 20250908
2026-09-09 23:13:22    083930    40건 · 20260827 ~ 20250915
2026-09-09 23:13:24    084010   113건 · 20260827 ~ 20250912
2026-09-09 23:13:26    084110   177건 · 20260908 ~ 20250908
2026-09-09 23:13:27    084180   139건 · 20260909 ~ 20250912
2026-09-09 23:13:29    084370   101건 · 20260909 ~ 20250912
2026-09-09 23:13:29    084450  뉴스 없음
2026-09-09 23:13:31    084650    83건 · 20260909 ~ 20251001
2026-09-09 23:13:32    084670   202건 · 20260720 ~ 20251110
2026-09-09 23:13:34    084680    32건 · 20260905 ~ 20250907
2026-09-09 23:13:35    084690   135건 · 20260908 ~ 20250909
2026-09-09 23:13:36    084695     6건 · 20260225 ~ 20251001
2026-09-09 23:13:38    084730    71건 · 20260906 ~ 20250915
2026-09-09 23:13:39    084850    65건 · 20260819 ~ 20250908
2026-09-09 23:13:41    084870    51건 · 20260827 ~ 20251208
2026-09-09 23:13:43    084990    57건 · 20260909 ~ 20250911
2026-09-09 23:13:44    085310    42건 · 20260819 ~ 20250911
2026-09-09 23:13:45    085370     9건 · 20260309 ~ 20250929
2026-09-09 23:13:46    08537M  뉴스 없음
2026-09-09 23:13:47    085670    14건 · 20260721 ~ 20250909
2026-09-09 23:13:48    085810    34건 · 20260706 ~ 20250909
2026-09-09 23:13:50    085910    53건 · 20260827 ~ 20250924
2026-09-09 23:13:51    086040    35건 · 20260819 ~ 20250907
2026-09-09 23:13:52    086060     7건 · 20260319 ~ 20250914
2026-09-09 23:13:53    086200  뉴스 없음
2026-09-09 23:13:53    086250  뉴스 없음
2026-09-09 23:13:55    086390    31건 · 20260903 ~ 20250908
2026-09-09 23:13:56    086450   206건 · 20260909 ~ 20260524
2026-09-09 23:13:58    086520   271건 · 20260909 ~ 20260831
2026-09-09 23:13:59    086670    39건 · 20260824 ~ 20250908
2026-09-09 23:14:01    086710    40건 · 20260906 ~ 20250907
2026-09-09 23:14:01    086720  뉴스 없음
2026-09-09 23:14:03    086820   148건 · 20260909 ~ 20250911
2026-09-09 23:14:03    086830  뉴스 없음
2026-09-09 23:14:05    086890    52건 · 20260824 ~ 20250922
2026-09-09 23:14:06    086900   206건 · 20260909 ~ 20251230
2026-09-09 23:14:08    086960    72건 · 20260906 ~ 20250904
2026-09-09 23:14:10    086980    47건 · 20260902 ~ 20250911
2026-09-09 23:14:11    087010   217건 · 20260909 ~ 20260730
2026-09-09 23:14:12    087220  뉴스 없음
2026-09-09 23:14:13    087260    60건 · 20260818 ~ 20251008
2026-09-09 23:14:14    087600    15건 · 20260906 ~ 20250923
2026-09-09 23:14:15    087730  뉴스 없음
2026-09-09 23:14:16    088130    20건 · 20260813 ~ 20250916
2026-09-09 23:14:18    088260    30건 · 20260901 ~ 20250916
2026-09-09 23:14:19    088280    19건 · 20260909 ~ 20260204
2026-09-09 23:14:20    088290    28건 · 20260814 ~ 20251106
2026-09-09 23:14:21    088340    53건 · 20260901 ~ 20250908
2026-09-09 23:14:23    088390    52건 · 20260819 ~ 20250911
2026-09-09 23:14:24    088700  뉴스 없음
2026-09-09 23:14:25    088790    35건 · 20260820 ~ 20250909
2026-09-09 23:14:27    088800    62건 · 20260902 ~ 20250930
2026-09-09 23:14:28    088910    23건 · 20260820 ~ 20251031
2026-09-09 23:14:29    088960  뉴스 없음
2026-09-09 23:14:30    089010    69건 · 20260904 ~ 20250914
2026-09-09 23:14:32    089030   202건 · 20260909 ~ 20251002
2026-09-09 23:14:34    089140    50건 · 20260902 ~ 20250908
2026-09-09 23:14:34    089150     5건 · 20260421 ~ 20250908
2026-09-09 23:14:36    089230    46건 · 20260810 ~ 20250910
2026-09-09 23:14:38    089470    40건 · 20260909 ~ 20250925
2026-09-09 23:14:38    089480  뉴스 없음
2026-09-09 23:14:39    089530     1건 · 20251121 ~ 20251121
2026-09-09 23:14:41    089600    96건 · 20260907 ~ 20250930
2026-09-09 23:14:42    089790    13건 · 20260702 ~ 20250922
2026-09-09 23:14:43    089850    15건 · 20260903 ~ 20251013
2026-09-09 23:14:44    089890    36건 · 20260803 ~ 20251001
2026-09-09 23:14:46    089970    83건 · 20260902 ~ 20250918
2026-09-09 23:14:47    089980    16건 · 20260605 ~ 20250923
2026-09-09 23:14:48    090080    25건 · 20260908 ~ 20250921
2026-09-09 23:14:48    090120  뉴스 없음
2026-09-09 23:14:49    090150    20건 · 20260819 ~ 20250909
2026-09-09 23:14:51    090350   204건 · 20260908 ~ 20250908
2026-09-09 23:14:52    090360   203건 · 20260908 ~ 20251105
2026-09-09 23:14:54    090370    81건 · 20260908 ~ 20250924
2026-09-09 23:14:55    090410    29건 · 20260901 ~ 20260211
2026-09-09 23:14:57    090460    81건 · 20260909 ~ 20250910
2026-09-09 23:14:58    090470    35건 · 20260902 ~ 20251118
2026-09-09 23:14:59    090540  뉴스 없음
2026-09-09 23:15:01    090710   200건 · 20260825 ~ 20251117
2026-09-09 23:15:01    090730  뉴스 없음
2026-09-09 23:15:02    090740  뉴스 없음
2026-09-09 23:15:03    090850    79건 · 20260907 ~ 20250916
2026-09-09 23:15:05    091090    20건 · 20260513 ~ 20251016
2026-09-09 23:15:06    091120    17건 · 20260825 ~ 20250922
2026-09-09 23:15:07    091340    20건 · 20260907 ~ 20251104
2026-09-09 23:15:08    091440    46건 · 20260908 ~ 20250916
2026-09-09 23:15:10    091580    28건 · 20260827 ~ 20250922
2026-09-09 23:15:11    091590    76건 · 20260902 ~ 20251002
2026-09-09 23:15:12    091690  뉴스 없음
2026-09-09 23:15:13    091810   210건 · 20260909 ~ 20260716
2026-09-09 23:15:15    091970    53건 · 20260902 ~ 20251002
2026-09-09 23:15:17    092040    83건 · 20260907 ~ 20250907
2026-09-09 23:15:18    092070    10건 · 20260818 ~ 20250922
2026-09-09 23:15:19    092130    67건 · 20260819 ~ 20250909
2026-09-09 23:15:20    092190    30건 · 20260907 ~ 20251016
2026-09-09 23:15:22    092200    57건 · 20260803 ~ 20250910
2026-09-09 23:15:23    092220    52건 · 20260908 ~ 20251010
2026-09-09 23:15:24    092230    13건 · 20260703 ~ 20251202
2026-09-09 23:15:25    092300    16건 · 20260803 ~ 20250903
2026-09-09 23:15:26    092440  뉴스 없음
2026-09-09 23:15:28    092460    75건 · 20260824 ~ 20250908
2026-09-09 23:15:29    092600    42건 · 20260814 ~ 20250908
2026-09-09 23:15:30    092730    34건 · 20260908 ~ 20250910
2026-09-09 23:15:32    092780    40건 · 20260904 ~ 20251023
2026-09-09 23:15:34    092790    53건 · 20260903 ~ 20250919
2026-09-09 23:15:35    092870    36건 · 20260903 ~ 20250929
2026-09-09 23:15:36    093190     8건 · 20260204 ~ 20251022
2026-09-09 23:15:37    093230    22건 · 20260810 ~ 20250908
2026-09-09 23:15:39    093240   202건 · 20260909 ~ 20251216
2026-09-09 23:15:40    093320    58건 · 20260907 ~ 20250910
2026-09-09 23:15:42    093370   128건 · 20260908 ~ 20250915
2026-09-09 23:15:43    093380     2건 · 20260310 ~ 20251110
2026-09-09 23:15:44    093520    22건 · 20260901 ~ 20250909
2026-09-09 23:15:46    093640    72건 · 20260901 ~ 20250912
2026-09-09 23:15:46    093820  뉴스 없음
2026-09-09 23:15:47    093920     4건 · 20260204 ~ 20260204
2026-09-09 23:15:49    094170    77건 · 20260907 ~ 20250923
2026-09-09 23:15:50    094190  뉴스 없음
2026-09-09 23:15:51    094280    49건 · 20260813 ~ 20250915
2026-09-09 23:15:53    094360    81건 · 20260903 ~ 20250912
2026-09-09 23:15:54    094480   134건 · 20260908 ~ 20250916
2026-09-09 23:15:55    094520  뉴스 없음
2026-09-09 23:15:55    094700  뉴스 없음
2026-09-09 23:15:56    094820    16건 · 20260826 ~ 20251219
2026-09-09 23:15:58    094840    25건 · 20260819 ~ 20250922
2026-09-09 23:15:59    094850   106건 · 20260909 ~ 20250910
2026-09-09 23:16:01    094860    41건 · 20260908 ~ 20250917
2026-09-09 23:16:02    094940    20건 · 20260825 ~ 20250916
2026-09-09 23:16:03    094970     4건 · 20260820 ~ 20260226
2026-09-09 23:16:04    095190    24건 · 20260909 ~ 20250925
2026-09-09 23:16:06    095270    48건 · 20260825 ~ 20250910
2026-09-09 23:16:07    095300  뉴스 없음
2026-09-09 23:16:08    095340   172건 · 20260908 ~ 20250910
2026-09-09 23:16:10    095500    46건 · 20260709 ~ 20250924
2026-09-09 23:16:11    095570    74건 · 20260905 ~ 20250908
2026-09-09 23:16:13    095610   205건 · 20260909 ~ 20260519
2026-09-09 23:16:15    095700    76건 · 20260908 ~ 20250912
2026-09-09 23:16:16    095720   182건 · 20260909 ~ 20250909
2026-09-09 23:16:18    095910    80건 · 20260825 ~ 20251128
2026-09-09 23:16:19    096040    20건 · 20260529 ~ 20250908
2026-09-09 23:16:20    096240    84건 · 20260901 ~ 20250907
2026-09-09 23:16:22    096250   202건 · 20260909 ~ 20250903
2026-09-09 23:16:23    096300     5건 · 20260904 ~ 20250909
2026-09-09 23:16:24    096350    57건 · 20260909 ~ 20250907
2026-09-09 23:16:26    096530   107건 · 20260909 ~ 20250910
2026-09-09 23:16:27    096610    32건 · 20260902 ~ 20251001
2026-09-09 23:16:29    096630    28건 · 20260707 ~ 20250917
2026-09-09 23:16:29    096640  뉴스 없음
2026-09-09 23:16:31    096690    49건 · 20260904 ~ 20251021
2026-09-09 23:16:32    096760    60건 · 20260902 ~ 20250922
2026-09-09 23:16:33    096775     3건 · 20260826 ~ 20260622
2026-09-09 23:16:34    096870     5건 · 20260902 ~ 20251112
2026-09-09 23:16:36    097230   207건 · 20260909 ~ 20260605
2026-09-09 23:16:37    097520    79건 · 20260825 ~ 20250910
2026-09-09 23:16:38    097780    22건 · 20260821 ~ 20250908
2026-09-09 23:16:40    097800    21건 · 20260818 ~ 20250909
2026-09-09 23:16:41    097870    30건 · 20260714 ~ 20250910
2026-09-09 23:16:41    097955  뉴스 없음
2026-09-09 23:16:42    097959  뉴스 없음
2026-09-09 23:16:43    098120    20건 · 20260907 ~ 20250908
2026-09-09 23:16:43    098400  뉴스 없음
2026-09-09 23:16:45    098460   138건 · 20260907 ~ 20250923
2026-09-09 23:16:46    098660     7건 · 20260904 ~ 20260128
2026-09-09 23:16:47    099220    22건 · 20260818 ~ 20250929
2026-09-09 23:16:49    099320   202건 · 20260904 ~ 20260108
2026-09-09 23:16:49    099340  뉴스 없음
2026-09-09 23:16:51    099390    20건 · 20260721 ~ 20250915
2026-09-09 23:16:52    099410     6건 · 20260511 ~ 20250909
2026-09-09 23:16:53    099430   100건 · 20260828 ~ 20250905
2026-09-09 23:16:55    099440   125건 · 20260907 ~ 20250908
2026-09-09 23:16:56    099520     6건 · 20260423 ~ 20251017
2026-09-09 23:16:56    099660  뉴스 없음
2026-09-09 23:16:58    099750    71건 · 20260904 ~ 20250921
2026-09-09 23:16:58    099830  뉴스 없음
2026-09-09 23:16:59    100030     6건 · 20260803 ~ 20251031
2026-09-09 23:17:01    100090   202건 · 20260908 ~ 20260120
2026-09-09 23:17:03    100120    50건 · 20260821 ~ 20250910
2026-09-09 23:17:04    100130    25건 · 20260827 ~ 20251028
2026-09-09 23:17:05    100220   100건 · 20260909 ~ 20250909
2026-09-09 23:17:07    100250    28건 · 20260722 ~ 20251206
2026-09-09 23:17:08    100590    65건 · 20260909 ~ 20250925
2026-09-09 23:17:09    100660    12건 · 20260630 ~ 20250909
2026-09-09 23:17:10    100700     2건 · 20260409 ~ 20260226
2026-09-09 23:17:12    100790   202건 · 20260908 ~ 20260421
2026-09-09 23:17:13    100840    70건 · 20260907 ~ 20250908
2026-09-09 23:17:15    101000    49건 · 20260907 ~ 20250909
2026-09-09 23:17:16    101140    41건 · 20260909 ~ 20251017
2026-09-09 23:17:18    101160    63건 · 20260908 ~ 20251030
2026-09-09 23:17:20    101170    45건 · 20260707 ~ 20251010
2026-09-09 23:17:21    101240    11건 · 20260413 ~ 20250915
2026-09-09 23:17:22    101330    20건 · 20260903 ~ 20260108
2026-09-09 23:17:24    101360    63건 · 20260902 ~ 20250910
2026-09-09 23:17:24    101390     3건 · 20260727 ~ 20260317
2026-09-09 23:17:26    101400    43건 · 20260818 ~ 20251001
2026-09-09 23:17:28    101490    81건 · 20260901 ~ 20250909
2026-09-09 23:17:29    101530   204건 · 20260909 ~ 20260113
2026-09-09 23:17:31    101670    79건 · 20260908 ~ 20250910
2026-09-09 23:17:32    101680    21건 · 20260806 ~ 20250911
2026-09-09 23:17:33    101730   200건 · 20260901 ~ 20260209
2026-09-09 23:17:34    101930    16건 · 20260624 ~ 20250909
2026-09-09 23:17:36    101970    20건 · 20260727 ~ 20250910
2026-09-09 23:17:36    101990  뉴스 없음
2026-09-09 23:17:38    102120    40건 · 20260818 ~ 20250909
2026-09-09 23:17:38    102210  뉴스 없음
2026-09-09 23:17:40    102260    70건 · 20260906 ~ 20250910
2026-09-09 23:17:41    102280    28건 · 20260818 ~ 20250917
2026-09-09 23:17:43    102370    48건 · 20260822 ~ 20250912
2026-09-09 23:17:44    102460    42건 · 20260907 ~ 20250908
2026-09-09 23:17:46    102710    35건 · 20260831 ~ 20250910
2026-09-09 23:17:47    102940   206건 · 20260909 ~ 20250929
2026-09-09 23:17:48    103130  뉴스 없음
2026-09-09 23:17:49    103230    22건 · 20260908 ~ 20250911
2026-09-09 23:17:51    103590   202건 · 20260909 ~ 20260212
2026-09-09 23:17:52    103840     4건 · 20251117 ~ 20250912
2026-09-09 23:17:53    104040    73건 · 20260905 ~ 20250910
2026-09-09 23:17:54    104110  뉴스 없음
2026-09-09 23:17:55    104120  뉴스 없음
2026-09-09 23:17:56    104200    81건 · 20260820 ~ 20250923
2026-09-09 23:17:57    104460     9건 · 20260219 ~ 20250930
2026-09-09 23:17:58    104480    33건 · 20260728 ~ 20251021
2026-09-09 23:17:59    104540    12건 · 20260724 ~ 20251114
2026-09-09 23:18:01    104620   203건 · 20260909 ~ 20251220
2026-09-09 23:18:02    104700    29건 · 20260826 ~ 20250908
2026-09-09 23:18:04    104830    71건 · 20260901 ~ 20250912
2026-09-09 23:18:04    105070  뉴스 없음
2026-09-09 23:18:05    105330     9건 · 20260909 ~ 20251024
2026-09-09 23:18:07    105550    41건 · 20260830 ~ 20250917
2026-09-09 23:18:08    105630   190건 · 20260909 ~ 20250907
2026-09-09 23:18:10    105740    30건 · 20260908 ~ 20250909
2026-09-09 23:18:11    105760    23건 · 20260811 ~ 20250916
2026-09-09 23:18:12    105840    94건 · 20260909 ~ 20250903
2026-09-09 23:18:14    106080    48건 · 20260831 ~ 20250910
2026-09-09 23:18:15    106190     6건 · 20260427 ~ 20260320
2026-09-09 23:18:17    106240    47건 · 20260806 ~ 20251001
2026-09-09 23:18:18    106520    21건 · 20260715 ~ 20250914
2026-09-09 23:18:19    107590    20건 · 20260504 ~ 20250915
2026-09-09 23:18:20    107600    15건 · 20260814 ~ 20251013
2026-09-09 23:18:22    107640    82건 · 20260828 ~ 20250910
2026-09-09 23:18:23    108230    15건 · 20260904 ~ 20251023
2026-09-09 23:18:24    108380    62건 · 20260901 ~ 20250908
2026-09-09 23:18:26    108490   223건 · 20260909 ~ 20260803
2026-09-09 23:18:26    108675  뉴스 없음
2026-09-09 23:18:27    108790  뉴스 없음
2026-09-09 23:18:28    108860   171건 · 20260904 ~ 20250911
2026-09-09 23:18:30    109070    32건 · 20260831 ~ 20250922
2026-09-09 23:18:31    109080    13건 · 20260712 ~ 20260325
2026-09-09 23:18:32    109610     5건 · 20260709 ~ 20250919
2026-09-09 23:18:33    109670    15건 · 20260823 ~ 20250925
2026-09-09 23:18:34    109740     9건 · 20251201 ~ 20250908
2026-09-09 23:18:35    109820    42건 · 20260828 ~ 20250917
2026-09-09 23:18:36    109860     4건 · 20260904 ~ 20250923
2026-09-09 23:18:37    109960    13건 · 20260819 ~ 20250916
2026-09-09 23:18:38    110020    11건 · 20260722 ~ 20250929
2026-09-09 23:18:39    110310  뉴스 없음
2026-09-09 23:18:39    110500  뉴스 없음
2026-09-09 23:18:40    110570  뉴스 없음
2026-09-09 23:18:41    110790    24건 · 20260812 ~ 20250929
2026-09-09 23:18:43    110990    51건 · 20260615 ~ 20250922
2026-09-09 23:18:44    111110    26건 · 20260818 ~ 20250911
2026-09-09 23:18:45    111380    23건 · 20260709 ~ 20251024
2026-09-09 23:18:46    111610  뉴스 없음
2026-09-09 23:18:47    111710    23건 · 20260712 ~ 20260324
2026-09-09 23:18:48    111820  뉴스 없음
2026-09-09 23:18:48    111870    16건 · 20260709 ~ 20251019
2026-09-09 23:18:49    112240  뉴스 없음
2026-09-09 23:18:51    112290    52건 · 20260831 ~ 20250911
2026-09-09 23:18:52    113810    18건 · 20260819 ~ 20251022
2026-09-09 23:18:53    114120     2건 · 20251211 ~ 20251211
2026-09-09 23:18:54    114190    68건 · 20260908 ~ 20250924
2026-09-09 23:18:56    114450    31건 · 20260824 ~ 20250909
2026-09-09 23:18:56    114570  뉴스 없음
2026-09-09 23:18:57    114630    20건 · 20260818 ~ 20251027
2026-09-09 23:18:59    114810    52건 · 20260901 ~ 20250924
2026-09-09 23:19:01    114840    75건 · 20260829 ~ 20250903
2026-09-09 23:19:02    115160    38건 · 20260908 ~ 20260104
2026-09-09 23:19:04    115180   205건 · 20260909 ~ 20250919
2026-09-09 23:19:05    115310    24건 · 20260720 ~ 20250908
2026-09-09 23:19:07    115440    39건 · 20260909 ~ 20250930
2026-09-09 23:19:08    115450   143건 · 20260909 ~ 20250928
2026-09-09 23:19:10    115480    50건 · 20260908 ~ 20251031
2026-09-09 23:19:11    115500    79건 · 20260825 ~ 20250916
2026-09-09 23:19:13    115530    37건 · 20260902 ~ 20251112
2026-09-09 23:19:14    115570     8건 · 20260902 ~ 20251229
2026-09-09 23:19:15    115610    38건 · 20260813 ~ 20250917
2026-09-09 23:19:16    115960    13건 · 20260828 ~ 20251013
2026-09-09 23:19:18    117580   117건 · 20260731 ~ 20250917
2026-09-09 23:19:20    117670    41건 · 20260901 ~ 20250908
2026-09-09 23:19:21    117730   201건 · 20260906 ~ 20250916
2026-09-09 23:19:22    117930  뉴스 없음
2026-09-09 23:19:23    118000    36건 · 20260827 ~ 20250922
2026-09-09 23:19:25    118990    71건 · 20260902 ~ 20250915
2026-09-09 23:19:25    119250  뉴스 없음
2026-09-09 23:19:27    119500    20건 · 20260607 ~ 20251126
2026-09-09 23:19:28    119610    65건 · 20260828 ~ 20250916
2026-09-09 23:19:30    119650    32건 · 20260722 ~ 20251231
2026-09-09 23:19:31    119830    17건 · 20260819 ~ 20250909
2026-09-09 23:19:32    119850    68건 · 20260909 ~ 20250908
2026-09-09 23:19:34    119860   128건 · 20260909 ~ 20250910
2026-09-09 23:19:35    120030    20건 · 20260824 ~ 20250908
2026-09-09 23:19:35    120115  뉴스 없음
2026-09-09 23:19:36    120240     2건 · 20260224 ~ 20260224
2026-09-09 23:19:38    121440    54건 · 20260907 ~ 20250910
2026-09-09 23:19:39    121550  뉴스 없음
2026-09-09 23:19:40    121600    57건 · 20260831 ~ 20250910
2026-09-09 23:19:41    121800    21건 · 20260908 ~ 20251024
2026-09-09 23:19:43    121850    43건 · 20260909 ~ 20250916
2026-09-09 23:19:44    121890     2건 · 20260828 ~ 20250923
2026-09-09 23:19:44    121910  뉴스 없음
2026-09-09 23:19:45    121950  뉴스 없음
2026-09-09 23:19:46    122290  뉴스 없음
2026-09-09 23:19:47    122310    43건 · 20260722 ~ 20250908
2026-09-09 23:19:49    122350    82건 · 20260903 ~ 20250920
2026-09-09 23:19:50    122450    18건 · 20260909 ~ 20251024
2026-09-09 23:19:51    122640   107건 · 20260909 ~ 20250916
2026-09-09 23:19:53    122690    30건 · 20260702 ~ 20251112
2026-09-09 23:19:53    122800  뉴스 없음
2026-09-09 23:19:54    122990    11건 · 20260623 ~ 20251022
2026-09-09 23:19:56    123010    71건 · 20260821 ~ 20250918
2026-09-09 23:19:57    123040    12건 · 20260819 ~ 20250925
2026-09-09 23:19:57    123100  뉴스 없음
2026-09-09 23:19:58    123260  뉴스 없음
2026-09-09 23:19:59    123330    21건 · 20260907 ~ 20250918
2026-09-09 23:20:01    123410    33건 · 20260825 ~ 20250909
2026-09-09 23:20:02    123420   124건 · 20260831 ~ 20250903
2026-09-09 23:20:03    123570    20건 · 20260907 ~ 20250915
2026-09-09 23:20:05    123690   105건 · 20260904 ~ 20250910
2026-09-09 23:20:06    123700     4건 · 20260827 ~ 20251027
2026-09-09 23:20:08    123750    35건 · 20260826 ~ 20251024
2026-09-09 23:20:09    123840    24건 · 20260731 ~ 20251023
2026-09-09 23:20:10    123860    15건 · 20260708 ~ 20250908
2026-09-09 23:20:11    123890   126건 · 20260908 ~ 20250912
2026-09-09 23:20:13    124500   203건 · 20260909 ~ 20250923
2026-09-09 23:20:15    124560    69건 · 20260904 ~ 20250915
2026-09-09 23:20:16    125020    23건 · 20260902 ~ 20251014
2026-09-09 23:20:17    125210    16건 · 20260722 ~ 20251015
2026-09-09 23:20:18    125490   131건 · 20260907 ~ 20250909
2026-09-09 23:20:20    126340    51건 · 20260909 ~ 20250910
2026-09-09 23:20:22    126560    85건 · 20260909 ~ 20250916
2026-09-09 23:20:22    126600    17건 · 20260909 ~ 20251106
2026-09-09 23:20:24    126640    50건 · 20260902 ~ 20250908
2026-09-09 23:20:25    126700    29건 · 20260617 ~ 20250909
2026-09-09 23:20:27    126730    30건 · 20260901 ~ 20250903
2026-09-09 23:20:27    126870  뉴스 없음
2026-09-09 23:20:28    126880    14건 · 20260826 ~ 20251001
2026-09-09 23:20:30    127120    73건 · 20260907 ~ 20250908
2026-09-09 23:20:30    127160  뉴스 없음
2026-09-09 23:20:32    127710   118건 · 20260903 ~ 20250909
2026-09-09 23:20:33    127980     2건 · 20260323 ~ 20260215
2026-09-09 23:20:34    128540     5건 · 20260115 ~ 20260113
2026-09-09 23:20:35    128660     9건 · 20260811 ~ 20260116
2026-09-09 23:20:36    128820    68건 · 20260730 ~ 20250911
2026-09-09 23:20:38    129260    37건 · 20260727 ~ 20250922
2026-09-09 23:20:39    129890    42건 · 20260818 ~ 20250908
2026-09-09 23:20:41    129920    97건 · 20260819 ~ 20250909
2026-09-09 23:20:42    130500     9건 · 20260821 ~ 20260313
2026-09-09 23:20:44    130580    76건 · 20260907 ~ 20250909
2026-09-09 23:20:45    130660   142건 · 20260909 ~ 20250920
2026-09-09 23:20:46    130740    20건 · 20260602 ~ 20250915
2026-09-09 23:20:47    130960  뉴스 없음
2026-09-09 23:20:48    131030    31건 · 20260721 ~ 20250923
2026-09-09 23:20:49    131090    11건 · 20260629 ~ 20251002
2026-09-09 23:20:50    131100     7건 · 20260727 ~ 20250908
2026-09-09 23:20:52    131180    23건 · 20260812 ~ 20250915
2026-09-09 23:20:53    131220    39건 · 20260909 ~ 20251020
2026-09-09 23:20:54    131290    40건 · 20260903 ~ 20250915
2026-09-09 23:20:56    131370    45건 · 20260907 ~ 20250911
2026-09-09 23:20:57    131390     3건 · 20260821 ~ 20260310
2026-09-09 23:20:59    131400   127건 · 20260904 ~ 20250908
2026-09-09 23:21:00    131760    46건 · 20260810 ~ 20250929
2026-09-09 23:21:02    131970   204건 · 20260909 ~ 20251015
2026-09-09 23:21:03    133750     4건 · 20260325 ~ 20260312
2026-09-09 23:21:04    133820    35건 · 20260824 ~ 20250909
2026-09-09 23:21:05    134060    14건 · 20260819 ~ 20251117
2026-09-09 23:21:06    134380    20건 · 20260421 ~ 20251022
2026-09-09 23:21:08    134580    35건 · 20260902 ~ 20250916
2026-09-09 23:21:08    134780  뉴스 없음
2026-09-09 23:21:09    134790     2건 · 20260724 ~ 20260103
2026-09-09 23:21:10    136150    32건 · 20260909 ~ 20250917
2026-09-09 23:21:12    136410    21건 · 20260814 ~ 20250916
2026-09-09 23:21:13    136480   201건 · 20260906 ~ 20250916
2026-09-09 23:21:15    136490    44건 · 20260902 ~ 20250914
2026-09-09 23:21:16    136510    14건 · 20260909 ~ 20260203
2026-09-09 23:21:18    136540    44건 · 20260903 ~ 20250919
2026-09-09 23:21:19    137080    29건 · 20260818 ~ 20250911
2026-09-09 23:21:20    137400   123건 · 20260907 ~ 20250909
2026-09-09 23:21:22    137940    20건 · 20260818 ~ 20251030
2026-09-09 23:21:23    137950    36건 · 20260901 ~ 20251015
2026-09-09 23:21:25    138040   216건 · 20260908 ~ 20260731
2026-09-09 23:21:26    138070     2건 · 20260615 ~ 20260215
2026-09-09 23:21:27    138080   138건 · 20260909 ~ 20250911
2026-09-09 23:21:29    138250   207건 · 20260909 ~ 20260421
2026-09-09 23:21:31    138360   117건 · 20260824 ~ 20250919
2026-09-09 23:21:32    138490   115건 · 20260909 ~ 20251009
2026-09-09 23:21:33    138580     2건 · 20260627 ~ 20251226
2026-09-09 23:21:35    138610    95건 · 20260907 ~ 20250909
2026-09-09 23:21:36    138690     4건 · 20260427 ~ 20251113
2026-09-09 23:21:37    139050    22건 · 20260901 ~ 20251016
2026-09-09 23:21:38    139200  뉴스 없음
2026-09-09 23:21:39    139670    30건 · 20260826 ~ 20250924
2026-09-09 23:21:41    139990    58건 · 20260805 ~ 20251003
2026-09-09 23:21:42    140070    48건 · 20260903 ~ 20250910
2026-09-09 23:21:44    140410   186건 · 20260909 ~ 20250908
2026-09-09 23:21:45    140430    58건 · 20260903 ~ 20251028
2026-09-09 23:21:46    140520     2건 · 20260519 ~ 20260226
2026-09-09 23:21:48    140670    71건 · 20260826 ~ 20250912
2026-09-09 23:21:49    140860   123건 · 20260907 ~ 20250911
2026-09-09 23:21:50    140910    10건 · 20260529 ~ 20260212
2026-09-09 23:21:52    141000    27건 · 20260716 ~ 20250916
2026-09-09 23:21:53    141020     3건 · 20260529 ~ 20260415
2026-09-09 23:21:53    141070  뉴스 없음
2026-09-09 23:21:55    141080   206건 · 20260909 ~ 20260801
2026-09-09 23:21:56    142210    18건 · 20260821 ~ 20251030
2026-09-09 23:21:57    142280    62건 · 20260903 ~ 20250919
2026-09-09 23:21:59    142760   148건 · 20260907 ~ 20250907
2026-09-09 23:22:00    143160    20건 · 20260702 ~ 20251030
2026-09-09 23:22:02    143210    31건 · 20260709 ~ 20251020
2026-09-09 23:22:03    143240   133건 · 20260827 ~ 20250911
2026-09-09 23:22:05    143540    35건 · 20260820 ~ 20250924
2026-09-09 23:22:05    144620  뉴스 없음
2026-09-09 23:22:07    144960    22건 · 20260904 ~ 20250926
2026-09-09 23:22:08    145170    10건 · 20260729 ~ 20251002
2026-09-09 23:22:09    145210    71건 · 20260902 ~ 20250917
2026-09-09 23:22:10    145270     6건 · 20260901 ~ 20251117
2026-09-09 23:22:12    145990   214건 · 20260909 ~ 20260427
2026-09-09 23:22:13    146060    20건 · 20260814 ~ 20250929
2026-09-09 23:22:14    146320    29건 · 20260903 ~ 20250919
2026-09-09 23:22:16    147760    25건 · 20260709 ~ 20250923
2026-09-09 23:22:17    147830    19건 · 20260827 ~ 20251106
2026-09-09 23:22:17    148140     1건 · 20260306 ~ 20260306
2026-09-09 23:22:18    148150    10건 · 20260904 ~ 20250918
2026-09-09 23:22:20    148250    50건 · 20260825 ~ 20250915
2026-09-09 23:22:22    148780    52건 · 20260909 ~ 20250930
2026-09-09 23:22:23    148930    11건 · 20260819 ~ 20260209
2026-09-09 23:22:23    149940  뉴스 없음
2026-09-09 23:22:24    149950    29건 · 20260826 ~ 20250916
2026-09-09 23:22:26    149980    53건 · 20260906 ~ 20251010
2026-09-09 23:22:27    150840    20건 · 20260827 ~ 20251014
2026-09-09 23:22:29    150900   150건 · 20260909 ~ 20250910
2026-09-09 23:22:31    151860    69건 · 20260902 ~ 20250915
2026-09-09 23:22:32    151910    20건 · 20260605 ~ 20251023
2026-09-09 23:22:32    152330  뉴스 없음
2026-09-09 23:22:34    152550   127건 · 20260502 ~ 20250917
2026-09-09 23:22:35    153360  뉴스 없음
2026-09-09 23:22:36    153460    40건 · 20260824 ~ 20251029
2026-09-09 23:22:37    153490    27건 · 20260907 ~ 20251001
2026-09-09 23:22:39    153710    20건 · 20260810 ~ 20250910
2026-09-09 23:22:40    153890    77건 · 20260813 ~ 20251016
2026-09-09 23:22:41    154030    12건 · 20260826 ~ 20250922
2026-09-09 23:22:42    154040    15건 · 20260812 ~ 20250926
2026-09-09 23:22:44    155650    20건 · 20260805 ~ 20251022
2026-09-09 23:22:45    155660    64건 · 20260907 ~ 20251014
2026-09-09 23:22:46    155900  뉴스 없음
2026-09-09 23:22:46    155960  뉴스 없음
2026-09-09 23:22:48    156100    71건 · 20260909 ~ 20250908
2026-09-09 23:22:49    158310     5건 · 20260819 ~ 20251027
2026-09-09 23:22:49    158380  뉴스 없음
2026-09-09 23:22:51    158430   110건 · 20260902 ~ 20250910
2026-09-09 23:22:52    159010    15건 · 20260908 ~ 20250922
2026-09-09 23:22:53    159580    37건 · 20260824 ~ 20251017
2026-09-09 23:22:54    159650  뉴스 없음
2026-09-09 23:22:55    159910   203건 · 20260909 ~ 20260129
2026-09-09 23:22:56    160550    18건 · 20260720 ~ 20251114
2026-09-09 23:22:57    160600     3건 · 20260821 ~ 20250910
2026-09-09 23:22:59    160980    21건 · 20260817 ~ 20250908
2026-09-09 23:23:00    161000   209건 · 20260907 ~ 20250910
2026-09-09 23:23:01    161570  뉴스 없음
2026-09-09 23:23:02    161580    86건 · 20260908 ~ 20250915
2026-09-09 23:23:04    162300    22건 · 20260908 ~ 20251212
2026-09-09 23:23:05    163280    48건 · 20260830 ~ 20250918
2026-09-09 23:23:07    163560    27건 · 20260826 ~ 20250921
2026-09-09 23:23:08    163730    75건 · 20260909 ~ 20250910
2026-09-09 23:23:09    164060     5건 · 20260225 ~ 20251025
2026-09-09 23:23:11    166090   108건 · 20260909 ~ 20250908
2026-09-09 23:23:12    166480    74건 · 20260908 ~ 20250911
2026-09-09 23:23:13    168330     9건 · 20260903 ~ 20251205
2026-09-09 23:23:14    168360    25건 · 20260817 ~ 20250909
2026-09-09 23:23:15    168490  뉴스 없음
2026-09-09 23:23:17    169330   211건 · 20260909 ~ 20260311
2026-09-09 23:23:18    170030    23건 · 20260901 ~ 20251016
2026-09-09 23:23:20    170790   136건 · 20260903 ~ 20250917
2026-09-09 23:23:21    170920    49건 · 20260807 ~ 20250915
2026-09-09 23:23:22    171010    14건 · 20260814 ~ 20251106
2026-09-09 23:23:24    171090   136건 · 20260909 ~ 20250924
2026-09-09 23:23:25    171120    20건 · 20260909 ~ 20251117
2026-09-09 23:23:25    172580  뉴스 없음
2026-09-09 23:23:27    172670    27건 · 20260909 ~ 20250909
2026-09-09 23:23:28    173130     3건 · 20260227 ~ 20260209
2026-09-09 23:23:29    173940    88건 · 20260830 ~ 20250918
2026-09-09 23:23:30    174880    10건 · 20260203 ~ 20251230
2026-09-09 23:23:32    174900   101건 · 20260908 ~ 20250916
2026-09-09 23:23:33    175140    53건 · 20260901 ~ 20250911
2026-09-09 23:23:35    175250    62건 · 20260908 ~ 20250911
2026-09-09 23:23:36    176440     3건 · 20260525 ~ 20251020
2026-09-09 23:23:38    176750    73건 · 20260907 ~ 20250904
2026-09-09 23:23:39    177350    25건 · 20260708 ~ 20250908
2026-09-09 23:23:40    177830    11건 · 20260721 ~ 20250908
2026-09-09 23:23:41    177900    34건 · 20260828 ~ 20250910
2026-09-09 23:23:43    178320   202건 · 20260908 ~ 20260310
2026-09-09 23:23:44    178780     7건 · 20260828 ~ 20251215
2026-09-09 23:23:45    179290    41건 · 20260821 ~ 20250924
2026-09-09 23:23:47    179530    85건 · 20260909 ~ 20250909
2026-09-09 23:23:49    179900    65건 · 20260903 ~ 20250910
2026-09-09 23:23:50    180400    86건 · 20260830 ~ 20250912
2026-09-09 23:23:51    181340     3건 · 20251112 ~ 20251028
2026-09-09 23:23:53    182360    95건 · 20260813 ~ 20250908
2026-09-09 23:23:54    182400    48건 · 20260720 ~ 20250917
2026-09-09 23:23:55    182690  뉴스 없음
2026-09-09 23:23:57    183190   146건 · 20260908 ~ 20250908
2026-09-09 23:23:58    183300    51건 · 20260824 ~ 20250912
2026-09-09 23:24:00    183490    42건 · 20260822 ~ 20250917
2026-09-09 23:24:01    184230   132건 · 20260907 ~ 20250907
2026-09-09 23:24:03    185490    57건 · 20260904 ~ 20250912
2026-09-09 23:24:04    186230    25건 · 20260818 ~ 20250923
2026-09-09 23:24:06    187220    57건 · 20260825 ~ 20250908
2026-09-09 23:24:07    187270     3건 · 20260814 ~ 20250916
2026-09-09 23:24:08    187420   130건 · 20260909 ~ 20250917
2026-09-09 23:24:10    187660   164건 · 20260909 ~ 20250915
2026-09-09 23:24:11    187790    31건 · 20260819 ~ 20250912
2026-09-09 23:24:13    187870   270건 · 20260909 ~ 20260901
2026-09-09 23:24:14    188040    34건 · 20260908 ~ 20250922
2026-09-09 23:24:15    188260    21건 · 20260828 ~ 20260106
2026-09-09 23:24:17    189300   199건 · 20260902 ~ 20250917
2026-09-09 23:24:19    189330    80건 · 20260909 ~ 20250912
2026-09-09 23:24:20    189690    90건 · 20260909 ~ 20250909
2026-09-09 23:24:22    189860    41건 · 20260908 ~ 20251119
2026-09-09 23:24:23    189980    39건 · 20260903 ~ 20250911
2026-09-09 23:24:25    190510    62건 · 20260907 ~ 20250929
2026-09-09 23:24:27    190650    86건 · 20260908 ~ 20250911
2026-09-09 23:24:28    191410    37건 · 20260909 ~ 20250910
2026-09-09 23:24:29    191420    20건 · 20260814 ~ 20251026
2026-09-09 23:24:31    192250    40건 · 20260825 ~ 20250919
2026-09-09 23:24:32    192390    20건 · 20260819 ~ 20260323
2026-09-09 23:24:34    192410    73건 · 20260901 ~ 20250908
2026-09-09 23:24:35    192440    34건 · 20260826 ~ 20251205
2026-09-09 23:24:37    192650    54건 · 20260827 ~ 20251017
2026-09-09 23:24:38    193250    28건 · 20260821 ~ 20251030
2026-09-09 23:24:40    194370    38건 · 20260827 ~ 20250923
2026-09-09 23:24:41    194480   210건 · 20260908 ~ 20260402
2026-09-09 23:24:42    194510  뉴스 없음
2026-09-09 23:24:42    194610  뉴스 없음
2026-09-09 23:24:44    194700    69건 · 20260909 ~ 20250912
2026-09-09 23:24:45    195440  뉴스 없음
2026-09-09 23:24:46    195500    34건 · 20260908 ~ 20250914
2026-09-09 23:24:47    195870   113건 · 20260908 ~ 20250922
2026-09-09 23:24:49    195990    66건 · 20260720 ~ 20250925
2026-09-09 23:24:51    196170   287건 · 20260909 ~ 20260901
2026-09-09 23:24:52    196300   103건 · 20260908 ~ 20250911
2026-09-09 23:24:54    196450    35건 · 20260825 ~ 20251113
2026-09-09 23:24:55    196490    20건 · 20260814 ~ 20251113
2026-09-09 23:24:56    196700    11건 · 20260825 ~ 20251119
2026-09-09 23:24:57    197140     7건 · 20260831 ~ 20251031
2026-09-09 23:24:58    197210  뉴스 없음
2026-09-09 23:24:58    198080     9건 · 20260818 ~ 20251024
2026-09-09 23:25:00    198440    36건 · 20260903 ~ 20250908
2026-09-09 23:25:01    198940    20건 · 20260814 ~ 20251112
2026-09-09 23:25:03    199430    91건 · 20260907 ~ 20250908
2026-09-09 23:25:04    199480    44건 · 20260901 ~ 20250908
2026-09-09 23:25:06    199550    53건 · 20260814 ~ 20250919
2026-09-09 23:25:07    199730     6건 · 20260802 ~ 20260129
2026-09-09 23:25:08    199820    40건 · 20260827 ~ 20250923
2026-09-09 23:25:10    200130   203건 · 20260909 ~ 20251023
2026-09-09 23:25:11    200230    36건 · 20260728 ~ 20250911
2026-09-09 23:25:13    200350    32건 · 20260826 ~ 20250924
2026-09-09 23:25:15    200470    68건 · 20260906 ~ 20250908
2026-09-09 23:25:16    200670   241건 · 20260909 ~ 20250908
2026-09-09 23:25:18    200710    87건 · 20260908 ~ 20250909
2026-09-09 23:25:19    200780    28건 · 20260902 ~ 20251121
2026-09-09 23:25:21    200880    68건 · 20260909 ~ 20251016
2026-09-09 23:25:22    201490    42건 · 20260813 ~ 20250908
2026-09-09 23:25:24    203400   130건 · 20260909 ~ 20250909
2026-09-09 23:25:26    203450    65건 · 20260909 ~ 20250908
2026-09-09 23:25:27    203650   151건 · 20260909 ~ 20250919
2026-09-09 23:25:28    203690    20건 · 20260827 ~ 20251230
2026-09-09 23:25:29    204020     4건 · 20260615 ~ 20260312
2026-09-09 23:25:31    204210    20건 · 20260602 ~ 20250913
2026-09-09 23:25:32    204610    47건 · 20260827 ~ 20251010
2026-09-09 23:25:34    204620    57건 · 20260908 ~ 20250909
2026-09-09 23:25:35    204630     9건 · 20260610 ~ 20250929
2026-09-09 23:25:36    204840    60건 · 20260909 ~ 20250908
2026-09-09 23:25:37    204990  뉴스 없음
2026-09-09 23:25:39    205100    74건 · 20260904 ~ 20250911
2026-09-09 23:25:40    205470    47건 · 20260827 ~ 20260112
2026-09-09 23:25:42    205500   209건 · 20260907 ~ 20260304
2026-09-09 23:25:43    206400    33건 · 20260816 ~ 20250908
2026-09-09 23:25:44    206560    19건 · 20260821 ~ 20250911
2026-09-09 23:25:46    206640   108건 · 20260908 ~ 20250908
2026-09-09 23:25:47    206650   151건 · 20260909 ~ 20250910
2026-09-09 23:25:49    207760    40건 · 20260903 ~ 20250910
2026-09-09 23:25:50    208140    21건 · 20260626 ~ 20251028
2026-09-09 23:25:51    208340    20건 · 20260827 ~ 20251028
2026-09-09 23:25:53    208350    61건 · 20260907 ~ 20250908
2026-09-09 23:25:54    208370    53건 · 20260907 ~ 20250911
2026-09-09 23:25:56    208640    45건 · 20260828 ~ 20250912
2026-09-09 23:25:58    208710    55건 · 20260826 ~ 20250908
2026-09-09 23:25:59    208860    21건 · 20260904 ~ 20250926
2026-09-09 23:26:01    209640    47건 · 20260716 ~ 20250922
2026-09-09 23:26:02    210120    46건 · 20260828 ~ 20250908
2026-09-09 23:26:03    210540     4건 · 20260813 ~ 20260104
2026-09-09 23:26:05    210980   202건 · 20260906 ~ 20251003
2026-09-09 23:26:06    211050    93건 · 20260909 ~ 20250918
2026-09-09 23:26:08    211270   107건 · 20260824 ~ 20250912
2026-09-09 23:26:09    212560    19건 · 20260907 ~ 20251028
2026-09-09 23:26:10    212710    77건 · 20260817 ~ 20250911
2026-09-09 23:26:11    213090  뉴스 없음
2026-09-09 23:26:13    213420    76건 · 20260909 ~ 20250909
2026-09-09 23:26:14    213500   208건 · 20260909 ~ 20260108
2026-09-09 23:26:16    214180   173건 · 20260903 ~ 20250908
2026-09-09 23:26:17    214260    48건 · 20260821 ~ 20250916
2026-09-09 23:26:19    214270    65건 · 20260901 ~ 20250911
2026-09-09 23:26:20    214310     8건 · 20260622 ~ 20250929
2026-09-09 23:26:21    214330    18건 · 20260907 ~ 20250908
2026-09-09 23:26:23    214390    99건 · 20260902 ~ 20250910
2026-09-09 23:26:24    214420   203건 · 20260909 ~ 20251024
2026-09-09 23:26:26    214430    65건 · 20260825 ~ 20250912
2026-09-09 23:26:27    214610    80건 · 20260904 ~ 20250907
2026-09-09 23:26:29    214680    36건 · 20260909 ~ 20250911
2026-09-09 23:26:29    214870     5건 · 20260707 ~ 20250930
2026-09-09 23:26:31    215000    61건 · 20260907 ~ 20260630
2026-09-09 23:26:32    215090    24건 · 20260820 ~ 20250910
2026-09-09 23:26:34    215100    48건 · 20260602 ~ 20250911
2026-09-09 23:26:36    215200   201건 · 20260908 ~ 20251029
2026-09-09 23:26:37    215360    46건 · 20260807 ~ 20250922
2026-09-09 23:26:39    215380    76건 · 20260818 ~ 20250915
2026-09-09 23:26:40    215480    29건 · 20260819 ~ 20260109
2026-09-09 23:26:42    215790    86건 · 20260826 ~ 20251016
2026-09-09 23:26:43    216050    80건 · 20260904 ~ 20250922
2026-09-09 23:26:45    216080    72건 · 20260907 ~ 20250930
2026-09-09 23:26:46    217190    35건 · 20260908 ~ 20250924
2026-09-09 23:26:48    217270   147건 · 20260909 ~ 20250909
2026-09-09 23:26:49    217330    41건 · 20260813 ~ 20250908
2026-09-09 23:26:51    217480    34건 · 20260904 ~ 20251118
2026-09-09 23:26:52    217500    27건 · 20260814 ~ 20250922
2026-09-09 23:26:52    217600  뉴스 없음
2026-09-09 23:26:54    217620    37건 · 20260728 ~ 20250925
2026-09-09 23:26:56    217730    95건 · 20260831 ~ 20250919
2026-09-09 23:26:57    217820    11건 · 20260819 ~ 20251028
2026-09-09 23:26:58    218150    37건 · 20260902 ~ 20250919
2026-09-09 23:26:59    218410   117건 · 20260905 ~ 20250907
2026-09-09 23:27:01    219130    20건 · 20260715 ~ 20250915
2026-09-09 23:27:02    219420     4건 · 20260729 ~ 20260114
2026-09-09 23:27:03    219550    32건 · 20260716 ~ 20250911
2026-09-09 23:27:04    219750    18건 · 20260721 ~ 20251120
2026-09-09 23:27:05    220100   112건 · 20260909 ~ 20250907
2026-09-09 23:27:07    220180    85건 · 20260831 ~ 20250909
2026-09-09 23:27:08    220260    24건 · 20260827 ~ 20251023
2026-09-09 23:27:10    220630   203건 · 20260909 ~ 20260605
2026-09-09 23:27:11    221610  뉴스 없음
2026-09-09 23:27:12    221800    80건 · 20260831 ~ 20251029
2026-09-09 23:27:13    221840    27건 · 20260903 ~ 20250921
2026-09-09 23:27:14    221980     1건 · 20260310 ~ 20260310
2026-09-09 23:27:16    222040    62건 · 20260907 ~ 20250907
2026-09-09 23:27:17    222080    99건 · 20260907 ~ 20250911
2026-09-09 23:27:19    222110    40건 · 20260819 ~ 20250925
2026-09-09 23:27:20    222160    15건 · 20260827 ~ 20251123
2026-09-09 23:27:22    222420    43건 · 20260812 ~ 20251010
2026-09-09 23:27:23    222800   233건 · 20260909 ~ 20260427
2026-09-09 23:27:24    222810     7건 · 20260326 ~ 20260212
2026-09-09 23:27:25    222980    20건 · 20260814 ~ 20250930
2026-09-09 23:27:27    223250    51건 · 20260902 ~ 20250921
2026-09-09 23:27:29    223310   206건 · 20260909 ~ 20260622
2026-09-09 23:27:30    224060    26건 · 20260909 ~ 20250917
2026-09-09 23:27:31    224110    14건 · 20260701 ~ 20251103
2026-09-09 23:27:32    225190    89건 · 20260902 ~ 20250911
2026-09-09 23:27:34    225220    70건 · 20260826 ~ 20250911
2026-09-09 23:27:35    225330     1건 · 20260818 ~ 20260818
2026-09-09 23:27:37    225430   108건 · 20260909 ~ 20250930
2026-09-09 23:27:38    225530     8건 · 20260820 ~ 20251119
2026-09-09 23:27:39    225570   202건 · 20260909 ~ 20251110
2026-09-09 23:27:41    225590   147건 · 20260909 ~ 20250912
2026-09-09 23:27:41    225650  뉴스 없음
2026-09-09 23:27:43    226320    33건 · 20260908 ~ 20251001
2026-09-09 23:27:44    226330   163건 · 20260908 ~ 20250911
2026-09-09 23:27:46    226340    31건 · 20260907 ~ 20250918
2026-09-09 23:27:46    226350  뉴스 없음
2026-09-09 23:27:47    226360    19건 · 20260709 ~ 20251219
2026-09-09 23:27:49    226400    21건 · 20260814 ~ 20250908
2026-09-09 23:27:50    226440     4건 · 20251105 ~ 20250930
2026-09-09 23:27:51    226590    35건 · 20260901 ~ 20250908
2026-09-09 23:27:53    226950   201건 · 20260907 ~ 20251124
2026-09-09 23:27:54    227100    17건 · 20260630 ~ 20251103
2026-09-09 23:27:55    227610    39건 · 20260814 ~ 20250908
2026-09-09 23:27:56    227840     3건 · 20260701 ~ 20260206
2026-09-09 23:27:57    227950    28건 · 20260820 ~ 20260202
2026-09-09 23:27:59    228340    32건 · 20260908 ~ 20260130
2026-09-09 23:28:00    228670    53건 · 20260902 ~ 20250915
2026-09-09 23:28:02    228760    56건 · 20260819 ~ 20250909
2026-09-09 23:28:03    228850    20건 · 20260902 ~ 20251110
2026-09-09 23:28:05    229000    83건 · 20260909 ~ 20250919
2026-09-09 23:28:06    229640   211건 · 20260909 ~ 20260414
2026-09-09 23:28:08    230240    71건 · 20260905 ~ 20250918
2026-09-09 23:28:10    230360    83건 · 20260813 ~ 20250908
2026-09-09 23:28:11    230980    19건 · 20260706 ~ 20250924
2026-09-09 23:28:12    232140    35건 · 20260902 ~ 20250918
2026-09-09 23:28:14    232680    59건 · 20260902 ~ 20251027
2026-09-09 23:28:16    232830    70건 · 20260904 ~ 20250919
2026-09-09 23:28:17    234030    26건 · 20260819 ~ 20250912
2026-09-09 23:28:18    234080    53건 · 20260907 ~ 20250914
2026-09-09 23:28:20    234100    75건 · 20260827 ~ 20250910
2026-09-09 23:28:21    234300    24건 · 20260907 ~ 20250917
2026-09-09 23:28:23    234340   206건 · 20260909 ~ 20260126
2026-09-09 23:28:24    234690   190건 · 20260908 ~ 20250908
2026-09-09 23:28:26    234920    20건 · 20260521 ~ 20251022
2026-09-09 23:28:27    235980    86건 · 20260901 ~ 20250910
2026-09-09 23:28:29    236200    41건 · 20260902 ~ 20250908
2026-09-09 23:28:30    236810    62건 · 20260907 ~ 20250909
2026-09-09 23:28:32    237750    23건 · 20260701 ~ 20250916
2026-09-09 23:28:33    237820    54건 · 20260909 ~ 20250917
2026-09-09 23:28:35    237880   101건 · 20260909 ~ 20250908
2026-09-09 23:28:36    238090    13건 · 20260617 ~ 20250917
2026-09-09 23:28:37    238120    19건 · 20260805 ~ 20250909
2026-09-09 23:28:38    238200    56건 · 20260907 ~ 20250919
2026-09-09 23:28:40    238490    20건 · 20260724 ~ 20251106
2026-09-09 23:28:41    239340    80건 · 20260903 ~ 20250909
2026-09-09 23:28:42    239610     9건 · 20260819 ~ 20251229
2026-09-09 23:28:43    239890     5건 · 20260907 ~ 20251230
2026-09-09 23:28:44    240550    23건 · 20260828 ~ 20250922
2026-09-09 23:28:46    240600    57건 · 20260826 ~ 20250911
2026-09-09 23:28:48    241520   195건 · 20260902 ~ 20250907
2026-09-09 23:28:49    241590    19건 · 20260728 ~ 20250921
2026-09-09 23:28:50    241690    43건 · 20260824 ~ 20250930
2026-09-09 23:28:52    241710   208건 · 20260909 ~ 20260223
2026-09-09 23:28:53    241770    25건 · 20260812 ~ 20250922
2026-09-09 23:28:54    241790    16건 · 20260626 ~ 20251009
2026-09-09 23:28:55    241820     7건 · 20260822 ~ 20251010
2026-09-09 23:28:56    241840    30건 · 20260616 ~ 20251001
2026-09-09 23:28:58    242040    77건 · 20260907 ~ 20250911
2026-09-09 23:28:59    243840    12건 · 20260827 ~ 20250916
2026-09-09 23:29:00    244460    34건 · 20260901 ~ 20251001
2026-09-09 23:29:02    244920   144건 · 20260907 ~ 20250909
2026-09-09 23:29:03    245620    20건 · 20260729 ~ 20251120
2026-09-09 23:29:05    246250    40건 · 20260725 ~ 20250909
2026-09-09 23:29:06    246690   113건 · 20260904 ~ 20251017
2026-09-09 23:29:08    246710    89건 · 20260907 ~ 20250908
2026-09-09 23:29:09    246720    20건 · 20260730 ~ 20250922
2026-09-09 23:29:11    246960    84건 · 20260904 ~ 20250909
2026-09-09 23:29:12    247660    28건 · 20260909 ~ 20260128
2026-09-09 23:29:14    248170   173건 · 20260908 ~ 20250910
2026-09-09 23:29:15    250000    41건 · 20260907 ~ 20250930
2026-09-09 23:29:17    250060    33건 · 20260807 ~ 20251125
2026-09-09 23:29:18    250930    35건 · 20260909 ~ 20251027
2026-09-09 23:29:20    251120    20건 · 20260831 ~ 20250924
2026-09-09 23:29:21    251370    34건 · 20260909 ~ 20250917
2026-09-09 23:29:22    251630    29건 · 20260709 ~ 20251020
2026-09-09 23:29:24    251970    55건 · 20260908 ~ 20250908
2026-09-09 23:29:25    252500    20건 · 20260901 ~ 20250918
2026-09-09 23:29:27    252990    47건 · 20260831 ~ 20250922
2026-09-09 23:29:28    253590    32건 · 20260817 ~ 20250930
2026-09-09 23:29:29    253840    49건 · 20260828 ~ 20250910
2026-09-09 23:29:31    254120    31건 · 20260902 ~ 20251117
2026-09-09 23:29:32    254490   207건 · 20260909 ~ 20251120
2026-09-09 23:29:34    255220    94건 · 20260907 ~ 20250924
2026-09-09 23:29:35    255440    16건 · 20260819 ~ 20251002
2026-09-09 23:29:36    256150     2건 · 20260908 ~ 20260628
2026-09-09 23:29:37    256630    10건 · 20260716 ~ 20260205
2026-09-09 23:29:38    256840    41건 · 20260909 ~ 20250908
2026-09-09 23:29:40    256940    46건 · 20260907 ~ 20250926
2026-09-09 23:29:41    257370    20건 · 20260907 ~ 20250909
2026-09-09 23:29:43    257720   212건 · 20260909 ~ 20260615
2026-09-09 23:29:44    258610     4건 · 20260715 ~ 20251216
2026-09-09 23:29:46    258790   161건 · 20260826 ~ 20250909
2026-09-09 23:29:47    258830    43건 · 20260909 ~ 20250923
2026-09-09 23:29:49    259630   131건 · 20260820 ~ 20250907
2026-09-09 23:29:50    260660    26건 · 20260824 ~ 20251002
2026-09-09 23:29:52    260930    50건 · 20260810 ~ 20250912
2026-09-09 23:29:53    260970    33건 · 20260722 ~ 20250917
2026-09-09 23:29:54    261200    21건 · 20260903 ~ 20251114
2026-09-09 23:29:56    261520   104건 · 20260904 ~ 20250910
2026-09-09 23:29:58    261780   115건 · 20260908 ~ 20250908
2026-09-09 23:29:59    262260    39건 · 20260908 ~ 20251011
2026-09-09 23:30:01    262840    49건 · 20260909 ~ 20250925
2026-09-09 23:30:02    263020    30건 · 20260824 ~ 20250908
2026-09-09 23:30:04    263050    39건 · 20260822 ~ 20251203
2026-09-09 23:30:04    263540  뉴스 없음
2026-09-09 23:30:06    263600    21건 · 20260826 ~ 20250922
2026-09-09 23:30:07    263690    20건 · 20260820 ~ 20251216
2026-09-09 23:30:08    263700    34건 · 20260902 ~ 20250917
2026-09-09 23:30:10    263720    56건 · 20260824 ~ 20250916
2026-09-09 23:30:11    263770    14건 · 20260708 ~ 20260121
2026-09-09 23:30:13    263800   204건 · 20260909 ~ 20251222
2026-09-09 23:30:14    263810     5건 · 20260615 ~ 20251014
2026-09-09 23:30:15    263860   213건 · 20260909 ~ 20260129
2026-09-09 23:30:17    263920    55건 · 20260907 ~ 20250911
2026-09-09 23:30:18    264450    19건 · 20260821 ~ 20251016
2026-09-09 23:30:19    264660    26건 · 20260718 ~ 20250904
2026-09-09 23:30:20    264850    23건 · 20260807 ~ 20250926
2026-09-09 23:30:22    264900   165건 · 20260905 ~ 20250908
2026-09-09 23:30:23    265560    12건 · 20260410 ~ 20250912
2026-09-09 23:30:24    265740    20건 · 20260907 ~ 20251022
2026-09-09 23:30:26    267260   218건 · 20260909 ~ 20260729
2026-09-09 23:30:27    267290    42건 · 20260907 ~ 20250917
2026-09-09 23:30:29    267320    66건 · 20260828 ~ 20250912
2026-09-09 23:30:30    267790    24건 · 20260828 ~ 20250922
2026-09-09 23:30:32    267850    59건 · 20260902 ~ 20250917
2026-09-09 23:30:33    268600    20건 · 20260825 ~ 20250930
2026-09-09 23:30:34    269620    11건 · 20260824 ~ 20250922
2026-09-09 23:30:36    270520    40건 · 20260831 ~ 20250909
2026-09-09 23:30:37    270660   128건 · 20260909 ~ 20250915
2026-09-09 23:30:39    270870    54건 · 20260826 ~ 20250926
2026-09-09 23:30:40    271830    31건 · 20260818 ~ 20251013
2026-09-09 23:30:42    271980   190건 · 20260909 ~ 20250909
2026-09-09 23:30:43    272110    40건 · 20260902 ~ 20250912
2026-09-09 23:30:45    272450   152건 · 20260904 ~ 20250917
2026-09-09 23:30:46    272550    45건 · 20260827 ~ 20251104
2026-09-09 23:30:48    273060    74건 · 20260908 ~ 20250916
2026-09-09 23:30:49    273640    18건 · 20260818 ~ 20251001
2026-09-09 23:30:51    274090   108건 · 20260825 ~ 20250930
2026-09-09 23:30:52    274400    46건 · 20260709 ~ 20250912
2026-09-09 23:30:53    275630    28건 · 20260819 ~ 20251209
2026-09-09 23:30:55    276040    56건 · 20260806 ~ 20250916
2026-09-09 23:30:57    276730    73건 · 20260824 ~ 20250921
2026-09-09 23:30:58    277070    10건 · 20260519 ~ 20250914
2026-09-09 23:30:59    277410    26건 · 20260908 ~ 20250925
2026-09-09 23:31:00    277880    34건 · 20260904 ~ 20250915
2026-09-09 23:31:02    278650   122건 · 20260909 ~ 20250923
2026-09-09 23:31:04    279600    39건 · 20260908 ~ 20250916
2026-09-09 23:31:05    281740    26건 · 20260812 ~ 20250919
2026-09-09 23:31:07    281820    88건 · 20260827 ~ 20250914
2026-09-09 23:31:08    282620    66건 · 20260909 ~ 20260726
2026-09-09 23:31:09    282690     2건 · 20260104 ~ 20251001
2026-09-09 23:31:11    282720    37건 · 20260904 ~ 20250915
2026-09-09 23:31:12    282880    58건 · 20260909 ~ 20250903
2026-09-09 23:31:14    284620    36건 · 20260822 ~ 20250926
2026-09-09 23:31:15    28513K     7건 · 20260622 ~ 20251023
2026-09-09 23:31:16    285490    27건 · 20260427 ~ 20251010
2026-09-09 23:31:17    285800    38건 · 20260907 ~ 20250924
2026-09-09 23:31:19    286750    54건 · 20260907 ~ 20250912
2026-09-09 23:31:20    288180    39건 · 20260818 ~ 20251020
2026-09-09 23:31:22    288330    78건 · 20260831 ~ 20250912
2026-09-09 23:31:23    288620    21건 · 20260902 ~ 20250911
2026-09-09 23:31:25    288980    36건 · 20260907 ~ 20250929
2026-09-09 23:31:26    289010    93건 · 20260908 ~ 20250923
2026-09-09 23:31:28    289080   131건 · 20260908 ~ 20250915
2026-09-09 23:31:29    289220    19건 · 20260907 ~ 20251001
2026-09-09 23:31:30    289930    40건 · 20260724 ~ 20251007
2026-09-09 23:31:31    290090     3건 · 20260831 ~ 20260720
2026-09-09 23:31:33    290120    39건 · 20260908 ~ 20251031
2026-09-09 23:31:35    290270    71건 · 20260908 ~ 20250918
2026-09-09 23:31:36    290380     7건 · 20260601 ~ 20251028
2026-09-09 23:31:36    290510     3건 · 20260407 ~ 20251124
2026-09-09 23:31:37    290520    12건 · 20260903 ~ 20251023
2026-09-09 23:31:39    290550    31건 · 20260908 ~ 20251104
2026-09-09 23:31:40    290560    60건 · 20260904 ~ 20260115
2026-09-09 23:31:42    290650   205건 · 20260909 ~ 20260105
2026-09-09 23:31:44    290660    99건 · 20260831 ~ 20250912
2026-09-09 23:31:44    290670    19건 · 20260824 ~ 20251031
2026-09-09 23:31:46    290690   111건 · 20260908 ~ 20250912
2026-09-09 23:31:48    290720    37건 · 20260904 ~ 20250916
2026-09-09 23:31:49    290740    27건 · 20260820 ~ 20251112
2026-09-09 23:31:51    291230    34건 · 20260827 ~ 20260113
2026-09-09 23:31:52    291650    40건 · 20260826 ~ 20250909
2026-09-09 23:31:53    291810    21건 · 20260907 ~ 20251020
2026-09-09 23:31:54    293480    20건 · 20260904 ~ 20251124
2026-09-09 23:31:56    293580    94건 · 20260901 ~ 20250910
2026-09-09 23:31:58    293780    66건 · 20260830 ~ 20251023
2026-09-09 23:31:59    293940    40건 · 20260901 ~ 20250924
2026-09-09 23:32:01    294090    48건 · 20260825 ~ 20250916
2026-09-09 23:32:02    294140    18건 · 20260805 ~ 20251020
2026-09-09 23:32:03    294570   124건 · 20260907 ~ 20250911
2026-09-09 23:32:04    294630    12건 · 20260904 ~ 20260122
2026-09-09 23:32:06    295310   201건 · 20260909 ~ 20250918
2026-09-09 23:32:07    296640    68건 · 20260908 ~ 20250915
2026-09-09 23:32:09    297090    23건 · 20260804 ~ 20250908
2026-09-09 23:32:10    297570    53건 · 20260902 ~ 20251015
2026-09-09 23:32:11    297890    16건 · 20260811 ~ 20251212
2026-09-09 23:32:13    298000    23건 · 20260908 ~ 20250924
2026-09-09 23:32:14    298040   200건 · 20260907 ~ 20260112
2026-09-09 23:32:16    298050    61건 · 20260909 ~ 20260601
2026-09-09 23:32:17    298060    55건 · 20260818 ~ 20250908
2026-09-09 23:32:19    298540    70건 · 20260909 ~ 20250915
2026-09-09 23:32:21    298690   214건 · 20260909 ~ 20260611
2026-09-09 23:32:22    298830   106건 · 20260909 ~ 20250903
2026-09-09 23:32:24    298870    61건 · 20260904 ~ 20260610
2026-09-09 23:32:25    299030    35건 · 20260722 ~ 20251022
2026-09-09 23:32:27    299170    66건 · 20260908 ~ 20250910
2026-09-09 23:32:28    299660    38건 · 20260902 ~ 20250909
2026-09-09 23:32:30    299900    50건 · 20260824 ~ 20251114
2026-09-09 23:32:30    299910  뉴스 없음
2026-09-09 23:32:32    300080   129건 · 20260909 ~ 20250908
2026-09-09 23:32:34    300120   111건 · 20260908 ~ 20250909
2026-09-09 23:32:35    301300   130건 · 20260906 ~ 20250908
2026-09-09 23:32:37    302430    57건 · 20260908 ~ 20250919
2026-09-09 23:32:38    302550     9건 · 20260903 ~ 20250915
2026-09-09 23:32:39    303030    33건 · 20260831 ~ 20250908
2026-09-09 23:32:40    303360    24건 · 20260901 ~ 20250907
2026-09-09 23:32:42    303530    20건 · 20260814 ~ 20251022
2026-09-09 23:32:43    303810    68건 · 20260825 ~ 20250903
2026-09-09 23:32:45    304100   217건 · 20260909 ~ 20260211
2026-09-09 23:32:47    304360    73건 · 20260819 ~ 20250909
2026-09-09 23:32:48    304840    88건 · 20260909 ~ 20250930
2026-09-09 23:32:50    305090    66건 · 20260906 ~ 20250915
2026-09-09 23:32:51    306040    66건 · 20260904 ~ 20250910
2026-09-09 23:32:53    306200    90건 · 20260903 ~ 20250912
2026-09-09 23:32:55    306620    72건 · 20260827 ~ 20250907
2026-09-09 23:32:56    307180   136건 · 20260908 ~ 20250909
2026-09-09 23:32:57    307280    28건 · 20260818 ~ 20250912
2026-09-09 23:32:59    307750    39건 · 20260724 ~ 20250909
2026-09-09 23:33:00    307870    61건 · 20260909 ~ 20251001
2026-09-09 23:33:02    307930   170건 · 20260909 ~ 20250903
2026-09-09 23:33:04    308080   115건 · 20260901 ~ 20250912
2026-09-09 23:33:05    308100   141건 · 20260908 ~ 20250914
2026-09-09 23:33:06    308170    25건 · 20260814 ~ 20251030
2026-09-09 23:33:08    308430    55건 · 20260908 ~ 20250907
2026-09-09 23:33:10    309930    94건 · 20260904 ~ 20250912
2026-09-09 23:33:11    309960   203건 · 20260909 ~ 20250920
2026-09-09 23:33:13    310200    26건 · 20260903 ~ 20250916
2026-09-09 23:33:14    310870    21건 · 20260909 ~ 20250929
2026-09-09 23:33:15    311320    19건 · 20260812 ~ 20250923
2026-09-09 23:33:16    311390     9건 · 20260814 ~ 20250911
2026-09-09 23:33:17    311690    53건 · 20260901 ~ 20250910
2026-09-09 23:33:19    312610    30건 · 20260909 ~ 20260421
2026-09-09 23:33:21    313760   111건 · 20260909 ~ 20250909
2026-09-09 23:33:22    314130   149건 · 20260904 ~ 20250909
2026-09-09 23:33:24    314140    62건 · 20260904 ~ 20250909
2026-09-09 23:33:25    314930    29건 · 20260819 ~ 20251001
2026-09-09 23:33:27    315640   159건 · 20260908 ~ 20250908
2026-09-09 23:33:28    317120    27건 · 20260903 ~ 20250916
2026-09-09 23:33:29    317240   102건 · 20260902 ~ 20250917
2026-09-09 23:33:31    317330    40건 · 20260909 ~ 20250909
2026-09-09 23:33:33    317400   203건 · 20260909 ~ 20251209
2026-09-09 23:33:34    317530    69건 · 20260907 ~ 20251013
2026-09-09 23:33:36    317690    47건 · 20260909 ~ 20250915
2026-09-09 23:33:37    317770    71건 · 20260902 ~ 20250915
2026-09-09 23:33:39    317830    29건 · 20260706 ~ 20250915
2026-09-09 23:33:40    317850    20건 · 20260903 ~ 20250919
2026-09-09 23:33:41    317870    28건 · 20260821 ~ 20251021
2026-09-09 23:33:42    318000     3건 · 20260311 ~ 20260129
2026-09-09 23:33:43    318010    10건 · 20260819 ~ 20251118
2026-09-09 23:33:45    318020    37건 · 20260909 ~ 20250921
2026-09-09 23:33:46    318060   121건 · 20260908 ~ 20250907
2026-09-09 23:33:47    318160    18건 · 20260710 ~ 20250908
2026-09-09 23:33:48    318410     2건 · 20260204 ~ 20260204
2026-09-09 23:33:50    319400   201건 · 20260904 ~ 20260127
2026-09-09 23:33:52    319660    60건 · 20260908 ~ 20260720
2026-09-09 23:33:53    320000    56건 · 20260901 ~ 20250910
2026-09-09 23:33:54    321260    17건 · 20260714 ~ 20250916
2026-09-09 23:33:56    321370   118건 · 20260904 ~ 20250916
2026-09-09 23:33:57    321550    89건 · 20260907 ~ 20250912
2026-09-09 23:33:59    321820    40건 · 20260902 ~ 20250915
2026-09-09 23:34:00    322000   202건 · 20260907 ~ 20260306
2026-09-09 23:34:02    322180    44건 · 20260717 ~ 20250909
2026-09-09 23:34:03    322310    38건 · 20260907 ~ 20250911
2026-09-09 23:34:05    322510   176건 · 20260901 ~ 20250911
2026-09-09 23:34:07    322780    66건 · 20260907 ~ 20250908
2026-09-09 23:34:07    323230  뉴스 없음
2026-09-09 23:34:09    323280    62건 · 20260908 ~ 20250908
2026-09-09 23:34:10    323350    32건 · 20260813 ~ 20251105
2026-09-09 23:34:12    323990    66건 · 20260909 ~ 20250912
2026-09-09 23:34:13    327260   152건 · 20260909 ~ 20250907
2026-09-09 23:34:15    328380    62건 · 20260908 ~ 20250910
2026-09-09 23:34:16    330350    69건 · 20260903 ~ 20250919
2026-09-09 23:34:18    330730   182건 · 20260908 ~ 20250910
2026-09-09 23:34:19    330860    32건 · 20260907 ~ 20250922
2026-09-09 23:34:21    331380    75건 · 20260826 ~ 20250919
2026-09-09 23:34:23    331520    61건 · 20260904 ~ 20251001
2026-09-09 23:34:24    331740    98건 · 20260909 ~ 20250915
2026-09-09 23:34:25    331920    29건 · 20260904 ~ 20250910
2026-09-09 23:34:27    332290    23건 · 20260908 ~ 20250915
2026-09-09 23:34:28    332370     3건 · 20251111 ~ 20251111
2026-09-09 23:34:29    332570    46건 · 20260909 ~ 20250908
2026-09-09 23:34:30    333430    12건 · 20260805 ~ 20250908
2026-09-09 23:34:31    333620    13건 · 20260427 ~ 20250903
2026-09-09 23:34:32    334890    30건 · 20260828 ~ 20251017
2026-09-09 23:34:34    334970    60건 · 20260825 ~ 20250908
2026-09-09 23:34:35    335810    29건 · 20260804 ~ 20251017
2026-09-09 23:34:36    335870    12건 · 20260712 ~ 20251028
2026-09-09 23:34:38    335890    30건 · 20260828 ~ 20250922
2026-09-09 23:34:39    336060    33건 · 20260908 ~ 20251125
2026-09-09 23:34:40    33626K    10건 · 20260907 ~ 20251015
2026-09-09 23:34:41    33626L     5건 · 20260907 ~ 20251028
2026-09-09 23:34:43    336370    60건 · 20260906 ~ 20260430
2026-09-09 23:34:44    33637K    10건 · 20260831 ~ 20251112
2026-09-09 23:34:45    33637L     6건 · 20260209 ~ 20251112
2026-09-09 23:34:46    336680    45건 · 20260908 ~ 20250925
2026-09-09 23:34:48    337930   203건 · 20260909 ~ 20251105
2026-09-09 23:34:49    338100    12건 · 20260904 ~ 20251124
2026-09-09 23:34:50    338220   121건 · 20260905 ~ 20250908
2026-09-09 23:34:52    338840    88건 · 20260906 ~ 20250921
2026-09-09 23:34:54    339770   213건 · 20260909 ~ 20260508
2026-09-09 23:34:55    339950    24건 · 20260903 ~ 20251114
2026-09-09 23:34:57    340360    90건 · 20260908 ~ 20250911
2026-09-09 23:34:58    340440    27건 · 20260724 ~ 20251113
2026-09-09 23:34:59    340450    45건 · 20260814 ~ 20250908
2026-09-09 23:35:00    340570    19건 · 20260827 ~ 20250917
2026-09-09 23:35:02    340810    49건 · 20260907 ~ 20250919
2026-09-09 23:35:04    340930   103건 · 20260819 ~ 20250925
2026-09-09 23:35:05    342870    37건 · 20260826 ~ 20250909
2026-09-09 23:35:06    344820    92건 · 20260907 ~ 20250908
2026-09-09 23:35:08    344860    58건 · 20260706 ~ 20250918
2026-09-09 23:35:09    347000    26건 · 20260814 ~ 20251021
2026-09-09 23:35:11    347700   188건 · 20260904 ~ 20250929
2026-09-09 23:35:12    347740    41건 · 20260909 ~ 20250910
2026-09-09 23:35:13    347770     5건 · 20260723 ~ 20260313
2026-09-09 23:35:15    347860    50건 · 20260907 ~ 20250909
2026-09-09 23:35:17    347890    37건 · 20260818 ~ 20251029
2026-09-09 23:35:18    348030    11건 · 20260804 ~ 20251029
2026-09-09 23:35:19    348080    61건 · 20260909 ~ 20250912
2026-09-09 23:35:21    348150    35건 · 20260805 ~ 20250910
2026-09-09 23:35:22    348210    28건 · 20260825 ~ 20250909
2026-09-09 23:35:24    348340   207건 · 20260909 ~ 20260125
2026-09-09 23:35:25    348350    29건 · 20260819 ~ 20250930
2026-09-09 23:35:26    350520    20건 · 20260901 ~ 20251030
2026-09-09 23:35:27    351320    53건 · 20260909 ~ 20251215
2026-09-09 23:35:28    351330    12건 · 20260714 ~ 20251016
2026-09-09 23:35:30    351870    44건 · 20260903 ~ 20250926
2026-09-09 23:35:31    352090    12건 · 20260901 ~ 20251126
2026-09-09 23:35:33    352480   139건 · 20260907 ~ 20250907
2026-09-09 23:35:34    352700    18건 · 20260715 ~ 20251103
2026-09-09 23:35:35    352770    33건 · 20260824 ~ 20250912
2026-09-09 23:35:36    352910    52건 · 20260908 ~ 20250911
2026-09-09 23:35:38    352940    20건 · 20260813 ~ 20260319
2026-09-09 23:35:39    353190    14건 · 20260826 ~ 20250918
2026-09-09 23:35:40    35320K    11건 · 20260512 ~ 20251010
2026-09-09 23:35:41    353590    15건 · 20260812 ~ 20251117
2026-09-09 23:35:42    353810    15건 · 20260609 ~ 20250910
2026-09-09 23:35:43    354200   107건 · 20260909 ~ 20250912
2026-09-09 23:35:45    354320    24건 · 20260518 ~ 20250930
2026-09-09 23:35:45    355150    20건 · 20260714 ~ 20251014
2026-09-09 23:35:47    355390   207건 · 20260909 ~ 20250907
2026-09-09 23:35:49    355690    56건 · 20260903 ~ 20251002
2026-09-09 23:35:50    356680   188건 · 20260909 ~ 20250908
2026-09-09 23:35:52    356860    72건 · 20260901 ~ 20250910
2026-09-09 23:35:54    356890    80건 · 20260615 ~ 20250910
2026-09-09 23:35:55    357230    70건 · 20260902 ~ 20250908
2026-09-09 23:35:56    357250    10건 · 20260715 ~ 20251127
2026-09-09 23:35:58    357430    36건 · 20260821 ~ 20251207
2026-09-09 23:35:59    357550    25건 · 20260713 ~ 20251021
2026-09-09 23:36:00    357580    25건 · 20260909 ~ 20250909
2026-09-09 23:36:02    357880   101건 · 20260907 ~ 20250910
2026-09-09 23:36:03    359090    57건 · 20260902 ~ 20251001
2026-09-09 23:36:05    360070    44건 · 20260713 ~ 20250910
2026-09-09 23:36:06    360350    30건 · 20260820 ~ 20250908
2026-09-09 23:36:08    361390    40건 · 20260904 ~ 20251114
2026-09-09 23:36:09    361570    21건 · 20260903 ~ 20250908
2026-09-09 23:36:10    361670     7건 · 20260512 ~ 20251021
2026-09-09 23:36:12    362320    45건 · 20260831 ~ 20250917
2026-09-09 23:36:13    362990    21건 · 20260629 ~ 20250922
2026-09-09 23:36:14    363250    16건 · 20260909 ~ 20260114
2026-09-09 23:36:16    363260    60건 · 20260908 ~ 20250916
2026-09-09 23:36:17    363280    44건 · 20260831 ~ 20250910
2026-09-09 23:36:18    36328K     8건 · 20260601 ~ 20251027
2026-09-09 23:36:20    364950    41건 · 20260909 ~ 20250925
2026-09-09 23:36:21    365270    63건 · 20260902 ~ 20250908
2026-09-09 23:36:23    365330    39건 · 20260903 ~ 20250908
2026-09-09 23:36:24    365590    26건 · 20260614 ~ 20251020
2026-09-09 23:36:26    365660   176건 · 20260909 ~ 20251020
2026-09-09 23:36:27    365900    21건 · 20260831 ~ 20250909
2026-09-09 23:36:28    366030    20건 · 20260828 ~ 20250926
2026-09-09 23:36:30    367000   106건 · 20260907 ~ 20250912
2026-09-09 23:36:31    368600    55건 · 20260908 ~ 20250929
2026-09-09 23:36:33    368770    38건 · 20260909 ~ 20251113
2026-09-09 23:36:34    368970    98건 · 20260909 ~ 20250923
2026-09-09 23:36:35    369370    22건 · 20260626 ~ 20251112
2026-09-09 23:36:36    370090    15건 · 20260809 ~ 20251209
2026-09-09 23:36:37    371950    19건 · 20260907 ~ 20251216
2026-09-09 23:36:38    372170     8건 · 20260805 ~ 20250914
2026-09-09 23:36:40    372800    52건 · 20260901 ~ 20250919
2026-09-09 23:36:42    372910    77건 · 20260814 ~ 20250909
2026-09-09 23:36:43    373110    92건 · 20260907 ~ 20250910
2026-09-09 23:36:45    373160   174건 · 20260904 ~ 20250909
2026-09-09 23:36:46    373170    67건 · 20260904 ~ 20250919
2026-09-09 23:36:48    373200    31건 · 20260807 ~ 20251015
2026-09-09 23:36:49    37550K     2건 · 20260320 ~ 20251107
2026-09-09 23:36:50    37550L     6건 · 20260623 ~ 20250929
2026-09-09 23:36:51    376180    29건 · 20260907 ~ 20250915
2026-09-09 23:36:52    376190     2건 · 20260803 ~ 20260521
2026-09-09 23:36:54    376270    80건 · 20260909 ~ 20250917
2026-09-09 23:36:55    376290     2건 · 20260616 ~ 20260514
2026-09-09 23:36:56    376900    61건 · 20260909 ~ 20260526
2026-09-09 23:36:58    376930    91건 · 20260907 ~ 20250908
2026-09-09 23:36:59    376980   180건 · 20260831 ~ 20250911
2026-09-09 23:37:01    377030    89건 · 20260907 ~ 20250907
2026-09-09 23:37:02    377190    35건 · 20260901 ~ 20250912
2026-09-09 23:37:04    377220    96건 · 20260907 ~ 20251118
2026-09-09 23:37:05    377330    20건 · 20260702 ~ 20250925
2026-09-09 23:37:06    377450    16건 · 20260904 ~ 20250928
2026-09-09 23:37:07    377460    33건 · 20260825 ~ 20251002
2026-09-09 23:37:09    377480   178건 · 20260909 ~ 20250909
2026-09-09 23:37:11    378340    39건 · 20260820 ~ 20250922
2026-09-09 23:37:12    378800    91건 · 20260904 ~ 20250911
2026-09-09 23:37:13    378850     4건 · 20251016 ~ 20250908
2026-09-09 23:37:14    380320     1건 · 20251209 ~ 20251209
2026-09-09 23:37:15    380440  뉴스 없음
2026-09-09 23:37:16    380540    70건 · 20260529 ~ 20250909
2026-09-09 23:37:18    380550   144건 · 20260907 ~ 20250909
2026-09-09 23:37:20    381620    60건 · 20260904 ~ 20250912
2026-09-09 23:37:21    382150    99건 · 20260901 ~ 20250919
2026-09-09 23:37:23    382480    47건 · 20260814 ~ 20251017
2026-09-09 23:37:24    382800    33건 · 20260819 ~ 20250914
2026-09-09 23:37:25    382840     5건 · 20260529 ~ 20251210
2026-09-09 23:37:27    382900    61건 · 20260909 ~ 20250907
2026-09-09 23:37:28    383930    67건 · 20260824 ~ 20250908
2026-09-09 23:37:30    384470   116건 · 20260909 ~ 20250910
2026-09-09 23:37:31    387570    42건 · 20260903 ~ 20250907
2026-09-09 23:37:33    387690    86건 · 20260907 ~ 20260202
2026-09-09 23:37:35    388050    40건 · 20260909 ~ 20250907
2026-09-09 23:37:36    388610    46건 · 20260820 ~ 20250912
2026-09-09 23:37:38    388720   124건 · 20260909 ~ 20250907
2026-09-09 23:37:39    388790    47건 · 20260909 ~ 20250924
2026-09-09 23:37:41    388870   138건 · 20260902 ~ 20250918
2026-09-09 23:37:42    389020    50건 · 20260814 ~ 20250923
2026-09-09 23:37:44    389030    87건 · 20260907 ~ 20250908
2026-09-09 23:37:46    389140    82건 · 20260901 ~ 20250908
2026-09-09 23:37:47    389260    91건 · 20260819 ~ 20250922
2026-09-09 23:37:49    389470   205건 · 20260909 ~ 20251121
2026-09-09 23:37:50    389500   126건 · 20260825 ~ 20250917
2026-09-09 23:37:52    389650    60건 · 20260820 ~ 20251128
2026-09-09 23:37:54    389680    56건 · 20260827 ~ 20250916
2026-09-09 23:37:54    391060  뉴스 없음
2026-09-09 23:37:55    391710    32건 · 20260722 ~ 20250908
2026-09-09 23:37:57    393210   111건 · 20260909 ~ 20250908
2026-09-09 23:37:59    393890    61건 · 20260909 ~ 20260123
2026-09-09 23:38:00    393970    72건 · 20260823 ~ 20250908
2026-09-09 23:38:02    394280    91건 · 20260901 ~ 20250910
2026-09-09 23:38:04    394420   195건 · 20260909 ~ 20250911
2026-09-09 23:38:05    394800   131건 · 20260909 ~ 20250909
2026-09-09 23:38:07    396270    89건 · 20260902 ~ 20250910
2026-09-09 23:38:08    396300    50건 · 20260903 ~ 20250912
2026-09-09 23:38:09    396470    15건 · 20260907 ~ 20251112
2026-09-09 23:38:11    396690    29건 · 20260715 ~ 20251022
2026-09-09 23:38:12    397030   206건 · 20260909 ~ 20251208
2026-09-09 23:38:14    397810    40건 · 20260907 ~ 20250915
2026-09-09 23:38:15    398120    29건 · 20260907 ~ 20250909
2026-09-09 23:38:17    399720    96건 · 20260909 ~ 20250908
2026-09-09 23:38:18    400760    20건 · 20260901 ~ 20250910
2026-09-09 23:38:19    402030   204건 · 20260909 ~ 20251110
2026-09-09 23:38:21    402490    45건 · 20260730 ~ 20250909
2026-09-09 23:38:23    403490    39건 · 20260825 ~ 20250908
2026-09-09 23:38:24    403850   206건 · 20260829 ~ 20251009
2026-09-09 23:38:25    404990    24건 · 20260831 ~ 20250924
2026-09-09 23:38:27    405000    28건 · 20260824 ~ 20251020
2026-09-09 23:38:28    405100    19건 · 20260907 ~ 20250915
2026-09-09 23:38:29    405920    97건 · 20260905 ~ 20250909
2026-09-09 23:38:31    406820    56건 · 20260812 ~ 20251118
2026-09-09 23:38:32    407400    20건 · 20260819 ~ 20250918
2026-09-09 23:38:34    408470    94건 · 20260908 ~ 20250908
2026-09-09 23:38:35    408900    21건 · 20260827 ~ 20250922
2026-09-09 23:38:37    408920    53건 · 20260819 ~ 20250917
2026-09-09 23:38:38    411080    48건 · 20260828 ~ 20250910
2026-09-09 23:38:40    412350    86건 · 20260825 ~ 20250908
2026-09-09 23:38:41    412540    30건 · 20260827 ~ 20251002
2026-09-09 23:38:42    413390    20건 · 20260904 ~ 20251028
2026-09-09 23:38:44    413630    84건 · 20260907 ~ 20250908
2026-09-09 23:38:46    413640   107건 · 20260909 ~ 20250910
2026-09-09 23:38:47    415380    23건 · 20260901 ~ 20250908
2026-09-09 23:38:49    416180    60건 · 20260904 ~ 20250904
2026-09-09 23:38:50    417010    35건 · 20260703 ~ 20250929
2026-09-09 23:38:52    417030   101건 · 20260909 ~ 20250926
2026-09-09 23:38:53    417180    20건 · 20260802 ~ 20250916
2026-09-09 23:38:55    417310    52건 · 20260826 ~ 20250922
2026-09-09 23:38:55    417500    14건 · 20260907 ~ 20251229
2026-09-09 23:38:57    417790    34건 · 20260819 ~ 20251001
2026-09-09 23:38:58    417840    66건 · 20260907 ~ 20250915
2026-09-09 23:39:00    417860    45건 · 20260827 ~ 20250910
2026-09-09 23:39:02    417970    76건 · 20260824 ~ 20250904
2026-09-09 23:39:03    418250    27건 · 20260909 ~ 20251106
2026-09-09 23:39:04    418420    27건 · 20260903 ~ 20250908
2026-09-09 23:39:06    418470   204건 · 20260909 ~ 20260317
2026-09-09 23:39:07    418550    30건 · 20260708 ~ 20251026
2026-09-09 23:39:09    418620    72건 · 20260904 ~ 20250929
2026-09-09 23:39:10    419050    33건 · 20260909 ~ 20251017
2026-09-09 23:39:11    419080    20건 · 20260724 ~ 20251114
2026-09-09 23:39:13    419120    38건 · 20260814 ~ 20250908
2026-09-09 23:39:15    419530   204건 · 20260908 ~ 20250915
2026-09-09 23:39:16    419540    33건 · 20260824 ~ 20250916
2026-09-09 23:39:17    420570    30건 · 20260902 ~ 20250912
2026-09-09 23:39:19    424960    53건 · 20260904 ~ 20250918
2026-09-09 23:39:20    424980    17건 · 20260605 ~ 20250917
2026-09-09 23:39:21    425040    28건 · 20260804 ~ 20250911
2026-09-09 23:39:22    425290  뉴스 없음
2026-09-09 23:39:23    425420    59건 · 20260902 ~ 20250909
2026-09-09 23:39:25    429270    41건 · 20260908 ~ 20250915
2026-09-09 23:39:26    430690    46건 · 20260825 ~ 20250910
2026-09-09 23:39:28    431190    56건 · 20260818 ~ 20250908
2026-09-09 23:39:30    432320    38건 · 20260901 ~ 20251022
2026-09-09 23:39:31    432430    17건 · 20260731 ~ 20250916
2026-09-09 23:39:32    432470    80건 · 20260909 ~ 20250910
2026-09-09 23:39:34    432720    73건 · 20260709 ~ 20250909
2026-09-09 23:39:35    432980    15건 · 20260706 ~ 20251128
2026-09-09 23:39:36    434480    83건 · 20260909 ~ 20250907
2026-09-09 23:39:38    435570    48건 · 20260828 ~ 20250916
2026-09-09 23:39:39    437730    66건 · 20260907 ~ 20250908
2026-09-09 23:39:41    438700    20건 · 20260901 ~ 20251013
2026-09-09 23:39:42    439090   191건 · 20260909 ~ 20250908
2026-09-09 23:39:44    439580    43건 · 20260901 ~ 20250908
2026-09-09 23:39:45    440290   103건 · 20260828 ~ 20250912
2026-09-09 23:39:47    440320    33건 · 20260907 ~ 20251017
2026-09-09 23:39:48    441270    86건 · 20260909 ~ 20250908
2026-09-09 23:39:49    442900     1건 · 20251010 ~ 20251010
2026-09-09 23:39:51    443250    49건 · 20260729 ~ 20250909
2026-09-09 23:39:53    443670    53건 · 20260907 ~ 20250910
2026-09-09 23:39:54    444530    74건 · 20260825 ~ 20250917
2026-09-09 23:39:56    445090    92건 · 20260906 ~ 20250908
2026-09-09 23:39:57    445180     2건 · 20260420 ~ 20250917
2026-09-09 23:39:58    445680    75건 · 20260827 ~ 20250911
2026-09-09 23:39:59    446070    17건 · 20260622 ~ 20250915
2026-09-09 23:40:00    446540    20건 · 20260811 ~ 20250915
2026-09-09 23:40:02    446840    23건 · 20260828 ~ 20250924
2026-09-09 23:40:03    448280    39건 · 20260814 ~ 20250903
2026-09-09 23:40:05    448710    28건 · 20260826 ~ 20251022
2026-09-09 23:40:06    448900   114건 · 20260908 ~ 20250908
2026-09-09 23:40:08    450140   200건 · 20260901 ~ 20250909
2026-09-09 23:40:09    45014K    48건 · 20251216 ~ 20250911
2026-09-09 23:40:10    450330    10건 · 20260812 ~ 20251125
2026-09-09 23:40:12    450520    71건 · 20260908 ~ 20250908
2026-09-09 23:40:13    450950    44건 · 20260901 ~ 20250917
2026-09-09 23:40:15    451220    25건 · 20260903 ~ 20250911
2026-09-09 23:40:16    451250    19건 · 20260704 ~ 20250918
2026-09-09 23:40:17    451700    20건 · 20260610 ~ 20251114
2026-09-09 23:40:19    451760    74건 · 20260824 ~ 20250930
2026-09-09 23:40:19    452160    11건 · 20260526 ~ 20251230
2026-09-09 23:40:21    452190    44건 · 20260908 ~ 20251028
2026-09-09 23:40:22    452200    23건 · 20260707 ~ 20251016
2026-09-09 23:40:24    452260   214건 · 20260909 ~ 20260513
2026-09-09 23:40:26    45226K    60건 · 20260803 ~ 20251217
2026-09-09 23:40:27    452280    42건 · 20260909 ~ 20250911
2026-09-09 23:40:29    452300   121건 · 20260909 ~ 20250908
2026-09-09 23:40:30    452400     3건 · 20251223 ~ 20250915
2026-09-09 23:40:31    452430    58건 · 20260824 ~ 20250919
2026-09-09 23:40:33    452450    53건 · 20260902 ~ 20250916
2026-09-09 23:40:34    453450    60건 · 20260901 ~ 20250915
2026-09-09 23:40:35    453860    14건 · 20260604 ~ 20250930
2026-09-09 23:40:37    455180    61건 · 20260807 ~ 20250908
2026-09-09 23:40:39    456010   151건 · 20260907 ~ 20250910
2026-09-09 23:40:40    456070    85건 · 20260909 ~ 20250908
2026-09-09 23:40:41    457370    12건 · 20260618 ~ 20250916
2026-09-09 23:40:43    457550    40건 · 20260908 ~ 20250911
2026-09-09 23:40:44    457600    38건 · 20260904 ~ 20250916
2026-09-09 23:40:46    458350    98건 · 20260907 ~ 20260120
2026-09-09 23:40:47    458650     6건 · 20260520 ~ 20251113
2026-09-09 23:40:48    458870   205건 · 20260909 ~ 20260112
2026-09-09 23:40:50    459100    35건 · 20260803 ~ 20250911
2026-09-09 23:40:51    459510   150건 · 20260907 ~ 20250907
2026-09-09 23:40:53    459550   185건 · 20260908 ~ 20250907
2026-09-09 23:40:54    460470    32건 · 20260824 ~ 20251027
2026-09-09 23:40:56    460850   200건 · 20260814 ~ 20251031
2026-09-09 23:40:57    460870    28건 · 20260810 ~ 20250908
2026-09-09 23:40:58    460940    36건 · 20260801 ~ 20251020
2026-09-09 23:41:00    461030    43건 · 20260901 ~ 20250908
2026-09-09 23:41:01    461300    82건 · 20260908 ~ 20250903
2026-09-09 23:41:03    462310    25건 · 20260818 ~ 20250926
2026-09-09 23:41:04    462350   205건 · 20260907 ~ 20260331
2026-09-09 23:41:06    462510    80건 · 20260828 ~ 20250911
2026-09-09 23:41:07    462520     3건 · 20250925 ~ 20250924
2026-09-09 23:41:08    462860    45건 · 20260904 ~ 20250912
2026-09-09 23:41:10    462980    45건 · 20260909 ~ 20250909
2026-09-09 23:41:12    463020    61건 · 20260908 ~ 20250910
2026-09-09 23:41:13    463480    43건 · 20260813 ~ 20250925
2026-09-09 23:41:15    464080   134건 · 20260908 ~ 20250908
2026-09-09 23:41:16    464280    19건 · 20260819 ~ 20251104
2026-09-09 23:41:17    464490   163건 · 20260908 ~ 20250917
2026-09-09 23:41:19    464500    40건 · 20260831 ~ 20250917
2026-09-09 23:41:20    464580    34건 · 20260821 ~ 20250909
2026-09-09 23:41:22    465480    35건 · 20260907 ~ 20250912
2026-09-09 23:41:23    465770   151건 · 20260909 ~ 20251022
2026-09-09 23:41:25    466100   167건 · 20260902 ~ 20250908
2026-09-09 23:41:26    466410    69건 · 20260831 ~ 20250909
2026-09-09 23:41:27    466910    13건 · 20260814 ~ 20260205
2026-09-09 23:41:29    468530   202건 · 20260908 ~ 20251001
2026-09-09 23:41:31    469610   201건 · 20260907 ~ 20251012
2026-09-09 23:41:32    469750    37건 · 20260904 ~ 20250911
2026-09-09 23:41:33    471820    17건 · 20260814 ~ 20250908
2026-09-09 23:41:35    472850    88건 · 20260909 ~ 20250910
2026-09-09 23:41:36    473980    68건 · 20260904 ~ 20250917
2026-09-09 23:41:38    474170    23건 · 20260610 ~ 20251002
2026-09-09 23:41:39    474610    58건 · 20260904 ~ 20250907
2026-09-09 23:41:41    474650   116건 · 20260909 ~ 20250908
2026-09-09 23:41:42    475040   204건 · 20260909 ~ 20250917
2026-09-09 23:41:44    475230    31건 · 20260819 ~ 20250908
2026-09-09 23:41:45    475400    80건 · 20260906 ~ 20250917
2026-09-09 23:41:46    475430    28건 · 20260626 ~ 20250930
2026-09-09 23:41:48    475460    44건 · 20260905 ~ 20250918
2026-09-09 23:41:50    475560   209건 · 20260909 ~ 20260629
2026-09-09 23:41:51    475580    59건 · 20260827 ~ 20250908
2026-09-09 23:41:52    475660     7건 · 20260601 ~ 20260121
2026-09-09 23:41:54    475960    78건 · 20260909 ~ 20250909
2026-09-09 23:41:55    476040   122건 · 20260908 ~ 20250907
2026-09-09 23:41:57    476060   207건 · 20260906 ~ 20260205
2026-09-09 23:41:59    476080    42건 · 20260908 ~ 20251104
2026-09-09 23:42:00    478340   200건 · 20260904 ~ 20251211
2026-09-09 23:42:01    478560    29건 · 20260827 ~ 20251014
2026-09-09 23:42:03    479960    32건 · 20260814 ~ 20251023
2026-09-09 23:42:04    480370    43건 · 20260909 ~ 20250909
2026-09-09 23:42:06    481070    55건 · 20260818 ~ 20250908
2026-09-09 23:42:07    481850    35건 · 20260821 ~ 20251030
2026-09-09 23:42:09    482630    75건 · 20260831 ~ 20250911
2026-09-09 23:42:11    483350   128건 · 20260909 ~ 20250912
2026-09-09 23:42:12    484120    36건 · 20260828 ~ 20250930
2026-09-09 23:42:14    484810   106건 · 20260907 ~ 20250907
2026-09-09 23:42:15    484870    60건 · 20260907 ~ 20260318
2026-09-09 23:42:17    487400    81건 · 20260909 ~ 20251120
2026-09-09 23:42:18    487570   217건 · 20260909 ~ 20260330
2026-09-09 23:42:20    487580    89건 · 20260901 ~ 20251201
2026-09-09 23:42:21    488280   203건 · 20260909 ~ 20251104
2026-09-09 23:42:23    488900    60건 · 20260813 ~ 20251222
2026-09-09 23:42:25    489460    47건 · 20260907 ~ 20250911
2026-09-09 23:42:26    489500    59건 · 20260814 ~ 20250912
2026-09-09 23:42:27    493330    33건 · 20260901 ~ 20250917
2026-09-09 23:42:29    494120   203건 · 20260908 ~ 20251029
2026-09-09 23:42:30    900010  뉴스 없음
2026-09-09 23:42:30    900020  뉴스 없음
2026-09-09 23:42:31    900040  뉴스 없음
2026-09-09 23:42:31    900050  뉴스 없음
2026-09-09 23:42:32    900060  뉴스 없음
2026-09-09 23:42:33    900070    20건 · 20260901 ~ 20260211
2026-09-09 23:42:34    900080  뉴스 없음
2026-09-09 23:42:34    900090  뉴스 없음
2026-09-09 23:42:36    900100    56건 · 20260904 ~ 20250909
2026-09-09 23:42:37    900110    23건 · 20260802 ~ 20251005
2026-09-09 23:42:38    900120    31건 · 20260805 ~ 20251016
2026-09-09 23:42:39    900130  뉴스 없음
2026-09-09 23:42:40    900140    38건 · 20260907 ~ 20250928
2026-09-09 23:42:41    900150  뉴스 없음
2026-09-09 23:42:42    900180  뉴스 없음
2026-09-09 23:42:43    900250    29건 · 20260907 ~ 20250918
2026-09-09 23:42:44    900260    23건 · 20260304 ~ 20251114
2026-09-09 23:42:46    900270    54건 · 20260826 ~ 20250922
2026-09-09 23:42:47    900280     3건 · 20251105 ~ 20250930
2026-09-09 23:42:48    900290     3건 · 20260805 ~ 20260119
2026-09-09 23:42:49    900300   102건 · 20260902 ~ 20251017
2026-09-09 23:42:51    900310    32건 · 20260908 ~ 20250908
2026-09-09 23:42:52    900340    24건 · 20260825 ~ 20251117
2026-09-09 23:42:52    950070  뉴스 없음
2026-09-09 23:42:53    950100  뉴스 없음
2026-09-09 23:42:54    950110     3건 · 20260827 ~ 20251215
2026-09-09 23:42:55    950130    37건 · 20260727 ~ 20250926
2026-09-09 23:42:57    950140    63건 · 20260907 ~ 20250911
2026-09-09 23:42:58    950170    21건 · 20260831 ~ 20250912
2026-09-09 23:43:00    950190    35건 · 20260828 ~ 20250926
2026-09-09 23:43:01    950200    36건 · 20260904 ~ 20251111
2026-09-09 23:43:03    950220   115건 · 20260904 ~ 20250908
2026-09-09 23:43:04    950250   152건 · 20260908 ~ 20250918
2026-09-09 23:43:04    끝 · 받음 2410 · 빈 것 344
2026-09-10 19:05:29    시총 500~2,000억에 한 번이라도 든 종목 2754개를 받는다
2026-09-10 19:05:29  ===== 종목뉴스 수집 (네이버 금융) · 2754종목 · 최대 3쪽 =====
2026-09-10 19:05:30    000020   208건 · 20260910 ~ 20260101
2026-09-10 19:05:32    000040    40건 · 20260910 ~ 20250915
2026-09-10 19:05:34    000050    59건 · 20260813 ~ 20250918
2026-09-10 19:05:35    000105     1건 · 20260724 ~ 20260724
2026-09-10 19:05:36    000140    31건 · 20260820 ~ 20250910
2026-09-10 19:05:38    000155    60건 · 20260901 ~ 20250908
2026-09-10 19:05:39    000157    26건 · 20260831 ~ 20250908
2026-09-10 19:05:40    000180    16건 · 20260713 ~ 20250918
2026-09-10 19:05:42    0001A0   119건 · 20260907 ~ 20250915
2026-09-10 19:05:43    000215     4건 · 20260320 ~ 20251028
2026-09-10 19:05:44    000220   144건 · 20260910 ~ 20250913
2026-09-10 19:05:46    000230    72건 · 20260513 ~ 20250908
2026-09-10 19:05:47    000250   211건 · 20260910 ~ 20260721
2026-09-10 19:05:48    000300    15건 · 20260504 ~ 20251031
2026-09-10 19:05:50    000320    37건 · 20260720 ~ 20250908
2026-09-10 19:05:50    000360  뉴스 없음
2026-09-10 19:05:52    000370   214건 · 20260910 ~ 20260525
2026-09-10 19:05:53    000390   213건 · 20260907 ~ 20260311
2026-09-10 19:05:55    000400   212건 · 20260910 ~ 20260604
2026-09-10 19:05:56    000420  뉴스 없음
2026-09-10 19:05:57    000430    39건 · 20260908 ~ 20250916
2026-09-10 19:05:59    000440   198건 · 20260910 ~ 20250917
2026-09-10 19:05:59    000470  뉴스 없음
2026-09-10 19:06:00    000480    19건 · 20260814 ~ 20250925
2026-09-10 19:06:02    000490   218건 · 20260909 ~ 20250910
2026-09-10 19:06:03    0004V0    66건 · 20260910 ~ 20250915
2026-09-10 19:06:05    000500   223건 · 20260910 ~ 20260618
2026-09-10 19:06:07    000520    92건 · 20260901 ~ 20250926
2026-09-10 19:06:08    000540   210건 · 20260910 ~ 20260223
2026-09-10 19:06:09    000590     6건 · 20260819 ~ 20260202
2026-09-10 19:06:10    000610  뉴스 없음
2026-09-10 19:06:11    000650   194건 · 20260720 ~ 20251118
2026-09-10 19:06:13    000680    47건 · 20260901 ~ 20250910
2026-09-10 19:06:14    000700     9건 · 20260421 ~ 20260120
2026-09-10 19:06:15    000725    11건 · 20260804 ~ 20251027
2026-09-10 19:06:16    000760    35건 · 20260805 ~ 20251128
2026-09-10 19:06:18    0007C0   148건 · 20260904 ~ 20250910
2026-09-10 19:06:20    0007J0   186건 · 20260909 ~ 20251002
2026-09-10 19:06:20    000800  뉴스 없음
2026-09-10 19:06:21    000835  뉴스 없음
2026-09-10 19:06:22    000850    16건 · 20260630 ~ 20251014
2026-09-10 19:06:23    000860    70건 · 20260824 ~ 20250912
2026-09-10 19:06:24    00088K     7건 · 20260901 ~ 20251027
2026-09-10 19:06:26    000890    86건 · 20260903 ~ 20250916
2026-09-10 19:06:27    0008Z0    59건 · 20260901 ~ 20250909
2026-09-10 19:06:29    000910    48건 · 20260828 ~ 20251010
2026-09-10 19:06:31    000950   186건 · 20260910 ~ 20250910
2026-09-10 19:06:32    000970     5건 · 20260224 ~ 20250925
2026-09-10 19:06:33    000990   213건 · 20260910 ~ 20260413
2026-09-10 19:06:34    001000    21건 · 20260910 ~ 20251106
2026-09-10 19:06:36    001020    43건 · 20260909 ~ 20250930
2026-09-10 19:06:37    001045     3건 · 20260115 ~ 20250929
2026-09-10 19:06:38    00104K     1건 · 20260518 ~ 20260518
2026-09-10 19:06:39    001060   205건 · 20260910 ~ 20260423
2026-09-10 19:06:41    001070    46건 · 20260909 ~ 20250916
2026-09-10 19:06:43    001080    86건 · 20260907 ~ 20250909
2026-09-10 19:06:44    0010F0    37건 · 20260908 ~ 20250917
2026-09-10 19:06:45    0010V0    38건 · 20260828 ~ 20250908
2026-09-10 19:06:47    001130   203건 · 20260908 ~ 20260221
2026-09-10 19:06:48    001140    16건 · 20260619 ~ 20260123
2026-09-10 19:06:49    0011A0   189건 · 20260908 ~ 20250919
2026-09-10 19:06:51    0011T0   202건 · 20260904 ~ 20260225
2026-09-10 19:06:52    001200   255건 · 20260910 ~ 20260819
2026-09-10 19:06:54    001210   111건 · 20260908 ~ 20250926
2026-09-10 19:06:56    001230   213건 · 20260910 ~ 20260402
2026-09-10 19:06:57    001250   168건 · 20260910 ~ 20250908
2026-09-10 19:06:59    001260   202건 · 20260910 ~ 20250910
2026-09-10 19:07:00    001270   203건 · 20260910 ~ 20260121
2026-09-10 19:07:02    001275    20건 · 20260312 ~ 20250928
2026-09-10 19:07:03    001290   213건 · 20260910 ~ 20260714
2026-09-10 19:07:04    001310  뉴스 없음
2026-09-10 19:07:05    001340    18건 · 20260814 ~ 20250923
2026-09-10 19:07:06    001360    62건 · 20260910 ~ 20251003
2026-09-10 19:07:07    001380    12건 · 20260512 ~ 20251012
2026-09-10 19:07:09    001390    91건 · 20260902 ~ 20250910
2026-09-10 19:07:11    0013V0   203건 · 20260909 ~ 20251201
2026-09-10 19:07:12    001420    24건 · 20260902 ~ 20251023
2026-09-10 19:07:13    001430    61건 · 20260910 ~ 20260422
2026-09-10 19:07:15    001440   221건 · 20260910 ~ 20260611
2026-09-10 19:07:17    001460    59건 · 20260910 ~ 20250912
2026-09-10 19:07:17    001465     3건 · 20260205 ~ 20250928
2026-09-10 19:07:19    001470   144건 · 20260910 ~ 20250908
2026-09-10 19:07:21    001500   230건 · 20260910 ~ 20260806
2026-09-10 19:07:22    001510    73건 · 20260910 ~ 20260901
2026-09-10 19:07:24    001520    89건 · 20260909 ~ 20250917
2026-09-10 19:07:25    001530   133건 · 20260906 ~ 20250912
2026-09-10 19:07:27    001540    91건 · 20260908 ~ 20250909
2026-09-10 19:07:29    001550    76건 · 20260907 ~ 20250910
2026-09-10 19:07:30    001560    19건 · 20260413 ~ 20250918
2026-09-10 19:07:31    001570   114건 · 20260909 ~ 20250911
2026-09-10 19:07:33    0015G0   202건 · 20260908 ~ 20251001
2026-09-10 19:07:34    0015N0   201건 · 20260909 ~ 20251113
2026-09-10 19:07:36    0015S0   144건 · 20260903 ~ 20250911
2026-09-10 19:07:37    001620    30건 · 20260722 ~ 20250911
2026-09-10 19:07:39    001630   115건 · 20260910 ~ 20250910
2026-09-10 19:07:39    001725  뉴스 없음
2026-09-10 19:07:41    001750   206건 · 20260910 ~ 20260617
2026-09-10 19:07:42    001770    14건 · 20260910 ~ 20260107
2026-09-10 19:07:43    001780    45건 · 20260723 ~ 20250910
2026-09-10 19:07:45    001790   197건 · 20260904 ~ 20251119
2026-09-10 19:07:47    0017J0    54건 · 20260901 ~ 20251117
2026-09-10 19:07:48    001810    50건 · 20260909 ~ 20251113
2026-09-10 19:07:50    001820   146건 · 20260909 ~ 20250909
2026-09-10 19:07:51    001840    29건 · 20260615 ~ 20250929
2026-09-10 19:07:53    001880   138건 · 20260907 ~ 20250915
2026-09-10 19:07:54    001940    27건 · 20260830 ~ 20250912
2026-09-10 19:07:54    002000  뉴스 없음
2026-09-10 19:07:56    002020   207건 · 20260910 ~ 20260318
2026-09-10 19:07:57    002025    12건 · 20260721 ~ 20250910
2026-09-10 19:07:58    002030    17건 · 20260708 ~ 20250909
2026-09-10 19:07:59    002070    50건 · 20260910 ~ 20250930
2026-09-10 19:08:01    002100    23건 · 20260907 ~ 20250910
2026-09-10 19:08:02    002140    29건 · 20260902 ~ 20251015
2026-09-10 19:08:04    002150    49건 · 20260819 ~ 20250910
2026-09-10 19:08:05    002170    43건 · 20260828 ~ 20250921
2026-09-10 19:08:06    002200    20건 · 20260526 ~ 20251113
2026-09-10 19:08:08    002210   203건 · 20260908 ~ 20251015
2026-09-10 19:08:09    002220    12건 · 20260803 ~ 20250923
2026-09-10 19:08:11    002230    37건 · 20260831 ~ 20250917
2026-09-10 19:08:11    002250  뉴스 없음
2026-09-10 19:08:12    002290     4건 · 20251203 ~ 20251203
2026-09-10 19:08:13    002300  뉴스 없음
2026-09-10 19:08:14    002310    48건 · 20260816 ~ 20250909
2026-09-10 19:08:16    002320   214건 · 20260910 ~ 20260407
2026-09-10 19:08:16    002355  뉴스 없음
2026-09-10 19:08:18    002360    37건 · 20260813 ~ 20260212
2026-09-10 19:08:20    002390   103건 · 20260909 ~ 20250909
2026-09-10 19:08:21    002410    49건 · 20260905 ~ 20250924
2026-09-10 19:08:22    002420    20건 · 20260831 ~ 20251105
2026-09-10 19:08:24    002450    25건 · 20260830 ~ 20251029
2026-09-10 19:08:25    002460   181건 · 20260909 ~ 20250908
2026-09-10 19:08:26    002530  뉴스 없음
2026-09-10 19:08:27    002600     5건 · 20260702 ~ 20251209
2026-09-10 19:08:28    002620    26건 · 20260903 ~ 20250924
2026-09-10 19:08:30    002630    60건 · 20260901 ~ 20250925
2026-09-10 19:08:30    002670  뉴스 없음
2026-09-10 19:08:32    002680    75건 · 20260908 ~ 20250915
2026-09-10 19:08:33    002690    19건 · 20260629 ~ 20250912
2026-09-10 19:08:34    002700   178건 · 20260908 ~ 20250917
2026-09-10 19:08:36    002710    75건 · 20260904 ~ 20250912
2026-09-10 19:08:37    002720    36건 · 20260825 ~ 20251021
2026-09-10 19:08:38    002760    15건 · 20260506 ~ 20251208
2026-09-10 19:08:40    002780   149건 · 20260908 ~ 20250925
2026-09-10 19:08:41    002795     8건 · 20260209 ~ 20251107
2026-09-10 19:08:41    002797  뉴스 없음
2026-09-10 19:08:42    00279K     5건 · 20260209 ~ 20251107
2026-09-10 19:08:44    002800    60건 · 20260910 ~ 20250917
2026-09-10 19:08:45    002810     6건 · 20260527 ~ 20250922
2026-09-10 19:08:47    002820    33건 · 20260907 ~ 20251112
2026-09-10 19:08:48    002840    19건 · 20260730 ~ 20251209
2026-09-10 19:08:49    002870     7건 · 20260709 ~ 20251106
2026-09-10 19:08:50    002880    38건 · 20260910 ~ 20251001
2026-09-10 19:08:51    002900   139건 · 20260910 ~ 20250918
2026-09-10 19:08:52    002920     1건 · 20251129 ~ 20251129
2026-09-10 19:08:53    002960    20건 · 20260907 ~ 20250908
2026-09-10 19:08:55    002990   208건 · 20260910 ~ 20260630
2026-09-10 19:08:56    003010    33건 · 20260909 ~ 20250911
2026-09-10 19:08:58    003030   160건 · 20260903 ~ 20250908
2026-09-10 19:09:00    003060    70건 · 20260904 ~ 20250908
2026-09-10 19:09:01    003070   211건 · 20260910 ~ 20260416
2026-09-10 19:09:02    003080    20건 · 20260824 ~ 20251020
2026-09-10 19:09:04    003090    39건 · 20260729 ~ 20250918
2026-09-10 19:09:05    003100    20건 · 20260710 ~ 20250925
2026-09-10 19:09:07    003120    61건 · 20260812 ~ 20250907
2026-09-10 19:09:08    003160   105건 · 20260902 ~ 20250917
2026-09-10 19:09:09    003190  뉴스 없음
2026-09-10 19:09:11    003200   194건 · 20260910 ~ 20250917
2026-09-10 19:09:12    003220   201건 · 20260905 ~ 20260128
2026-09-10 19:09:14    003230   231건 · 20260910 ~ 20260731
2026-09-10 19:09:15    003280   205건 · 20260910 ~ 20260303
2026-09-10 19:09:17    003300    45건 · 20260709 ~ 20250911
2026-09-10 19:09:18    003310    40건 · 20260720 ~ 20250926
2026-09-10 19:09:20    003350    23건 · 20260907 ~ 20251002
2026-09-10 19:09:20    003415  뉴스 없음
2026-09-10 19:09:21    00341A  뉴스 없음
2026-09-10 19:09:22    003460    56건 · 20260907 ~ 20250911
2026-09-10 19:09:24    003465    20건 · 20260903 ~ 20251209
2026-09-10 19:09:24    003475     3건 · 20260507 ~ 20260219
2026-09-10 19:09:25    003480     8건 · 20260812 ~ 20250911
2026-09-10 19:09:26    003495    10건 · 20260821 ~ 20251105
2026-09-10 19:09:28    003520    25건 · 20260831 ~ 20251002
2026-09-10 19:09:29    003530   235건 · 20260910 ~ 20260820
2026-09-10 19:09:31    003535    28건 · 20260526 ~ 20250929
2026-09-10 19:09:31    003545     3건 · 20260327 ~ 20260213
2026-09-10 19:09:32    003547     5건 · 20260223 ~ 20260213
2026-09-10 19:09:34    003555    21건 · 20260624 ~ 20251205
2026-09-10 19:09:35    003560    13건 · 20260709 ~ 20251104
2026-09-10 19:09:36    003570   123건 · 20260908 ~ 20250908
2026-09-10 19:09:38    003580   150건 · 20260909 ~ 20250915
2026-09-10 19:09:38    003605  뉴스 없음
2026-09-10 19:09:39    003610    18건 · 20260621 ~ 20250909
2026-09-10 19:09:41    003620   215건 · 20260910 ~ 20260715
2026-09-10 19:09:42    003640  뉴스 없음
2026-09-10 19:09:42    003650    13건 · 20260910 ~ 20260106
2026-09-10 19:09:44    003680   167건 · 20260909 ~ 20250917
2026-09-10 19:09:46    003720    49건 · 20260831 ~ 20250908
2026-09-10 19:09:47    003780    28건 · 20260722 ~ 20260112
2026-09-10 19:09:48    003800   203건 · 20260907 ~ 20260130
2026-09-10 19:09:50    003830    55건 · 20260906 ~ 20250910
2026-09-10 19:09:52    003850   203건 · 20260908 ~ 20250911
2026-09-10 19:09:53    003920   213건 · 20260910 ~ 20260601
2026-09-10 19:09:54    003925    12건 · 20260316 ~ 20250915
2026-09-10 19:09:55    003940  뉴스 없음
2026-09-10 19:09:56    003960   175건 · 20260909 ~ 20250907
2026-09-10 19:09:58    0039P0    98건 · 20260908 ~ 20250922
2026-09-10 19:09:59    004060    44건 · 20260414 ~ 20251010
2026-09-10 19:10:01    004080    37건 · 20260824 ~ 20250915
2026-09-10 19:10:02    004090    96건 · 20260910 ~ 20250917
2026-09-10 19:10:04    004100    23건 · 20260723 ~ 20250930
2026-09-10 19:10:04    004130  뉴스 없음
2026-09-10 19:10:06    004140    45건 · 20260907 ~ 20250926
2026-09-10 19:10:07    004150    63건 · 20260904 ~ 20250908
2026-09-10 19:10:08    004200  뉴스 없음
2026-09-10 19:10:09    004250    15건 · 20260507 ~ 20250930
2026-09-10 19:10:10    004270    32건 · 20260910 ~ 20250916
2026-09-10 19:10:12    004310   214건 · 20260910 ~ 20251206
2026-09-10 19:10:12    004320  뉴스 없음
2026-09-10 19:10:13    004360    38건 · 20260828 ~ 20250909
2026-09-10 19:10:14    004367  뉴스 없음
2026-09-10 19:10:15    004380    30건 · 20260909 ~ 20250921
2026-09-10 19:10:17    004410    70건 · 20260909 ~ 20250912
2026-09-10 19:10:18    004430     6건 · 20260821 ~ 20251031
2026-09-10 19:10:19    004440    41건 · 20260709 ~ 20250918
2026-09-10 19:10:20    004450    16건 · 20260910 ~ 20250930
2026-09-10 19:10:22    004540   213건 · 20260910 ~ 20260305
2026-09-10 19:10:23    004550  뉴스 없음
2026-09-10 19:10:24    004560    61건 · 20260818 ~ 20250904
2026-09-10 19:10:25    004590    20건 · 20260824 ~ 20250928
2026-09-10 19:10:26    004620  뉴스 없음
2026-09-10 19:10:27    004650    20건 · 20260825 ~ 20260106
2026-09-10 19:10:28    004700    17건 · 20260223 ~ 20250909
2026-09-10 19:10:30    004710   122건 · 20260910 ~ 20250924
2026-09-10 19:10:31    004720    58건 · 20260818 ~ 20250915
2026-09-10 19:10:32    004740  뉴스 없음
2026-09-10 19:10:33    004770    12건 · 20260907 ~ 20260603
2026-09-10 19:10:34    004780     3건 · 20260715 ~ 20251229
2026-09-10 19:10:34    004790  뉴스 없음
2026-09-10 19:10:35    004830    10건 · 20260715 ~ 20251106
2026-09-10 19:10:36    004835    15건 · 20260604 ~ 20251001
2026-09-10 19:10:38    004840    27건 · 20260909 ~ 20250908
2026-09-10 19:10:39    004870   106건 · 20260904 ~ 20250919
2026-09-10 19:10:41    004890    43건 · 20260818 ~ 20250916
2026-09-10 19:10:42    004910    73건 · 20260907 ~ 20250908
2026-09-10 19:10:44    004920    45건 · 20260903 ~ 20250918
2026-09-10 19:10:46    004960   203건 · 20260910 ~ 20251031
2026-09-10 19:10:47    004970    10건 · 20260904 ~ 20251110
2026-09-10 19:10:48    004980    74건 · 20260831 ~ 20250908
2026-09-10 19:10:49    00499K     4건 · 20260831 ~ 20250930
2026-09-10 19:10:51    005010    48건 · 20260903 ~ 20250915
2026-09-10 19:10:52    005030    21건 · 20260706 ~ 20250908
2026-09-10 19:10:53    005070    91건 · 20260908 ~ 20250917
2026-09-10 19:10:55    005090   129건 · 20260908 ~ 20250923
2026-09-10 19:10:56    005110    45건 · 20260820 ~ 20250912
2026-09-10 19:10:57    005160    16건 · 20260730 ~ 20250908
2026-09-10 19:10:58    005190  뉴스 없음
2026-09-10 19:10:59    005255  뉴스 없음
2026-09-10 19:11:00    005257    10건 · 20260825 ~ 20250928
2026-09-10 19:11:01    005290   201건 · 20260904 ~ 20251001
2026-09-10 19:11:02    005305     1건 · 20251211 ~ 20251211
2026-09-10 19:11:04    005320    40건 · 20260902 ~ 20251023
2026-09-10 19:11:05    005360   202건 · 20260906 ~ 20250912
2026-09-10 19:11:07    005389    30건 · 20260904 ~ 20251017
2026-09-10 19:11:08    005390   173건 · 20260910 ~ 20250910
2026-09-10 19:11:10    005420    35건 · 20260908 ~ 20250917
2026-09-10 19:11:11    005430    21건 · 20260902 ~ 20250909
2026-09-10 19:11:13    005440    60건 · 20260908 ~ 20260626
2026-09-10 19:11:13    005450  뉴스 없음
2026-09-10 19:11:15    005500   201건 · 20260907 ~ 20251119
2026-09-10 19:11:15    005560  뉴스 없음
2026-09-10 19:11:17    005610   206건 · 20260909 ~ 20260310
2026-09-10 19:11:17    005620  뉴스 없음
2026-09-10 19:11:18    005670    18건 · 20260509 ~ 20251215
2026-09-10 19:11:20    005680    31건 · 20260805 ~ 20251021
2026-09-10 19:11:21    005690   121건 · 20260824 ~ 20250911
2026-09-10 19:11:23    005710    38건 · 20260908 ~ 20250914
2026-09-10 19:11:24    005720    15건 · 20260709 ~ 20250911
2026-09-10 19:11:25    005740    14건 · 20260828 ~ 20251104
2026-09-10 19:11:26    005750    45건 · 20260907 ~ 20250912
2026-09-10 19:11:27    005800    22건 · 20260902 ~ 20251001
2026-09-10 19:11:29    005810    71건 · 20260904 ~ 20250916
2026-09-10 19:11:30    005820     9건 · 20260910 ~ 20260223
2026-09-10 19:11:31    005860    31건 · 20260902 ~ 20251015
2026-09-10 19:11:33    005870    57건 · 20260729 ~ 20250924
2026-09-10 19:11:34    005880   203건 · 20260910 ~ 20251211
2026-09-10 19:11:35    005900  뉴스 없음
2026-09-10 19:11:36    005945    12건 · 20260819 ~ 20260122
2026-09-10 19:11:38    005950    96건 · 20260824 ~ 20251022
2026-09-10 19:11:39    005960   206건 · 20260910 ~ 20260407
2026-09-10 19:11:40    005980  뉴스 없음
2026-09-10 19:11:41    005990    34건 · 20260819 ~ 20250915
2026-09-10 19:11:42    006050    17건 · 20260812 ~ 20251015
2026-09-10 19:11:43    006060    25건 · 20260728 ~ 20251111
2026-09-10 19:11:44    006090    20건 · 20260904 ~ 20250923
2026-09-10 19:11:46    006110   103건 · 20260902 ~ 20250917
2026-09-10 19:11:46    006125  뉴스 없음
2026-09-10 19:11:47    006140     5건 · 20260317 ~ 20260106
2026-09-10 19:11:49    006200    31건 · 20260817 ~ 20250923
2026-09-10 19:11:50    006220   207건 · 20260910 ~ 20260403
2026-09-10 19:11:52    006340   226건 · 20260907 ~ 20250923
2026-09-10 19:11:53    006345    36건 · 20260811 ~ 20251028
2026-09-10 19:11:55    006370    73건 · 20260908 ~ 20250907
2026-09-10 19:11:56    006380    23건 · 20260910 ~ 20251029
2026-09-10 19:11:57    006390    20건 · 20260710 ~ 20250908
2026-09-10 19:11:58    006405     9건 · 20260622 ~ 20251024
2026-09-10 19:11:58    006440  뉴스 없음
2026-09-10 19:12:00    006490   110건 · 20260909 ~ 20250909
2026-09-10 19:12:02    006570    53건 · 20260910 ~ 20250911
2026-09-10 19:12:02    006580     2건 · 20260807 ~ 20260401
2026-09-10 19:12:04    006620    94건 · 20260908 ~ 20250915
2026-09-10 19:12:05    006660    29건 · 20260721 ~ 20250924
2026-09-10 19:12:07    006740    91건 · 20260909 ~ 20251002
2026-09-10 19:12:08    006805    48건 · 20260724 ~ 20250909
2026-09-10 19:12:10    006840   144건 · 20260908 ~ 20250907
2026-09-10 19:12:11    006880    15건 · 20260910 ~ 20251015
2026-09-10 19:12:12    006890    15건 · 20260727 ~ 20251024
2026-09-10 19:12:14    006910    51건 · 20260909 ~ 20250903
2026-09-10 19:12:15    006920    14건 · 20260730 ~ 20251212
2026-09-10 19:12:15    006980    14건 · 20260909 ~ 20250929
2026-09-10 19:12:17    007110    70건 · 20260826 ~ 20250922
2026-09-10 19:12:19    007120    47건 · 20260909 ~ 20251105
2026-09-10 19:12:19    007150  뉴스 없음
2026-09-10 19:12:20    007160    32건 · 20260904 ~ 20250909
2026-09-10 19:12:21    007190  뉴스 없음
2026-09-10 19:12:22    007200  뉴스 없음
2026-09-10 19:12:23    007210    20건 · 20260702 ~ 20251022
2026-09-10 19:12:24    007280    13건 · 20260827 ~ 20251022
2026-09-10 19:12:25    007330    40건 · 20260807 ~ 20250909
2026-09-10 19:12:27    007340    72건 · 20260910 ~ 20250909
2026-09-10 19:12:28    007370    20건 · 20260713 ~ 20251002
2026-09-10 19:12:30    007390    98건 · 20260828 ~ 20250908
2026-09-10 19:12:31    007460   130건 · 20260904 ~ 20250908
2026-09-10 19:12:32    007480  뉴스 없음
2026-09-10 19:12:33    007530  뉴스 없음
2026-09-10 19:12:34    007540    39건 · 20260910 ~ 20250922
2026-09-10 19:12:36    007570   135건 · 20260910 ~ 20250910
2026-09-10 19:12:37    007575    13건 · 20260429 ~ 20250928
2026-09-10 19:12:38    007590    13건 · 20260708 ~ 20251029
2026-09-10 19:12:39    007610    44건 · 20260910 ~ 20250925
2026-09-10 19:12:40    007630  뉴스 없음
2026-09-10 19:12:41    007660   211건 · 20260910 ~ 20260409
2026-09-10 19:12:43    007680   107건 · 20260831 ~ 20250909
2026-09-10 19:12:44    007690    38건 · 20260821 ~ 20250907
2026-09-10 19:12:46    007700   142건 · 20260910 ~ 20250911
2026-09-10 19:12:48    007720    78건 · 20260908 ~ 20250922
2026-09-10 19:12:49    007770     6건 · 20260604 ~ 20260210
2026-09-10 19:12:49    007800  뉴스 없음
2026-09-10 19:12:51    007810   193건 · 20260908 ~ 20250909
2026-09-10 19:12:52    007815    26건 · 20260728 ~ 20250909
2026-09-10 19:12:54    007820    52건 · 20260819 ~ 20250908
2026-09-10 19:12:55    007860    11건 · 20260909 ~ 20251016
2026-09-10 19:12:56    007980    40건 · 20260910 ~ 20250919
2026-09-10 19:12:57    008020  뉴스 없음
2026-09-10 19:12:58    008040   197건 · 20260904 ~ 20260206
2026-09-10 19:13:00    008060    75건 · 20260812 ~ 20250915
2026-09-10 19:13:00    008080  뉴스 없음
2026-09-10 19:13:01    008110    15건 · 20260904 ~ 20250919
2026-09-10 19:13:03    008250    20건 · 20260825 ~ 20250913
2026-09-10 19:13:04    008260    11건 · 20260902 ~ 20251116
2026-09-10 19:13:05    008290    56건 · 20260910 ~ 20251105
2026-09-10 19:13:07    0082N0   204건 · 20260909 ~ 20260119
2026-09-10 19:13:07    008320  뉴스 없음
2026-09-10 19:13:09    008350   125건 · 20260903 ~ 20250908
2026-09-10 19:13:10    008370     7건 · 20260304 ~ 20250909
2026-09-10 19:13:11    008420    34건 · 20260903 ~ 20251106
2026-09-10 19:13:12    008470    14건 · 20260813 ~ 20251020
2026-09-10 19:13:13    008490    15건 · 20260908 ~ 20250909
2026-09-10 19:13:14    008540  뉴스 없음
2026-09-10 19:13:15    008600    37건 · 20260423 ~ 20250909
2026-09-10 19:13:17    008700    20건 · 20260805 ~ 20251223
2026-09-10 19:13:18    008730    76건 · 20260910 ~ 20250909
2026-09-10 19:13:19    008775     8건 · 20260622 ~ 20250919
2026-09-10 19:13:20    008800  뉴스 없음
2026-09-10 19:13:21    008830    91건 · 20260810 ~ 20250923
2026-09-10 19:13:22    008870    11건 · 20260226 ~ 20251017
2026-09-10 19:13:24    0088M0    98건 · 20260910 ~ 20250919
2026-09-10 19:13:24    008900  뉴스 없음
2026-09-10 19:13:26    008930   207건 · 20260910 ~ 20260521
2026-09-10 19:13:28    008970    88건 · 20260903 ~ 20250911
2026-09-10 19:13:28    009010  뉴스 없음
2026-09-10 19:13:29    009070    26건 · 20260814 ~ 20250930
2026-09-10 19:13:30    009140     8건 · 20260907 ~ 20250909
2026-09-10 19:13:32    009155    75건 · 20260905 ~ 20260126
2026-09-10 19:13:33    009160    20건 · 20260710 ~ 20250922
2026-09-10 19:13:35    009180    56건 · 20260909 ~ 20250916
2026-09-10 19:13:36    009190    23건 · 20260909 ~ 20251029
2026-09-10 19:13:37    009200   125건 · 20260909 ~ 20250911
2026-09-10 19:13:39    009270    62건 · 20260903 ~ 20250909
2026-09-10 19:13:40    009280  뉴스 없음
2026-09-10 19:13:41    009290   209건 · 20260909 ~ 20260212
2026-09-10 19:13:42    009300    13건 · 20260908 ~ 20251002
2026-09-10 19:13:43    009310    22건 · 20260905 ~ 20251015
2026-09-10 19:13:44    009320     9건 · 20260712 ~ 20251210
2026-09-10 19:13:45    009380  뉴스 없음
2026-09-10 19:13:47    009410   201건 · 20260909 ~ 20260225
2026-09-10 19:13:48    009415    65건 · 20260622 ~ 20250917
2026-09-10 19:13:50    009420   203건 · 20260909 ~ 20251201
2026-09-10 19:13:51    009440    34건 · 20260903 ~ 20251128
2026-09-10 19:13:53    009450   210건 · 20260910 ~ 20260325
2026-09-10 19:13:54    009460    61건 · 20260907 ~ 20250913
2026-09-10 19:13:56    009470    42건 · 20260708 ~ 20250911
2026-09-10 19:13:58    009520    84건 · 20260910 ~ 20250924
2026-09-10 19:13:59    009580   126건 · 20260909 ~ 20250909
2026-09-10 19:14:00    009620    24건 · 20260819 ~ 20251001
2026-09-10 19:14:01    009680    12건 · 20260616 ~ 20250925
2026-09-10 19:14:03    009730    27건 · 20260814 ~ 20251117
2026-09-10 19:14:04    009770    10건 · 20260410 ~ 20251105
2026-09-10 19:14:05    009780    24건 · 20260719 ~ 20250907
2026-09-10 19:14:06    009810    12건 · 20260826 ~ 20250915
2026-09-10 19:14:07    009835     8건 · 20260807 ~ 20260204
2026-09-10 19:14:08    010040     6건 · 20260317 ~ 20251024
2026-09-10 19:14:09    010050    59건 · 20260904 ~ 20250929
2026-09-10 19:14:11    010100    23건 · 20260907 ~ 20250911
2026-09-10 19:14:12    010145     9건 · 20251206 ~ 20250928
2026-09-10 19:14:13    010170   221건 · 20260910 ~ 20260312
2026-09-10 19:14:14    010240     6건 · 20260715 ~ 20251209
2026-09-10 19:14:16    010280   128건 · 20260901 ~ 20250908
2026-09-10 19:14:17    010400    35건 · 20260814 ~ 20250908
2026-09-10 19:14:18    010420    14건 · 20260904 ~ 20250908
2026-09-10 19:14:18    010460  뉴스 없음
2026-09-10 19:14:19    010470    20건 · 20260819 ~ 20250921
2026-09-10 19:14:21    010580    89건 · 20260910 ~ 20250918
2026-09-10 19:14:23    010600    69건 · 20260731 ~ 20250911
2026-09-10 19:14:24    010640    37건 · 20260828 ~ 20250908
2026-09-10 19:14:26    010660    41건 · 20260902 ~ 20250910
2026-09-10 19:14:26    010670  뉴스 없음
2026-09-10 19:14:28    010690    58건 · 20260821 ~ 20250924
2026-09-10 19:14:29    010770    11건 · 20260824 ~ 20260114
2026-09-10 19:14:31    010780   204건 · 20260909 ~ 20260114
2026-09-10 19:14:32    010820    73건 · 20260903 ~ 20250911
2026-09-10 19:14:33    010955     8건 · 20260306 ~ 20250924
2026-09-10 19:14:34    010960    26건 · 20260903 ~ 20250912
2026-09-10 19:14:36    011000   113건 · 20260907 ~ 20250918
2026-09-10 19:14:38    011040    70건 · 20260903 ~ 20250910
2026-09-10 19:14:39    011080   136건 · 20260904 ~ 20250922
2026-09-10 19:14:41    011090   154건 · 20260904 ~ 20250909
2026-09-10 19:14:42    011150    34건 · 20260821 ~ 20250907
2026-09-10 19:14:43    011160  뉴스 없음
2026-09-10 19:14:44    011230    63건 · 20260727 ~ 20250909
2026-09-10 19:14:46    011280    76건 · 20260909 ~ 20250916
2026-09-10 19:14:47    011300    72건 · 20260901 ~ 20250924
2026-09-10 19:14:48    011320    11건 · 20260728 ~ 20251002
2026-09-10 19:14:50    011330    80건 · 20260824 ~ 20250908
2026-09-10 19:14:52    011370   209건 · 20260910 ~ 20260422
2026-09-10 19:14:53    011390    62건 · 20260908 ~ 20250916
2026-09-10 19:14:54    011400  뉴스 없음
2026-09-10 19:14:55    011420    33건 · 20260814 ~ 20250923
2026-09-10 19:14:57    011500    28건 · 20260708 ~ 20250929
2026-09-10 19:14:58    011560    33건 · 20260904 ~ 20250910
2026-09-10 19:14:59    0115H0    29건 · 20260713 ~ 20251013
2026-09-10 19:15:01    011690    97건 · 20260909 ~ 20250910
2026-09-10 19:15:02    011700    49건 · 20260908 ~ 20250922
2026-09-10 19:15:03    011720  뉴스 없음
2026-09-10 19:15:04    011760   100건 · 20260907 ~ 20251002
2026-09-10 19:15:05    011785     1건 · 20260112 ~ 20260112
2026-09-10 19:15:07    0117P0   177건 · 20260909 ~ 20251117
2026-09-10 19:15:08    011800  뉴스 없음
2026-09-10 19:15:09    011810    65건 · 20260906 ~ 20250910
2026-09-10 19:15:11    011930   203건 · 20260908 ~ 20260105
2026-09-10 19:15:12    012030   204건 · 20260909 ~ 20260117
2026-09-10 19:15:13    012090  뉴스 없음
2026-09-10 19:15:14    012160    19건 · 20260811 ~ 20250925
2026-09-10 19:15:15    012170    59건 · 20260903 ~ 20250917
2026-09-10 19:15:17    012200   118건 · 20260908 ~ 20250908
2026-09-10 19:15:18    012210    74건 · 20260909 ~ 20250909
2026-09-10 19:15:19    012280    13건 · 20260827 ~ 20251211
2026-09-10 19:15:20    012320    16건 · 20260728 ~ 20260128
2026-09-10 19:15:22    012340    60건 · 20260813 ~ 20251203
2026-09-10 19:15:23    012410  뉴스 없음
2026-09-10 19:15:23    012420  뉴스 없음
2026-09-10 19:15:25    012510   162건 · 20260810 ~ 20250916
2026-09-10 19:15:26    012600    17건 · 20260619 ~ 20251214
2026-09-10 19:15:27    012610    29건 · 20260602 ~ 20251201
2026-09-10 19:15:28    012620     9건 · 20260409 ~ 20251110
2026-09-10 19:15:28    012650  뉴스 없음
2026-09-10 19:15:30    012690    54건 · 20260827 ~ 20250912
2026-09-10 19:15:32    012700    45건 · 20260827 ~ 20250917
2026-09-10 19:15:32    012790  뉴스 없음
2026-09-10 19:15:34    012800    42건 · 20260826 ~ 20250925
2026-09-10 19:15:35    012860    88건 · 20260903 ~ 20250908
2026-09-10 19:15:36    013000     4건 · 20260605 ~ 20251027
2026-09-10 19:15:38    013030    35건 · 20260909 ~ 20250908
2026-09-10 19:15:39    013120   202건 · 20260909 ~ 20251001
2026-09-10 19:15:40    013240  뉴스 없음
2026-09-10 19:15:41    013310    61건 · 20260827 ~ 20250909
2026-09-10 19:15:42    013340  뉴스 없음
2026-09-10 19:15:44    013360   132건 · 20260910 ~ 20250908
2026-09-10 19:15:44    013450  뉴스 없음
2026-09-10 19:15:46    013520    40건 · 20260901 ~ 20250908
2026-09-10 19:15:47    013570    16건 · 20260813 ~ 20251002
2026-09-10 19:15:48    013580   209건 · 20260910 ~ 20260119
2026-09-10 19:15:50    013700    36건 · 20260901 ~ 20250930
2026-09-10 19:15:51    013720    28건 · 20260821 ~ 20250919
2026-09-10 19:15:52    013810    10건 · 20260722 ~ 20250911
2026-09-10 19:15:53    013870    20건 · 20260421 ~ 20251016
2026-09-10 19:15:55    013890   112건 · 20260910 ~ 20250922
2026-09-10 19:15:56    013990    27건 · 20260818 ~ 20250904
2026-09-10 19:15:58    014100    62건 · 20260909 ~ 20250918
2026-09-10 19:15:59    014130    31건 · 20260908 ~ 20250920
2026-09-10 19:16:01    014160    47건 · 20260816 ~ 20260209
2026-09-10 19:16:02    014190    20건 · 20260901 ~ 20251001
2026-09-10 19:16:03    014200    12건 · 20260605 ~ 20250930
2026-09-10 19:16:04    014280    48건 · 20260604 ~ 20250908
2026-09-10 19:16:05    014300  뉴스 없음
2026-09-10 19:16:06    014440     2건 · 20260121 ~ 20260121
2026-09-10 19:16:07    014470    16건 · 20260910 ~ 20251116
2026-09-10 19:16:08    014530   154건 · 20260910 ~ 20250917
2026-09-10 19:16:10    014570    20건 · 20260816 ~ 20260105
2026-09-10 19:16:11    014580    20건 · 20260529 ~ 20251023
2026-09-10 19:16:11    014590  뉴스 없음
2026-09-10 19:16:13    014620    88건 · 20260909 ~ 20250912
2026-09-10 19:16:15    014680   164건 · 20260907 ~ 20250912
2026-09-10 19:16:16    014710    45건 · 20260904 ~ 20250909
2026-09-10 19:16:18    014790   185건 · 20260826 ~ 20250908
2026-09-10 19:16:19    014820   177건 · 20260910 ~ 20250923
2026-09-10 19:16:21    014910    54건 · 20260903 ~ 20251230
2026-09-10 19:16:23    014940    63건 · 20260722 ~ 20250904
2026-09-10 19:16:24    014950    88건 · 20260909 ~ 20250915
2026-09-10 19:16:25    014970    27건 · 20260727 ~ 20250908
2026-09-10 19:16:27    014990    79건 · 20260907 ~ 20250918
2026-09-10 19:16:28    015020    21건 · 20260526 ~ 20250908
2026-09-10 19:16:29    015200  뉴스 없음
2026-09-10 19:16:30    015230     3건 · 20260323 ~ 20260317
2026-09-10 19:16:31    015260    58건 · 20260908 ~ 20250924
2026-09-10 19:16:32    015350  뉴스 없음
2026-09-10 19:16:34    015360    77건 · 20260903 ~ 20250910
2026-09-10 19:16:34    015390  뉴스 없음
2026-09-10 19:16:35    015540  뉴스 없음
2026-09-10 19:16:36    015590    20건 · 20260630 ~ 20251112
2026-09-10 19:16:38    0155E0    64건 · 20260907 ~ 20260330
2026-09-10 19:16:39    0156T0   100건 · 20260909 ~ 20260406
2026-09-10 19:16:40    015710     9건 · 20260831 ~ 20251217
2026-09-10 19:16:42    015750   114건 · 20260908 ~ 20250909
2026-09-10 19:16:43    015860    40건 · 20260824 ~ 20250911
2026-09-10 19:16:44    015890     3건 · 20260806 ~ 20251202
2026-09-10 19:16:45    016090     6건 · 20260819 ~ 20251216
2026-09-10 19:16:47    016100    22건 · 20260812 ~ 20251010
2026-09-10 19:16:47    016140  뉴스 없음
2026-09-10 19:16:48    016170  뉴스 없음
2026-09-10 19:16:49    016250    37건 · 20260902 ~ 20251027
2026-09-10 19:16:51    016380   205건 · 20260907 ~ 20251016
2026-09-10 19:16:53    016450    77건 · 20260908 ~ 20250907
2026-09-10 19:16:53    016510  뉴스 없음
2026-09-10 19:16:54    016560  뉴스 없음
2026-09-10 19:16:54    016570  뉴스 없음
2026-09-10 19:16:56    016580    46건 · 20260831 ~ 20250908
2026-09-10 19:16:57    016590    43건 · 20260816 ~ 20251103
2026-09-10 19:16:59    016600    93건 · 20260906 ~ 20250908
2026-09-10 19:17:01    016610   219건 · 20260910 ~ 20260803
2026-09-10 19:17:02    016670    15건 · 20260521 ~ 20250915
2026-09-10 19:17:02    016710    20건 · 20260826 ~ 20250923
2026-09-10 19:17:04    016740    33건 · 20260814 ~ 20250922
2026-09-10 19:17:05    016790    29건 · 20260910 ~ 20250923
2026-09-10 19:17:07    016880    97건 · 20260903 ~ 20250908
2026-09-10 19:17:08    016920    49건 · 20260724 ~ 20250915
2026-09-10 19:17:10    017000    45건 · 20260706 ~ 20250908
2026-09-10 19:17:12    017040    56건 · 20260814 ~ 20250923
2026-09-10 19:17:12    017170  뉴스 없음
2026-09-10 19:17:13    017180    13건 · 20260902 ~ 20250913
2026-09-10 19:17:14    017250     4건 · 20260518 ~ 20251223
2026-09-10 19:17:15    017300  뉴스 없음
2026-09-10 19:17:16    017370    10건 · 20260813 ~ 20250913
2026-09-10 19:17:17    017480    17건 · 20260604 ~ 20251229
2026-09-10 19:17:18    017510    28건 · 20260827 ~ 20250915
2026-09-10 19:17:19    017550    31건 · 20260826 ~ 20260120
2026-09-10 19:17:20    017650    16건 · 20260816 ~ 20251208
2026-09-10 19:17:21    017680  뉴스 없음
2026-09-10 19:17:22    017810   218건 · 20260910 ~ 20260723
2026-09-10 19:17:24    017860    93건 · 20260902 ~ 20250908
2026-09-10 19:17:25    017890    20건 · 20260825 ~ 20251202
2026-09-10 19:17:27    017900    71건 · 20260908 ~ 20250924
2026-09-10 19:17:28    017940   115건 · 20260910 ~ 20250907
2026-09-10 19:17:30    017960   149건 · 20260910 ~ 20250908
2026-09-10 19:17:31    018000    87건 · 20260901 ~ 20250908
2026-09-10 19:17:32    018120     9건 · 20260825 ~ 20260224
2026-09-10 19:17:34    018290    81건 · 20260908 ~ 20250908
2026-09-10 19:17:35    018310    36건 · 20260628 ~ 20250907
2026-09-10 19:17:37    018470    76건 · 20260910 ~ 20251111
2026-09-10 19:17:38    018500    17건 · 20260824 ~ 20250910
2026-09-10 19:17:39    018620    42건 · 20260827 ~ 20250923
2026-09-10 19:17:40    018680     5건 · 20260617 ~ 20260118
2026-09-10 19:17:42    018700    42건 · 20260910 ~ 20250912
2026-09-10 19:17:43    019010    20건 · 20260904 ~ 20251014
2026-09-10 19:17:45    019170   119건 · 20260910 ~ 20250910
2026-09-10 19:17:46    019175    18건 · 20260828 ~ 20251028
2026-09-10 19:17:47    019180    65건 · 20260910 ~ 20250909
2026-09-10 19:17:49    019210    29건 · 20260904 ~ 20251002
2026-09-10 19:17:49    019260  뉴스 없음
2026-09-10 19:17:50    019300  뉴스 없음
2026-09-10 19:17:51    019440    27건 · 20260610 ~ 20251030
2026-09-10 19:17:53    019490    55건 · 20260831 ~ 20250910
2026-09-10 19:17:53    019540    19건 · 20260831 ~ 20251028
2026-09-10 19:17:55    019550   146건 · 20260908 ~ 20250909
2026-09-10 19:17:57    019570    50건 · 20260910 ~ 20250911
2026-09-10 19:17:58    019590     6건 · 20251105 ~ 20250927
2026-09-10 19:17:59    019660    20건 · 20260818 ~ 20251013
2026-09-10 19:18:01    019680   202건 · 20260910 ~ 20250909
2026-09-10 19:18:02    019685     4건 · 20260910 ~ 20250924
2026-09-10 19:18:03    019770     7건 · 20260713 ~ 20251121
2026-09-10 19:18:04    019990    42건 · 20260909 ~ 20250924
2026-09-10 19:18:06    020120    60건 · 20260909 ~ 20250915
2026-09-10 19:18:07    020180    48건 · 20260828 ~ 20250916
2026-09-10 19:18:09    020710    21건 · 20260910 ~ 20250923
2026-09-10 19:18:10    020760     5건 · 20260730 ~ 20251206
2026-09-10 19:18:10    021040    14건 · 20260812 ~ 20250929
2026-09-10 19:18:11    021050    18건 · 20260814 ~ 20251210
2026-09-10 19:18:13    021080   202건 · 20260908 ~ 20251113
2026-09-10 19:18:15    021320   203건 · 20260909 ~ 20250909
2026-09-10 19:18:16    021650    20건 · 20260423 ~ 20250913
2026-09-10 19:18:17    021820     9건 · 20260414 ~ 20251110
2026-09-10 19:18:18    021880    38건 · 20260827 ~ 20251014
2026-09-10 19:18:20    0218L0    21건 · 20260827 ~ 20260105
2026-09-10 19:18:20    021960  뉴스 없음
2026-09-10 19:18:21    0220WL     4건 · 20260903 ~ 20260825
2026-09-10 19:18:23    022220    37건 · 20260831 ~ 20251119
2026-09-10 19:18:23    022520  뉴스 없음
2026-09-10 19:18:24    023000    17건 · 20260531 ~ 20251120
2026-09-10 19:18:25    023020  뉴스 없음
2026-09-10 19:18:26    023150    11건 · 20260825 ~ 20260204
2026-09-10 19:18:27    023160    44건 · 20260910 ~ 20250910
2026-09-10 19:18:28    023350    16건 · 20260512 ~ 20250916
2026-09-10 19:18:30    023410   144건 · 20260909 ~ 20250908
2026-09-10 19:18:31    023430  뉴스 없음
2026-09-10 19:18:32    023440    46건 · 20260714 ~ 20250915
2026-09-10 19:18:33    023450     7건 · 20260504 ~ 20250915
2026-09-10 19:18:34    023460     5건 · 20260702 ~ 20251208
2026-09-10 19:18:35    023600     6건 · 20260531 ~ 20260206
2026-09-10 19:18:37    023760    43건 · 20260821 ~ 20250909
2026-09-10 19:18:38    023770    92건 · 20260910 ~ 20250908
2026-09-10 19:18:40    023790    83건 · 20260907 ~ 20250908
2026-09-10 19:18:41    023800    35건 · 20260821 ~ 20250907
2026-09-10 19:18:42    023810    23건 · 20260716 ~ 20250928
2026-09-10 19:18:43    023890  뉴스 없음
2026-09-10 19:18:44    023900    13건 · 20260825 ~ 20260223
2026-09-10 19:18:45    023910    20건 · 20260907 ~ 20251212
2026-09-10 19:18:47    023960    41건 · 20260908 ~ 20250915
2026-09-10 19:18:48    024060   220건 · 20260910 ~ 20260304
2026-09-10 19:18:49    024070     1건 · 20251105 ~ 20251105
2026-09-10 19:18:51    024090    64건 · 20260909 ~ 20250918
2026-09-10 19:18:51    024100  뉴스 없음
2026-09-10 19:18:52    024120    15건 · 20260527 ~ 20250923
2026-09-10 19:18:53    024660  뉴스 없음
2026-09-10 19:18:54    024720   206건 · 20260909 ~ 20251023
2026-09-10 19:18:56    024740    40건 · 20260616 ~ 20251208
2026-09-10 19:18:57    024800    20건 · 20260830 ~ 20251001
2026-09-10 19:18:59    024810    53건 · 20260909 ~ 20250908
2026-09-10 19:18:59    024830     5건 · 20260806 ~ 20251015
2026-09-10 19:19:01    024840   108건 · 20260904 ~ 20250911
2026-09-10 19:19:03    024850   205건 · 20260909 ~ 20251104
2026-09-10 19:19:04    024880    58건 · 20260728 ~ 20250917
2026-09-10 19:19:06    024890    37건 · 20260903 ~ 20251013
2026-09-10 19:19:07    024900    16건 · 20260816 ~ 20250910
2026-09-10 19:19:08    024910    41건 · 20260824 ~ 20250917
2026-09-10 19:19:09    024940     7건 · 20260720 ~ 20250918
2026-09-10 19:19:11    024950    77건 · 20260826 ~ 20250929
2026-09-10 19:19:12    025000    20건 · 20260706 ~ 20251105
2026-09-10 19:19:13    025270  뉴스 없음
2026-09-10 19:19:14    025320    84건 · 20260909 ~ 20250908
2026-09-10 19:19:16    025440    41건 · 20260706 ~ 20251023
2026-09-10 19:19:17    025530     4건 · 20260716 ~ 20260616
2026-09-10 19:19:18    025540    45건 · 20260901 ~ 20250918
2026-09-10 19:19:20    025550    21건 · 20260601 ~ 20250911
2026-09-10 19:19:21    025560   202건 · 20260908 ~ 20251021
2026-09-10 19:19:22    025610  뉴스 없음
2026-09-10 19:19:24    025620    88건 · 20260902 ~ 20250908
2026-09-10 19:19:25    025750    61건 · 20260907 ~ 20250909
2026-09-10 19:19:27    025770   132건 · 20260909 ~ 20250915
2026-09-10 19:19:28    025820    20건 · 20260824 ~ 20250925
2026-09-10 19:19:29    025850  뉴스 없음
2026-09-10 19:19:30    025870    37건 · 20260909 ~ 20250916
2026-09-10 19:19:31    025880     4건 · 20260714 ~ 20250925
2026-09-10 19:19:32    025890    30건 · 20260812 ~ 20250909
2026-09-10 19:19:34    025900    54건 · 20260910 ~ 20250917
2026-09-10 19:19:34    025920  뉴스 없음
2026-09-10 19:19:36    025950    89건 · 20260812 ~ 20250908
2026-09-10 19:19:36    025970  뉴스 없음
2026-09-10 19:19:38    025980    90건 · 20260904 ~ 20250911
2026-09-10 19:19:39    026040   127건 · 20260910 ~ 20250911
2026-09-10 19:19:41    026150    20건 · 20260825 ~ 20251205
2026-09-10 19:19:41    026180  뉴스 없음
2026-09-10 19:19:42    026220  뉴스 없음
2026-09-10 19:19:43    026250  뉴스 없음
2026-09-10 19:19:43    026260  뉴스 없음
2026-09-10 19:19:45    026890   208건 · 20260909 ~ 20260212
2026-09-10 19:19:46    026910    25건 · 20260831 ~ 20250915
2026-09-10 19:19:47    026940    40건 · 20260903 ~ 20260121
2026-09-10 19:19:49    027040    40건 · 20260901 ~ 20251107
2026-09-10 19:19:50    027050    27건 · 20260907 ~ 20250908
2026-09-10 19:19:52    027360   201건 · 20260909 ~ 20260225
2026-09-10 19:19:52    027390  뉴스 없음
2026-09-10 19:19:54    027580    21건 · 20260527 ~ 20251013
2026-09-10 19:19:55    027710    49건 · 20260804 ~ 20250912
2026-09-10 19:19:57    027740    73건 · 20260909 ~ 20250909
2026-09-10 19:19:58    027830    60건 · 20260908 ~ 20250909
2026-09-10 19:19:59    027840  뉴스 없음
2026-09-10 19:20:01    027970    81건 · 20260910 ~ 20250912
2026-09-10 19:20:01    028040  뉴스 없음
2026-09-10 19:20:03    028080    37건 · 20260903 ~ 20250916
2026-09-10 19:20:03    028090  뉴스 없음
2026-09-10 19:20:05    028100    40건 · 20260819 ~ 20250912
2026-09-10 19:20:06    02826K    11건 · 20260811 ~ 20251002
2026-09-10 19:20:07    028300   212건 · 20260909 ~ 20260805
2026-09-10 19:20:09    028670   204건 · 20260909 ~ 20260415
2026-09-10 19:20:10    029460    21건 · 20260826 ~ 20250915
2026-09-10 19:20:12    029480    36건 · 20260910 ~ 20251001
2026-09-10 19:20:13    029530    39건 · 20260904 ~ 20250930
2026-09-10 19:20:14    029960    10건 · 20260226 ~ 20251119
2026-09-10 19:20:15    030030  뉴스 없음
2026-09-10 19:20:16    030190   203건 · 20260910 ~ 20260205
2026-09-10 19:20:18    030210   208건 · 20260910 ~ 20260727
2026-09-10 19:20:19    030270  뉴스 없음
2026-09-10 19:20:20    030350    72건 · 20260905 ~ 20250915
2026-09-10 19:20:22    030520   211건 · 20260910 ~ 20260513
2026-09-10 19:20:23    030530   204건 · 20260908 ~ 20251211
2026-09-10 19:20:25    030610   217건 · 20260910 ~ 20260804
2026-09-10 19:20:27    030720    36건 · 20260903 ~ 20250924
2026-09-10 19:20:28    030790     1건 · 20251012 ~ 20251012
2026-09-10 19:20:28    030960    12건 · 20260707 ~ 20251105
2026-09-10 19:20:30    031310    63건 · 20260828 ~ 20250922
2026-09-10 19:20:31    031330    24건 · 20260902 ~ 20250908
2026-09-10 19:20:32    031390  뉴스 없음
2026-09-10 19:20:34    031440   198건 · 20260907 ~ 20251109
2026-09-10 19:20:34    031510    10건 · 20260821 ~ 20260223
2026-09-10 19:20:37    031820    53건 · 20260901 ~ 20250917
2026-09-10 19:20:39    031860    49건 · 20260904 ~ 20250908
2026-09-10 19:20:39    031950  뉴스 없음
2026-09-10 19:20:41    031980   167건 · 20260910 ~ 20250918
2026-09-10 19:20:41    032040  뉴스 없음
2026-09-10 19:20:42    032080     9건 · 20260724 ~ 20251209
2026-09-10 19:20:44    032190    88건 · 20260906 ~ 20250908
2026-09-10 19:20:45    032280    27건 · 20260803 ~ 20250916
2026-09-10 19:20:46    032290  뉴스 없음
2026-09-10 19:20:47    032300    32건 · 20260910 ~ 20251003
2026-09-10 19:20:49    032350   201건 · 20260908 ~ 20260324
2026-09-10 19:20:49    032380  뉴스 없음
2026-09-10 19:20:50    032420  뉴스 없음
2026-09-10 19:20:51    032500    95건 · 20260905 ~ 20250908
2026-09-10 19:20:53    032540    56건 · 20260828 ~ 20250916
2026-09-10 19:20:54    032560     2건 · 20260421 ~ 20250922
2026-09-10 19:20:55    032580    27건 · 20260910 ~ 20250917
2026-09-10 19:20:57    032620    83건 · 20260907 ~ 20250916
2026-09-10 19:20:58    032680    27건 · 20260608 ~ 20251106
2026-09-10 19:20:59    032750    16건 · 20260827 ~ 20250924
2026-09-10 19:21:00    032790    62건 · 20260910 ~ 20250916
2026-09-10 19:21:02    032800   109건 · 20260910 ~ 20250911
2026-09-10 19:21:04    032820   213건 · 20260910 ~ 20260120
2026-09-10 19:21:05    032850    45건 · 20260909 ~ 20250928
2026-09-10 19:21:06    032860     7건 · 20260901 ~ 20251202
2026-09-10 19:21:07    032930  뉴스 없음
2026-09-10 19:21:08    032940    56건 · 20260904 ~ 20250916
2026-09-10 19:21:09    032960    16건 · 20260702 ~ 20250908
2026-09-10 19:21:10    032980    12건 · 20260630 ~ 20251217
2026-09-10 19:21:12    033050    39건 · 20260826 ~ 20260219
2026-09-10 19:21:13    033100    70건 · 20260831 ~ 20250910
2026-09-10 19:21:14    033110  뉴스 없음
2026-09-10 19:21:15    033130    39건 · 20260910 ~ 20250911
2026-09-10 19:21:17    033160   116건 · 20260908 ~ 20250910
2026-09-10 19:21:18    033170    23건 · 20260826 ~ 20251002
2026-09-10 19:21:20    033180    29건 · 20260910 ~ 20251105
2026-09-10 19:21:21    033200     8건 · 20260512 ~ 20250925
2026-09-10 19:21:22    033230    40건 · 20260825 ~ 20250917
2026-09-10 19:21:24    033240    38건 · 20260819 ~ 20251015
2026-09-10 19:21:25    033250    15건 · 20260907 ~ 20250923
2026-09-10 19:21:26    033270   128건 · 20260904 ~ 20250907
2026-09-10 19:21:27    033290    21건 · 20260909 ~ 20250922
2026-09-10 19:21:28    033310    12건 · 20260827 ~ 20251013
2026-09-10 19:21:29    033320     4건 · 20260310 ~ 20251001
2026-09-10 19:21:31    033340    88건 · 20260909 ~ 20250908
2026-09-10 19:21:32    033430  뉴스 없음
2026-09-10 19:21:33    033500    82건 · 20260723 ~ 20250908
2026-09-10 19:21:35    033530    67건 · 20260904 ~ 20250909
2026-09-10 19:21:36    033540    39건 · 20260811 ~ 20250929
2026-09-10 19:21:37    033560     1건 · 20251205 ~ 20251205
2026-09-10 19:21:38    033600  뉴스 없음
2026-09-10 19:21:39    033640    61건 · 20260910 ~ 20250908
2026-09-10 19:21:41    033790    58건 · 20260908 ~ 20251013
2026-09-10 19:21:42    033830    19건 · 20260703 ~ 20250919
2026-09-10 19:21:44    033920    59건 · 20260908 ~ 20250908
2026-09-10 19:21:45    034120    63건 · 20260910 ~ 20260818
2026-09-10 19:21:47    034300    96건 · 20260909 ~ 20250924
2026-09-10 19:21:48    034310   203건 · 20260910 ~ 20260417
2026-09-10 19:21:50    034590    31건 · 20260408 ~ 20251019
2026-09-10 19:21:51    034600  뉴스 없음
2026-09-10 19:21:52    03473K    20건 · 20260811 ~ 20250909
2026-09-10 19:21:53    034810    21건 · 20260908 ~ 20251121
2026-09-10 19:21:54    034830   205건 · 20260910 ~ 20260324
2026-09-10 19:21:56    034940    96건 · 20260910 ~ 20250911
2026-09-10 19:21:58    034950   202건 · 20260906 ~ 20260329
2026-09-10 19:21:59    035000    56건 · 20260821 ~ 20250907
2026-09-10 19:22:01    035080    99건 · 20260909 ~ 20250923
2026-09-10 19:22:02    035150    17건 · 20260623 ~ 20250915
2026-09-10 19:22:03    035200     8건 · 20260719 ~ 20251217
2026-09-10 19:22:03    035210  뉴스 없음
2026-09-10 19:22:05    035290    75건 · 20260909 ~ 20251013
2026-09-10 19:22:05    035450  뉴스 없음
2026-09-10 19:22:06    035460    11건 · 20260809 ~ 20260213
2026-09-10 19:22:07    035480  뉴스 없음
2026-09-10 19:22:08    035510   296건 · 20260905 ~ 20250903
2026-09-10 19:22:10    035600   190건 · 20260905 ~ 20250908
2026-09-10 19:22:11    035610    26건 · 20260731 ~ 20250925
2026-09-10 19:22:13    035620    33건 · 20260909 ~ 20251015
2026-09-10 19:22:13    035710  뉴스 없음
2026-09-10 19:22:15    035810    45건 · 20260908 ~ 20251023
2026-09-10 19:22:17    035890   203건 · 20260910 ~ 20250907
2026-09-10 19:22:18    035900   209건 · 20260910 ~ 20260421
2026-09-10 19:22:19    036000    27건 · 20260826 ~ 20250919
2026-09-10 19:22:20    036010    11건 · 20260508 ~ 20251002
2026-09-10 19:22:22    036030    36건 · 20260909 ~ 20250915
2026-09-10 19:22:23    036090    35건 · 20260904 ~ 20260316
2026-09-10 19:22:25    036120    93건 · 20260904 ~ 20250916
2026-09-10 19:22:26    036170    45건 · 20260622 ~ 20250925
2026-09-10 19:22:27    036180    12건 · 20260316 ~ 20250924
2026-09-10 19:22:29    036190    26건 · 20260806 ~ 20251010
2026-09-10 19:22:30    036200    32건 · 20260830 ~ 20250913
2026-09-10 19:22:30    036210  뉴스 없음
2026-09-10 19:22:32    036220    59건 · 20260901 ~ 20250904
2026-09-10 19:22:33    036260  뉴스 없음
2026-09-10 19:22:34    036420   203건 · 20260910 ~ 20260616
2026-09-10 19:22:35    036480    20건 · 20260818 ~ 20250914
2026-09-10 19:22:36    036500  뉴스 없음
2026-09-10 19:22:37    036530    98건 · 20260906 ~ 20250908
2026-09-10 19:22:39    036540    92건 · 20260908 ~ 20250919
2026-09-10 19:22:40    036560   118건 · 20260909 ~ 20250908
2026-09-10 19:22:42    036580    35건 · 20260902 ~ 20250909
2026-09-10 19:22:43    036620    93건 · 20260907 ~ 20250912
2026-09-10 19:22:45    036630    63건 · 20260818 ~ 20250912
2026-09-10 19:22:46    036640    10건 · 20260908 ~ 20251224
2026-09-10 19:22:47    036670    32건 · 20260714 ~ 20250930
2026-09-10 19:22:49    036690    40건 · 20260908 ~ 20251113
2026-09-10 19:22:50    036710    28건 · 20260827 ~ 20250922
2026-09-10 19:22:52    036800    76건 · 20260807 ~ 20250908
2026-09-10 19:22:53    036810    60건 · 20260826 ~ 20250910
2026-09-10 19:22:54    036840  뉴스 없음
2026-09-10 19:22:55    036850  뉴스 없음
2026-09-10 19:22:56    036890    23건 · 20260902 ~ 20251023
2026-09-10 19:22:57    036930   345건 · 20260910 ~ 20260826
2026-09-10 19:22:58    037030    19건 · 20260708 ~ 20251001
2026-09-10 19:23:00    037070    66건 · 20260902 ~ 20251109
2026-09-10 19:23:01    037230    49건 · 20260724 ~ 20250908
2026-09-10 19:23:03    037270    51건 · 20260906 ~ 20250916
2026-09-10 19:23:04    037320  뉴스 없음
2026-09-10 19:23:05    037330    26건 · 20260820 ~ 20250907
2026-09-10 19:23:05    037340  뉴스 없음
2026-09-10 19:23:07    037350    20건 · 20260822 ~ 20250926
2026-09-10 19:23:08    037370    18건 · 20260908 ~ 20251013
2026-09-10 19:23:08    037380  뉴스 없음
2026-09-10 19:23:10    037400    39건 · 20260906 ~ 20250910
2026-09-10 19:23:11    037440   137건 · 20260909 ~ 20250908
2026-09-10 19:23:13    037460    40건 · 20260819 ~ 20251026
2026-09-10 19:23:15    037560   219건 · 20260908 ~ 20260507
2026-09-10 19:23:15    037630  뉴스 없음
2026-09-10 19:23:16    037700  뉴스 없음
2026-09-10 19:23:17    037710    91건 · 20260909 ~ 20250916
2026-09-10 19:23:18    037760     8건 · 20260520 ~ 20250915
2026-09-10 19:23:19    037950    13건 · 20260829 ~ 20251013
2026-09-10 19:23:20    038010     9건 · 20260808 ~ 20250911
2026-09-10 19:23:21    038060    24건 · 20260902 ~ 20251110
2026-09-10 19:23:23    038070    32건 · 20260826 ~ 20251005
2026-09-10 19:23:24    038110    60건 · 20260724 ~ 20250924
2026-09-10 19:23:25    038120  뉴스 없음
2026-09-10 19:23:25    038160  뉴스 없음
2026-09-10 19:23:27    038290    86건 · 20260909 ~ 20250907
2026-09-10 19:23:29    038340    45건 · 20260826 ~ 20250909
2026-09-10 19:23:30    038390    40건 · 20260806 ~ 20251022
2026-09-10 19:23:31    038460    21건 · 20260901 ~ 20250908
2026-09-10 19:23:33    038500   203건 · 20260908 ~ 20251127
2026-09-10 19:23:34    038530    75건 · 20260910 ~ 20250912
2026-09-10 19:23:36    038540   129건 · 20260909 ~ 20250908
2026-09-10 19:23:37    038620    11건 · 20260714 ~ 20260108
2026-09-10 19:23:38    038680    72건 · 20260910 ~ 20250908
2026-09-10 19:23:39    038710  뉴스 없음
2026-09-10 19:23:40    038720  뉴스 없음
2026-09-10 19:23:41    038870    68건 · 20260907 ~ 20250914
2026-09-10 19:23:43    038880    87건 · 20260907 ~ 20250907
2026-09-10 19:23:44    038950    11건 · 20260701 ~ 20250919
2026-09-10 19:23:44    038990  뉴스 없음
2026-09-10 19:23:45    039010    20건 · 20260716 ~ 20251120
2026-09-10 19:23:47    039020    40건 · 20260819 ~ 20251014
2026-09-10 19:23:49    039030   302건 · 20260910 ~ 20260825
2026-09-10 19:23:50    039200   206건 · 20260910 ~ 20260313
2026-09-10 19:23:51    039230  뉴스 없음
2026-09-10 19:23:52    039240    13건 · 20260824 ~ 20250908
2026-09-10 19:23:53    039290    95건 · 20260909 ~ 20250922
2026-09-10 19:23:54    039310    10건 · 20260428 ~ 20260318
2026-09-10 19:23:56    039340   235건 · 20260910 ~ 20260720
2026-09-10 19:23:56    039350  뉴스 없음
2026-09-10 19:23:57    039420     7건 · 20260410 ~ 20250925
2026-09-10 19:23:59    039440    67건 · 20260902 ~ 20250919
2026-09-10 19:24:00    039530  뉴스 없음
2026-09-10 19:24:01    039560    79건 · 20260908 ~ 20250907
2026-09-10 19:24:03    039570   173건 · 20260910 ~ 20250911
2026-09-10 19:24:04    039610    51건 · 20260909 ~ 20250916
2026-09-10 19:24:05    039670  뉴스 없음
2026-09-10 19:24:07    039740    60건 · 20260827 ~ 20250910
2026-09-10 19:24:07    039790  뉴스 없음
2026-09-10 19:24:09    039830    66건 · 20260901 ~ 20251001
2026-09-10 19:24:10    039840    83건 · 20260819 ~ 20250915
2026-09-10 19:24:11    039850  뉴스 없음
2026-09-10 19:24:13    039860    65건 · 20260901 ~ 20250910
2026-09-10 19:24:14    039980    43건 · 20260824 ~ 20250923
2026-09-10 19:24:16    040160    38건 · 20260819 ~ 20250930
2026-09-10 19:24:17    040300   211건 · 20260910 ~ 20260707
2026-09-10 19:24:19    040350    41건 · 20260908 ~ 20250922
2026-09-10 19:24:20    040420    19건 · 20260824 ~ 20250926
2026-09-10 19:24:21    040610     4건 · 20260520 ~ 20260322
2026-09-10 19:24:22    040670  뉴스 없음
2026-09-10 19:24:22    040740  뉴스 없음
2026-09-10 19:24:24    040910    20건 · 20260713 ~ 20251010
2026-09-10 19:24:25    041020   132건 · 20260910 ~ 20250911
2026-09-10 19:24:26    041060  뉴스 없음
2026-09-10 19:24:27    041140     5건 · 20260828 ~ 20250930
2026-09-10 19:24:28    041190   170건 · 20260907 ~ 20250917
2026-09-10 19:24:30    041440    64건 · 20260910 ~ 20250916
2026-09-10 19:24:31    041460     5건 · 20260611 ~ 20251208
2026-09-10 19:24:32    041510   214건 · 20260910 ~ 20260618
2026-09-10 19:24:33    041520     3건 · 20260716 ~ 20251120
2026-09-10 19:24:34    041590     8건 · 20260909 ~ 20250919
2026-09-10 19:24:35    041630  뉴스 없음
2026-09-10 19:24:36    041650    16건 · 20260825 ~ 20250908
2026-09-10 19:24:37    041830   118건 · 20260908 ~ 20250912
2026-09-10 19:24:39    041910    67건 · 20260827 ~ 20250923
2026-09-10 19:24:41    041920   137건 · 20260910 ~ 20250908
2026-09-10 19:24:42    041930    29건 · 20260907 ~ 20251016
2026-09-10 19:24:44    042000   208건 · 20260910 ~ 20260407
2026-09-10 19:24:45    042040    37건 · 20260807 ~ 20251203
2026-09-10 19:24:46    042110    28건 · 20260828 ~ 20251014
2026-09-10 19:24:47    042340  뉴스 없음
2026-09-10 19:24:49    042370    58건 · 20260908 ~ 20250922
2026-09-10 19:24:50    042420    53건 · 20260909 ~ 20250912
2026-09-10 19:24:52    042500    58건 · 20260904 ~ 20250917
2026-09-10 19:24:54    042510   214건 · 20260908 ~ 20260417
2026-09-10 19:24:55    042520   157건 · 20260908 ~ 20250909
2026-09-10 19:24:56    042600    21건 · 20260910 ~ 20250922
2026-09-10 19:24:58    042700   229건 · 20260910 ~ 20260724
2026-09-10 19:24:59    042820  뉴스 없음
2026-09-10 19:24:59    042870  뉴스 없음
2026-09-10 19:25:01    042940    86건 · 20260901 ~ 20250908
2026-09-10 19:25:02    043090    36건 · 20260807 ~ 20251028
2026-09-10 19:25:04    043100    40건 · 20260831 ~ 20250916
2026-09-10 19:25:05    043150    34건 · 20260813 ~ 20250918
2026-09-10 19:25:06    043200    21건 · 20260826 ~ 20250922
2026-09-10 19:25:07    043220    19건 · 20260629 ~ 20250923
2026-09-10 19:25:09    043260   207건 · 20260910 ~ 20260303
2026-09-10 19:25:09    043290  뉴스 없음
2026-09-10 19:25:11    043340    40건 · 20260825 ~ 20251204
2026-09-10 19:25:12    043360     5건 · 20260406 ~ 20260220
2026-09-10 19:25:13    043370    29건 · 20260824 ~ 20250921
2026-09-10 19:25:14    043580  뉴스 없음
2026-09-10 19:25:15    043590    16건 · 20260721 ~ 20260206
2026-09-10 19:25:16    043610   203건 · 20260907 ~ 20250908
2026-09-10 19:25:17    043630  뉴스 없음
2026-09-10 19:25:19    043650   169건 · 20260909 ~ 20250908
2026-09-10 19:25:20    043710    20건 · 20260702 ~ 20251028
2026-09-10 19:25:21    043910    24건 · 20260910 ~ 20250908
2026-09-10 19:25:22    044060     2건 · 20251028 ~ 20251017
2026-09-10 19:25:24    044180    51건 · 20260609 ~ 20250908
2026-09-10 19:25:25    044340   200건 · 20260831 ~ 20251002
2026-09-10 19:25:27    044380    54건 · 20260910 ~ 20250929
2026-09-10 19:25:29    044450    81건 · 20260824 ~ 20250929
2026-09-10 19:25:30    044480    52건 · 20260814 ~ 20250908
2026-09-10 19:25:32    044490    86건 · 20260910 ~ 20250908
2026-09-10 19:25:32    044640  뉴스 없음
2026-09-10 19:25:34    044780    53건 · 20260908 ~ 20250910
2026-09-10 19:25:35    044820   140건 · 20260910 ~ 20250916
2026-09-10 19:25:36    044960    19건 · 20260807 ~ 20250914
2026-09-10 19:25:38    044990    28건 · 20260824 ~ 20250929
2026-09-10 19:25:38    045050  뉴스 없음
2026-09-10 19:25:39    045060    10건 · 20260406 ~ 20251112
2026-09-10 19:25:41    045100    66건 · 20260907 ~ 20250912
2026-09-10 19:25:41    045260  뉴스 없음
2026-09-10 19:25:42    045300     3건 · 20260910 ~ 20251124
2026-09-10 19:25:43    045340    10건 · 20260831 ~ 20251002
2026-09-10 19:25:44    045390    15건 · 20260909 ~ 20250923
2026-09-10 19:25:45    045470  뉴스 없음
2026-09-10 19:25:46    045510    31건 · 20260909 ~ 20250911
2026-09-10 19:25:47    045520    21건 · 20260909 ~ 20251217
2026-09-10 19:25:48    045660     8건 · 20260907 ~ 20251023
2026-09-10 19:25:49    045890  뉴스 없음
2026-09-10 19:25:50    045970    13건 · 20260809 ~ 20251114
2026-09-10 19:25:51    046070    22건 · 20260910 ~ 20250907
2026-09-10 19:25:52    046110     8건 · 20260730 ~ 20251016
2026-09-10 19:25:54    046120   128건 · 20260910 ~ 20250908
2026-09-10 19:25:55    046140     7건 · 20260905 ~ 20251208
2026-09-10 19:25:56    046210   128건 · 20260909 ~ 20250930
2026-09-10 19:25:57    046240  뉴스 없음
2026-09-10 19:25:58    046310     6건 · 20260710 ~ 20260106
2026-09-10 19:25:59    046390    20건 · 20260901 ~ 20250917
2026-09-10 19:26:00    046400  뉴스 없음
2026-09-10 19:26:00    046430  뉴스 없음
2026-09-10 19:26:02    046440   106건 · 20260902 ~ 20250922
2026-09-10 19:26:02    046840  뉴스 없음
2026-09-10 19:26:04    046940    31건 · 20260825 ~ 20251027
2026-09-10 19:26:05    046970   105건 · 20260909 ~ 20250930
2026-09-10 19:26:07    047080    45건 · 20260814 ~ 20250908
2026-09-10 19:26:08    047310    14건 · 20260825 ~ 20250929
2026-09-10 19:26:09    047400    92건 · 20260828 ~ 20251010
2026-09-10 19:26:10    047440  뉴스 없음
2026-09-10 19:26:10    047450  뉴스 없음
2026-09-10 19:26:12    047560   202건 · 20260907 ~ 20260103
2026-09-10 19:26:13    047710  뉴스 없음
2026-09-10 19:26:13    047730  뉴스 없음
2026-09-10 19:26:15    047770    94건 · 20260902 ~ 20251001
2026-09-10 19:26:16    047820    32건 · 20260910 ~ 20250909
2026-09-10 19:26:18    047920   176건 · 20260910 ~ 20250926
2026-09-10 19:26:19    048260    40건 · 20260909 ~ 20250908
2026-09-10 19:26:21    048410   139건 · 20260909 ~ 20250907
2026-09-10 19:26:22    048430     4건 · 20260828 ~ 20260310
2026-09-10 19:26:22    048460  뉴스 없음
2026-09-10 19:26:24    048470    20건 · 20260904 ~ 20250922
2026-09-10 19:26:25    048530    37건 · 20260904 ~ 20250923
2026-09-10 19:26:26    048550    66건 · 20260906 ~ 20250919
2026-09-10 19:26:28    048770    45건 · 20260910 ~ 20250915
2026-09-10 19:26:29    048830    15건 · 20260811 ~ 20251027
2026-09-10 19:26:31    048870    37건 · 20260714 ~ 20250926
2026-09-10 19:26:32    048910   123건 · 20260905 ~ 20250911
2026-09-10 19:26:33    049000  뉴스 없음
2026-09-10 19:26:34    049070    94건 · 20260909 ~ 20250908
2026-09-10 19:26:36    049080   103건 · 20260828 ~ 20250915
2026-09-10 19:26:37    049120    24건 · 20260907 ~ 20250908
2026-09-10 19:26:39    049180   109건 · 20260909 ~ 20250908
2026-09-10 19:26:40    049430    19건 · 20260904 ~ 20251126
2026-09-10 19:26:41    049470   152건 · 20260910 ~ 20250908
2026-09-10 19:26:43    049480    40건 · 20260905 ~ 20250917
2026-09-10 19:26:44    049520    18건 · 20260715 ~ 20250909
2026-09-10 19:26:45    049550     6건 · 20260910 ~ 20251126
2026-09-10 19:26:46    049630   105건 · 20260821 ~ 20250916
2026-09-10 19:26:47    049690  뉴스 없음
2026-09-10 19:26:48    049720    16건 · 20260908 ~ 20251027
2026-09-10 19:26:49    049770    14건 · 20260609 ~ 20250916
2026-09-10 19:26:50    049800    28건 · 20260909 ~ 20250921
2026-09-10 19:26:51    049830  뉴스 없음
2026-09-10 19:26:52    049950    34건 · 20260903 ~ 20251021
2026-09-10 19:26:54    049960    72건 · 20260901 ~ 20250909
2026-09-10 19:26:54    050050  뉴스 없음
2026-09-10 19:26:56    050090    36건 · 20260910 ~ 20251017
2026-09-10 19:26:57    050110    63건 · 20260825 ~ 20250929
2026-09-10 19:26:58    050120     5건 · 20260612 ~ 20260106
2026-09-10 19:26:59    050320  뉴스 없음
2026-09-10 19:27:00    050470  뉴스 없음
2026-09-10 19:27:01    050540    11건 · 20260902 ~ 20251111
2026-09-10 19:27:01    050640  뉴스 없음
2026-09-10 19:27:02    050760    30건 · 20260908 ~ 20260223
2026-09-10 19:27:04    050860    25건 · 20260903 ~ 20250912
2026-09-10 19:27:05    050890   129건 · 20260901 ~ 20250918
2026-09-10 19:27:07    050960    48건 · 20260903 ~ 20250909
2026-09-10 19:27:08    051160    45건 · 20260903 ~ 20250910
2026-09-10 19:27:09    051170  뉴스 없음
2026-09-10 19:27:10    051310     5건 · 20260522 ~ 20251129
2026-09-10 19:27:12    051360    63건 · 20260820 ~ 20250908
2026-09-10 19:27:13    051370    20건 · 20260903 ~ 20251021
2026-09-10 19:27:14    051380    14건 · 20260824 ~ 20250919
2026-09-10 19:27:15    051390     2건 · 20260402 ~ 20260311
2026-09-10 19:27:16    051490     1건 · 20260210 ~ 20260210
2026-09-10 19:27:17    051500   210건 · 20260909 ~ 20260331
2026-09-10 19:27:19    051630    38건 · 20260903 ~ 20251017
2026-09-10 19:27:19    051710  뉴스 없음
2026-09-10 19:27:21    051780    60건 · 20260901 ~ 20250917
2026-09-10 19:27:22    051820  뉴스 없음
2026-09-10 19:27:23    051905     3건 · 20260730 ~ 20260223
2026-09-10 19:27:24    051980    73건 · 20260910 ~ 20250919
2026-09-10 19:27:26    052020    61건 · 20260909 ~ 20250907
2026-09-10 19:27:27    052190     2건 · 20260512 ~ 20260511
2026-09-10 19:27:28    052220     9건 · 20260904 ~ 20251014
2026-09-10 19:27:29    052260    64건 · 20260907 ~ 20250916
2026-09-10 19:27:30    052270  뉴스 없음
2026-09-10 19:27:30    052290  뉴스 없음
2026-09-10 19:27:32    052300    26건 · 20260819 ~ 20250918
2026-09-10 19:27:33    052330     9건 · 20260508 ~ 20251021
2026-09-10 19:27:33    052350  뉴스 없음
2026-09-10 19:27:35    052400   149건 · 20260909 ~ 20250909
2026-09-10 19:27:36    052420    70건 · 20260910 ~ 20250903
2026-09-10 19:27:38    052460    51건 · 20260901 ~ 20251110
2026-09-10 19:27:39    052600     2건 · 20260404 ~ 20251119
2026-09-10 19:27:40    052650  뉴스 없음
2026-09-10 19:27:41    052670    20건 · 20260427 ~ 20260112
2026-09-10 19:27:42    052710    74건 · 20260909 ~ 20250908
2026-09-10 19:27:44    052770    86건 · 20260814 ~ 20250908
2026-09-10 19:27:46    052790    91건 · 20260908 ~ 20250920
2026-09-10 19:27:47    052860    20건 · 20260827 ~ 20251110
2026-09-10 19:27:48    052900    29건 · 20260820 ~ 20251002
2026-09-10 19:27:50    053030    79건 · 20260907 ~ 20250907
2026-09-10 19:27:51    053050    40건 · 20260907 ~ 20260121
2026-09-10 19:27:52    053080    17건 · 20260906 ~ 20250922
2026-09-10 19:27:53    053110  뉴스 없음
2026-09-10 19:27:54    053160    15건 · 20260616 ~ 20251229
2026-09-10 19:27:55    053210   206건 · 20260909 ~ 20251204
2026-09-10 19:27:57    053260    31건 · 20260908 ~ 20250925
2026-09-10 19:27:58    053270    25건 · 20260817 ~ 20251028
2026-09-10 19:28:00    053280   205건 · 20260909 ~ 20260210
2026-09-10 19:28:01    053290    44건 · 20260908 ~ 20250909
2026-09-10 19:28:03    053300    66건 · 20260820 ~ 20250911
2026-09-10 19:28:04    053320  뉴스 없음
2026-09-10 19:28:04    053330  뉴스 없음
2026-09-10 19:28:06    053350    60건 · 20260826 ~ 20250910
2026-09-10 19:28:07    053450    20건 · 20260819 ~ 20250911
2026-09-10 19:28:09    053580   198건 · 20260901 ~ 20250910
2026-09-10 19:28:09    053590  뉴스 없음
2026-09-10 19:28:10    053610    20건 · 20260709 ~ 20250914
2026-09-10 19:28:11    053620     2건 · 20260129 ~ 20250917
2026-09-10 19:28:12    053660  뉴스 없음
2026-09-10 19:28:14    053690   201건 · 20260907 ~ 20251123
2026-09-10 19:28:15    053700   114건 · 20260909 ~ 20250908
2026-09-10 19:28:16    053740  뉴스 없음
2026-09-10 19:28:17    053800   213건 · 20260910 ~ 20260212
2026-09-10 19:28:18    053810  뉴스 없음
2026-09-10 19:28:19    053950   100건 · 20260904 ~ 20250908
2026-09-10 19:28:20    053980     6건 · 20260330 ~ 20260203
2026-09-10 19:28:21    054010  뉴스 없음
2026-09-10 19:28:22    054040     1건 · 20250912 ~ 20250912
2026-09-10 19:28:23    054050    58건 · 20260831 ~ 20250909
2026-09-10 19:28:25    054090    27건 · 20260826 ~ 20260212
2026-09-10 19:28:25    054120  뉴스 없음
2026-09-10 19:28:27    054180    30건 · 20260814 ~ 20250923
2026-09-10 19:28:28    054210    20건 · 20260804 ~ 20250916
2026-09-10 19:28:30    054220    37건 · 20260907 ~ 20251009
2026-09-10 19:28:31    054300    37건 · 20260910 ~ 20250922
2026-09-10 19:28:32    054340  뉴스 없음
2026-09-10 19:28:33    054410    11건 · 20260806 ~ 20251117
2026-09-10 19:28:34    054450    85건 · 20260908 ~ 20250911
2026-09-10 19:28:36    054540    76건 · 20260907 ~ 20250904
2026-09-10 19:28:38    054620    35건 · 20260807 ~ 20250909
2026-09-10 19:28:39    054630     6건 · 20260517 ~ 20251218
2026-09-10 19:28:40    054670    14건 · 20260720 ~ 20250908
2026-09-10 19:28:41    054780    53건 · 20260812 ~ 20250919
2026-09-10 19:28:42    054800     3건 · 20260421 ~ 20260213
2026-09-10 19:28:44    054920   166건 · 20260908 ~ 20250908
2026-09-10 19:28:45    054930    20건 · 20260826 ~ 20250910
2026-09-10 19:28:47    054940    40건 · 20260831 ~ 20250923
2026-09-10 19:28:48    054950    73건 · 20260907 ~ 20250917
2026-09-10 19:28:49    055250  뉴스 없음
2026-09-10 19:28:50    055490    20건 · 20260901 ~ 20251103
2026-09-10 19:28:51    056000  뉴스 없음
2026-09-10 19:28:51    056010  뉴스 없음
2026-09-10 19:28:53    056080   125건 · 20260903 ~ 20250909
2026-09-10 19:28:54    056090    83건 · 20260908 ~ 20250911
2026-09-10 19:28:55    056200  뉴스 없음
2026-09-10 19:28:56    056340  뉴스 없음
2026-09-10 19:28:57    056360    41건 · 20260903 ~ 20250907
2026-09-10 19:28:58    056700  뉴스 없음
2026-09-10 19:28:58    056710  뉴스 없음
2026-09-10 19:28:59    056730     5건 · 20260708 ~ 20251211
2026-09-10 19:29:00    056810  뉴스 없음
2026-09-10 19:29:01    057030    38건 · 20260821 ~ 20250912
2026-09-10 19:29:02    057500  뉴스 없음
2026-09-10 19:29:03    057540    27건 · 20260813 ~ 20251105
2026-09-10 19:29:05    057680    56건 · 20260908 ~ 20250916
2026-09-10 19:29:06    057880    11건 · 20260622 ~ 20251001
2026-09-10 19:29:07    058110    16건 · 20260907 ~ 20251104
2026-09-10 19:29:07    058220  뉴스 없음
2026-09-10 19:29:08    058370  뉴스 없음
2026-09-10 19:29:09    058400    19건 · 20260722 ~ 20250910
2026-09-10 19:29:09    058420  뉴스 없음
2026-09-10 19:29:11    058430    89건 · 20260904 ~ 20250903
2026-09-10 19:29:13    058450    42건 · 20260820 ~ 20250923
2026-09-10 19:29:14    058470   302건 · 20260910 ~ 20260821
2026-09-10 19:29:15    058530  뉴스 없음
2026-09-10 19:29:16    058610   201건 · 20260908 ~ 20251222
2026-09-10 19:29:18    058630   149건 · 20260910 ~ 20250909
2026-09-10 19:29:19    058650    81건 · 20260821 ~ 20250918
2026-09-10 19:29:21    058730    59건 · 20260907 ~ 20250916
2026-09-10 19:29:23    058820    86건 · 20260903 ~ 20250911
2026-09-10 19:29:24    058850    74건 · 20260909 ~ 20250909
2026-09-10 19:29:26    058860    21건 · 20260826 ~ 20251124
2026-09-10 19:29:27    058970    69건 · 20260909 ~ 20250907
2026-09-10 19:29:29    059090    75건 · 20260910 ~ 20250915
2026-09-10 19:29:30    059100    19건 · 20260908 ~ 20260204
2026-09-10 19:29:31    059120    23건 · 20260814 ~ 20251128
2026-09-10 19:29:32    059210    64건 · 20260909 ~ 20250908
2026-09-10 19:29:34    059270    56건 · 20260907 ~ 20250915
2026-09-10 19:29:35    060150    15건 · 20260626 ~ 20251030
2026-09-10 19:29:37    060230    82건 · 20260826 ~ 20250912
2026-09-10 19:29:38    060240    26건 · 20260723 ~ 20250917
2026-09-10 19:29:39    060250   101건 · 20260904 ~ 20250916
2026-09-10 19:29:41    060260    42건 · 20260908 ~ 20260106
2026-09-10 19:29:43    060280    84건 · 20260908 ~ 20250912
2026-09-10 19:29:44    060300     1건 · 20260601 ~ 20260601
2026-09-10 19:29:44    060310     3건 · 20260527 ~ 20251215
2026-09-10 19:29:46    060370   213건 · 20260910 ~ 20251114
2026-09-10 19:29:47    060380     8건 · 20260220 ~ 20250911
2026-09-10 19:29:48    060480    22건 · 20260828 ~ 20260330
2026-09-10 19:29:49    060540     8건 · 20260601 ~ 20250911
2026-09-10 19:29:50    060560     8건 · 20260820 ~ 20251002
2026-09-10 19:29:52    060570   154건 · 20260910 ~ 20250903
2026-09-10 19:29:53    060590    36건 · 20260826 ~ 20250923
2026-09-10 19:29:55    060720    52건 · 20260909 ~ 20250908
2026-09-10 19:29:55    060750  뉴스 없음
2026-09-10 19:29:57    060850   189건 · 20260907 ~ 20250911
2026-09-10 19:29:59    060900   207건 · 20260910 ~ 20260506
2026-09-10 19:30:00    061040    40건 · 20260903 ~ 20250910
2026-09-10 19:30:01    061050  뉴스 없음
2026-09-10 19:30:02    061090   200건 · 20260905 ~ 20251001
2026-09-10 19:30:03    061140  뉴스 없음
2026-09-10 19:30:04    061250    29건 · 20260819 ~ 20250908
2026-09-10 19:30:05    061460  뉴스 없음
2026-09-10 19:30:06    061970    49건 · 20260910 ~ 20250918
2026-09-10 19:30:07    062860     1건 · 20260331 ~ 20260331
2026-09-10 19:30:09    062970   165건 · 20260910 ~ 20250915
2026-09-10 19:30:10    063080   208건 · 20260910 ~ 20260528
2026-09-10 19:30:12    063160    72건 · 20260831 ~ 20250909
2026-09-10 19:30:14    063170    74건 · 20260909 ~ 20250918
2026-09-10 19:30:15    063440    19건 · 20260804 ~ 20251104
2026-09-10 19:30:16    063570    25건 · 20260803 ~ 20251019
2026-09-10 19:30:17    063760     5건 · 20260508 ~ 20251117
2026-09-10 19:30:18    064090    57건 · 20260703 ~ 20250911
2026-09-10 19:30:19    064240    17건 · 20260730 ~ 20251117
2026-09-10 19:30:21    064260   183건 · 20260904 ~ 20250908
2026-09-10 19:30:23    064290    66건 · 20260909 ~ 20250919
2026-09-10 19:30:24    064480    11건 · 20260611 ~ 20260126
2026-09-10 19:30:24    064510  뉴스 없음
2026-09-10 19:30:25    064520     5건 · 20260810 ~ 20251202
2026-09-10 19:30:27    064550   141건 · 20260910 ~ 20250911
2026-09-10 19:30:28    064760    35건 · 20260907 ~ 20250912
2026-09-10 19:30:29    064800    56건 · 20260909 ~ 20250921
2026-09-10 19:30:31    064820    42건 · 20260819 ~ 20250904
2026-09-10 19:30:33    064850   233건 · 20260910 ~ 20260811
2026-09-10 19:30:34    065060    12건 · 20260901 ~ 20250917
2026-09-10 19:30:35    065130    45건 · 20260827 ~ 20250907
2026-09-10 19:30:36    065150     8건 · 20260602 ~ 20251019
2026-09-10 19:30:37    065160  뉴스 없음
2026-09-10 19:30:38    065170    90건 · 20260814 ~ 20251020
2026-09-10 19:30:39    065270  뉴스 없음
2026-09-10 19:30:40    065350    53건 · 20260805 ~ 20250919
2026-09-10 19:30:42    065370    80건 · 20260909 ~ 20250908
2026-09-10 19:30:43    065420    33건 · 20260727 ~ 20251029
2026-09-10 19:30:45    065440    41건 · 20260909 ~ 20250908
2026-09-10 19:30:46    065450    48건 · 20260724 ~ 20250912
2026-09-10 19:30:48    065500    22건 · 20260901 ~ 20250908
2026-09-10 19:30:49    065510    41건 · 20260714 ~ 20250910
2026-09-10 19:30:50    065530    12건 · 20260824 ~ 20250922
2026-09-10 19:30:51    065560  뉴스 없음
2026-09-10 19:30:52    065570    35건 · 20260810 ~ 20250924
2026-09-10 19:30:53    065610  뉴스 없음
2026-09-10 19:30:54    065620  뉴스 없음
2026-09-10 19:30:55    065650    50건 · 20260827 ~ 20250915
2026-09-10 19:30:57    065660    41건 · 20260721 ~ 20251026
2026-09-10 19:30:58    065680     4건 · 20260528 ~ 20251117
2026-09-10 19:30:59    065690    13건 · 20260903 ~ 20251204
2026-09-10 19:31:00    065710     8건 · 20260812 ~ 20250912
2026-09-10 19:31:01    065770    37건 · 20260821 ~ 20251001
2026-09-10 19:31:01    065940  뉴스 없음
2026-09-10 19:31:03    065950    39건 · 20260903 ~ 20250919
2026-09-10 19:31:04    066060  뉴스 없음
2026-09-10 19:31:04    066110  뉴스 없음
2026-09-10 19:31:06    066130    48건 · 20260908 ~ 20250911
2026-09-10 19:31:06    066270  뉴스 없음
2026-09-10 19:31:08    066310    24건 · 20260708 ~ 20260119
2026-09-10 19:31:08    066340  뉴스 없음
2026-09-10 19:31:09    066350  뉴스 없음
2026-09-10 19:31:10    066360    38건 · 20260813 ~ 20251031
2026-09-10 19:31:12    066410    42건 · 20260825 ~ 20251015
2026-09-10 19:31:14    066430    76건 · 20260910 ~ 20250909
2026-09-10 19:31:15    066590    21건 · 20260908 ~ 20250917
2026-09-10 20:41:05    ⭐ **후보 종목만** 받는다 — 41종목 (forward-log 누적)
2026-09-10 20:41:05  ===== 종목뉴스 수집 (네이버 금융) · 41종목 · 최대 3쪽 =====
2026-09-10 20:41:07    001780    45건 · 20260723 ~ 20250910
2026-09-10 20:41:09    002460   181건 · 20260909 ~ 20250908
2026-09-10 20:41:10    004060    44건 · 20260414 ~ 20251010
2026-09-10 20:41:11    007860    11건 · 20260909 ~ 20251016
2026-09-10 20:41:13    016880    97건 · 20260903 ~ 20250908
2026-09-10 20:41:14    021080   202건 · 20260908 ~ 20251113
2026-09-10 20:41:16    025950    89건 · 20260812 ~ 20250908
2026-09-10 20:41:17    037030    19건 · 20260708 ~ 20251001
2026-09-10 20:41:18    038540   129건 · 20260909 ~ 20250908
2026-09-10 20:41:20    041920   137건 · 20260910 ~ 20250908
2026-09-10 20:41:21    042110    28건 · 20260828 ~ 20251014
2026-09-10 20:41:23    044340   200건 · 20260831 ~ 20251002
2026-09-10 20:41:24    051160    45건 · 20260903 ~ 20250910
2026-09-10 20:41:26    052460    51건 · 20260901 ~ 20251110
2026-09-10 20:41:27    054920   166건 · 20260908 ~ 20250908
2026-09-10 20:41:29    056360    41건 · 20260903 ~ 20250907
2026-09-10 20:41:30    058630   149건 · 20260910 ~ 20250909
2026-09-10 20:41:32    068790    53건 · 20260908 ~ 20250911
2026-09-10 20:41:34    079960    41건 · 20260808 ~ 20250916
2026-09-10 20:41:35    083500    34건 · 20260908 ~ 20250925
2026-09-10 20:41:36    092070    10건 · 20260818 ~ 20250922
2026-09-10 20:41:37    094840    25건 · 20260819 ~ 20250922
2026-09-10 20:41:38    094970     4건 · 20260820 ~ 20260226
2026-09-10 20:41:40    101170    45건 · 20260707 ~ 20251010
2026-09-10 20:41:41    106190     6건 · 20260427 ~ 20260320
2026-09-10 20:41:41    126880    14건 · 20260826 ~ 20251001
2026-09-10 20:41:43    138360   117건 · 20260824 ~ 20250919
2026-09-10 20:41:45    187870   315건 · 20260910 ~ 20260901
2026-09-10 20:41:46    194700    69건 · 20260909 ~ 20250912
2026-09-10 20:41:48    214420   205건 · 20260910 ~ 20251024
2026-09-10 20:41:49    240550    23건 · 20260828 ~ 20250922
2026-09-10 20:41:50    260970    33건 · 20260722 ~ 20250917
2026-09-10 20:41:51    264850    23건 · 20260807 ~ 20250926
2026-09-10 20:41:53    307930   170건 · 20260909 ~ 20250903
2026-09-10 20:41:55    337930   204건 · 20260910 ~ 20251105
2026-09-10 20:41:56    339950    24건 · 20260903 ~ 20251114
2026-09-10 20:41:57    382480    47건 · 20260814 ~ 20251017
2026-09-10 20:41:59    417970    76건 · 20260824 ~ 20250904
2026-09-10 20:42:01    418470   206건 · 20260910 ~ 20260317
2026-09-10 20:42:02    420570    30건 · 20260902 ~ 20250912
2026-09-10 20:42:03    475430    28건 · 20260626 ~ 20250930
2026-09-10 20:42:03    끝 · 받음 41 · 빈 것 0
2026-09-11 19:21:50  ===== 종목뉴스 수집 (네이버 금융) · 124종목 · 최대 30쪽 =====
2026-09-11 19:21:50    끝 · 받음 0 · 빈 것 0
2026-09-11 19:22:40    ⭐ **후보 종목만** 받는다 — 56종목 (forward-log 누적)
2026-09-11 19:22:40  ===== 종목뉴스 수집 (네이버 금융) · 56종목 · 최대 3쪽 =====
2026-09-11 19:22:41    001520    89건 · 20260909 ~ 20250917
2026-09-11 19:22:43    001780    45건 · 20260723 ~ 20250910
2026-09-11 19:22:45    002460   182건 · 20260911 ~ 20250908
2026-09-11 19:22:46    004060    44건 · 20260414 ~ 20251010
2026-09-11 19:22:47    007860    11건 · 20260909 ~ 20251016
2026-09-11 19:22:49    016880    97건 · 20260903 ~ 20250908
2026-09-11 19:22:50    021080   203건 · 20260911 ~ 20251113
2026-09-11 19:22:51    025880     4건 · 20260714 ~ 20250925
2026-09-11 19:22:53    025950    89건 · 20260812 ~ 20250908
2026-09-11 19:22:54    032850    45건 · 20260909 ~ 20250928
2026-09-11 19:22:55    037030    19건 · 20260708 ~ 20251001
2026-09-11 19:22:57    038540   129건 · 20260909 ~ 20250908
2026-09-11 19:22:58    041920   137건 · 20260910 ~ 20250908
2026-09-11 19:23:00    042110    28건 · 20260828 ~ 20251014
2026-09-11 19:23:01    044340   200건 · 20260831 ~ 20251002
2026-09-11 19:23:02    044990    28건 · 20260824 ~ 20250929
2026-09-11 19:23:04    051160    50건 · 20260903 ~ 20250910
2026-09-11 19:23:06    052460    51건 · 20260901 ~ 20251110
2026-09-11 19:23:07    054920   173건 · 20260911 ~ 20250908
2026-09-11 19:23:09    056360    41건 · 20260903 ~ 20250907
2026-09-11 19:23:10    058630   149건 · 20260910 ~ 20250909
2026-09-11 19:23:12    068790    53건 · 20260908 ~ 20250911
2026-09-11 19:23:13    072950    21건 · 20260909 ~ 20251014
2026-09-11 19:23:15    079960    41건 · 20260808 ~ 20250916
2026-09-11 19:23:16    083500    34건 · 20260908 ~ 20250925
2026-09-11 19:23:18    092070    11건 · 20260911 ~ 20250922
2026-09-11 19:23:19    094840    25건 · 20260819 ~ 20250922
2026-09-11 19:23:20    094970     4건 · 20260820 ~ 20260226
2026-09-11 19:23:22    095270    48건 · 20260825 ~ 20250910
2026-09-11 19:23:24    099430   101건 · 20260911 ~ 20250905
2026-09-11 19:23:25    101170    45건 · 20260707 ~ 20251010
2026-09-11 19:23:26    106190     6건 · 20260427 ~ 20260320
2026-09-11 19:23:28    114840    75건 · 20260829 ~ 20250903
2026-09-11 19:23:29    123690   106건 · 20260910 ~ 20250910
2026-09-11 19:23:30    126880    14건 · 20260826 ~ 20251001
2026-09-11 19:23:32    138360   117건 · 20260824 ~ 20250919
2026-09-11 19:23:34    149980    54건 · 20260910 ~ 20251010
2026-09-11 19:23:35    187870   342건 · 20260911 ~ 20260901
2026-09-11 19:23:37    194700    69건 · 20260909 ~ 20250912
2026-09-11 19:23:38    214420   206건 · 20260910 ~ 20251024
2026-09-11 19:23:40    240550    23건 · 20260828 ~ 20250922
2026-09-11 19:23:41    260970    33건 · 20260722 ~ 20250917
2026-09-11 19:23:42    264850    23건 · 20260807 ~ 20250926
2026-09-11 19:23:44    307930   172건 · 20260911 ~ 20250903
2026-09-11 19:23:45    318160    18건 · 20260710 ~ 20250908
2026-09-11 19:23:46    337930   204건 · 20260910 ~ 20251105
2026-09-11 19:23:48    339950    24건 · 20260903 ~ 20251114
2026-09-11 19:23:49    382480    47건 · 20260814 ~ 20251017
2026-09-11 19:23:51    382800    33건 · 20260819 ~ 20250914
2026-09-11 19:23:52    417500    15건 · 20260910 ~ 20251229
2026-09-11 19:23:53    417970    76건 · 20260824 ~ 20250904
2026-09-11 19:23:55    418470   209건 · 20260911 ~ 20260317
2026-09-11 19:23:56    420570    30건 · 20260902 ~ 20250912
2026-09-11 19:23:58    450950    44건 · 20260901 ~ 20250917
2026-09-11 19:23:59    457370    13건 · 20260911 ~ 20250916
2026-09-11 19:24:00    475430    28건 · 20260626 ~ 20250930
2026-09-11 19:24:00    끝 · 받음 56 · 빈 것 0
